العميل,المتجر,المدينة,الشريحة,عدد الطلبات,إجمالي الإنفاق,آخر طلب,أيام من آخر طلب
محمد العتيبي,سموذ,الرياض,يحتاجون اهتمام,2,1172.0,2026-09-18,22
عبدالله الزهراني,سموذ,الرياض,يحتاجون اهتمام,2,1152.0,2026-09-12,28
ريم القحطاني,سموذ,الدمام,يحتاجون اهتمام,2,977.0,2026-10-05,5
منيرة المالكي,سموذ,الرياض,يحتاجون اهتمام,2,969.0,2026-10-01,9
فهد الرشيدي,سموذ,جدة,يحتاجون اهتمام,2,962.0,2026-08-26,45
محمد المالكي,سموذ,المدينة,يحتاجون اهتمام,2,930.0,2026-09-30,10
عبير الزهراني,سموذ,جدة,يحتاجون اهتمام,2,908.0,2026-09-24,16
بندر المطيري,سموذ,المدينة,يحتاجون اهتمام,2,899.0,2026-09-08,32
شهد العنزي,سموذ,جدة,يحتاجون اهتمام,2,895.0,2026-08-27,44
تركي الجهني,سموذ,الرياض,يحتاجون اهتمام,2,867.0,2026-09-14,26
جود المطيري,سموذ,الرياض,يحتاجون اهتمام,2,858.0,2026-08-30,41
ياسر العتيبي,سموذ,الرياض,يحتاجون اهتمام,1,857.0,2026-08-26,45
بندر الزهراني,سموذ,الخبر,يحتاجون اهتمام,2,839.0,2026-09-25,15
سارة الشهري,سموذ,المدينة,يحتاجون اهتمام,2,834.0,2026-09-28,12
هند القحطاني,سموذ,الدمام,يحتاجون اهتمام,2,812.0,2026-10-01,9
عبدالله الدوسري,سموذ,الرياض,يحتاجون اهتمام,2,805.0,2026-09-08,32
عبدالله القحطاني,سموذ,الرياض,يحتاجون اهتمام,2,791.0,2026-10-08,2
نايف القحطاني,سموذ,القصيم,يحتاجون اهتمام,2,788.0,2026-09-22,18
نورة الغامدي,سموذ,الدمام,يحتاجون اهتمام,1,772.0,2026-09-02,38
بندر المالكي,سموذ,الدمام,يحتاجون اهتمام,1,772.0,2026-08-08,63
بندر البقمي,سموذ,المدينة,يحتاجون اهتمام,2,763.0,2026-09-29,11
خالد المالكي,سموذ,أبها,يحتاجون اهتمام,2,760.0,2026-10-02,8
أمل الشمري,سموذ,جدة,يحتاجون اهتمام,2,759.0,2026-09-28,12
غادة الحربي,سموذ,الرياض,يحتاجون اهتمام,2,753.0,2026-09-29,11
جود الزهراني,سموذ,جدة,يحتاجون اهتمام,1,753.0,2026-08-24,47
منيرة الجهني,سموذ,جدة,يحتاجون اهتمام,2,749.0,2026-08-28,43
عبدالله الجهني,سموذ,الرياض,يحتاجون اهتمام,1,744.0,2026-06-24,108
بندر القحطاني,سموذ,الرياض,يحتاجون اهتمام,1,737.0,2026-08-26,45
سارة السالم,سموذ,المدينة,يحتاجون اهتمام,2,728.0,2026-09-10,30
فهد العتيبي,سموذ,الخبر,يحتاجون اهتمام,2,726.0,2026-09-24,16
جود الشهري,سموذ,الرياض,يحتاجون اهتمام,2,720.0,2026-09-13,27
محمد الجهني,سموذ,جدة,يحتاجون اهتمام,2,716.0,2026-09-23,17
لمى الغامدي,سموذ,جدة,يحتاجون اهتمام,1,715.0,2026-07-17,85
سارة القحطاني,سموذ,الخبر,يحتاجون اهتمام,2,712.0,2026-08-27,44
سارة الشمري,سموذ,جدة,يحتاجون اهتمام,1,712.0,2026-07-29,73
عبدالله الحربي,سموذ,المدينة,يحتاجون اهتمام,2,710.0,2026-09-07,33
محمد المطيري,سموذ,مكة,يحتاجون اهتمام,1,705.0,2026-09-05,35
جود البقمي,سموذ,الرياض,يحتاجون اهتمام,2,700.0,2026-09-11,29
شهد الشمري,سموذ,مكة,يحتاجون اهتمام,2,687.0,2026-09-05,35
فهد البقمي,سموذ,الدمام,يحتاجون اهتمام,2,683.0,2026-09-22,18
دانة الحربي,سموذ,جدة,يحتاجون اهتمام,2,678.0,2026-10-07,3
عبدالله القحطاني,سموذ,جدة,يحتاجون اهتمام,2,678.0,2026-09-19,21
تركي المطيري,سموذ,جدة,يحتاجون اهتمام,2,676.0,2026-08-26,45
تركي المطيري,سموذ,المدينة,يحتاجون اهتمام,1,668.0,2026-08-25,46
جود العتيبي,سموذ,الرياض,يحتاجون اهتمام,1,668.0,2026-06-20,112
ماجد العنزي,سموذ,القصيم,يحتاجون اهتمام,1,663.0,2026-07-22,80
خالد الحربي,سموذ,الرياض,يحتاجون اهتمام,2,659.0,2026-10-04,6
فهد المطيري,سموذ,الرياض,يحتاجون اهتمام,2,659.0,2026-09-08,32
نورة الحربي,سموذ,الرياض,يحتاجون اهتمام,2,651.0,2026-10-07,3
ياسر السالم,سموذ,جدة,يحتاجون اهتمام,2,650.0,2026-10-09,1
رهف الزهراني,سموذ,جدة,يحتاجون اهتمام,2,650.0,2026-09-10,30
شهد الرشيدي,سموذ,الرياض,يحتاجون اهتمام,1,650.0,2026-07-18,84
محمد الغامدي,سموذ,الرياض,يحتاجون اهتمام,2,649.0,2026-09-09,31
بندر السبيعي,سموذ,الرياض,يحتاجون اهتمام,2,648.0,2026-10-04,6
لمى العنزي,سموذ,المدينة,يحتاجون اهتمام,1,645.0,2026-09-02,38
خالد القحطاني,سموذ,الرياض,يحتاجون اهتمام,1,644.0,2026-08-06,65
ماجد الشهري,سموذ,الدمام,يحتاجون اهتمام,2,643.0,2026-09-24,16
دانة الغامدي,سموذ,الخبر,يحتاجون اهتمام,2,642.0,2026-09-07,33
رهف الرشيدي,سموذ,القصيم,يحتاجون اهتمام,2,635.0,2026-09-13,27
خالد الجهني,سموذ,الرياض,يحتاجون اهتمام,2,634.0,2026-09-27,13
نايف الرشيدي,سموذ,الرياض,يحتاجون اهتمام,2,633.0,2026-09-12,28
سلطان الشمري,سموذ,الدمام,يحتاجون اهتمام,1,633.0,2026-08-16,55
رهف العتيبي,سموذ,الرياض,يحتاجون اهتمام,2,630.0,2026-10-08,2
عبدالله القحطاني,سموذ,القصيم,يحتاجون اهتمام,2,630.0,2026-09-25,15
تركي المالكي,سموذ,جدة,يحتاجون اهتمام,2,624.0,2026-09-08,32
تركي الشمري,سموذ,الرياض,يحتاجون اهتمام,1,618.0,2026-09-09,31
ياسر الشهري,قلوريز,الدمام,يحتاجون اهتمام,2,617.0,2026-08-29,42
بندر القحطاني,سموذ,الرياض,يحتاجون اهتمام,2,616.0,2026-10-03,7
نايف الرشيدي,سموذ,المدينة,يحتاجون اهتمام,2,614.0,2026-09-11,29
جود الزهراني,سموذ,جدة,يحتاجون اهتمام,2,610.0,2026-10-08,2
ياسر السالم,سموذ,المدينة,يحتاجون اهتمام,1,610.0,2026-07-01,101
دانة الزهراني,سموذ,الرياض,يحتاجون اهتمام,2,605.0,2026-10-05,5
ماجد البقمي,سموذ,الرياض,يحتاجون اهتمام,2,605.0,2026-09-30,10
خالد البقمي,سموذ,الرياض,يحتاجون اهتمام,2,605.0,2026-08-28,43
عبير الشمري,سموذ,الرياض,يحتاجون اهتمام,1,605.0,2026-08-26,45
أمل البقمي,سموذ,مكة,يحتاجون اهتمام,2,604.0,2026-09-04,36
ياسر الزهراني,قلوريز,أبها,يحتاجون اهتمام,2,599.0,2026-08-31,40
جود المالكي,سموذ,جدة,يحتاجون اهتمام,1,599.0,2026-07-18,84
نورة الجهني,سموذ,الرياض,يحتاجون اهتمام,2,598.0,2026-10-09,1
نايف المالكي,سموذ,المدينة,يحتاجون اهتمام,1,596.0,2026-09-02,38
أمل الحربي,سموذ,الدمام,يحتاجون اهتمام,1,594.0,2026-07-10,92
عبير السالم,قلوريز,أبها,يحتاجون اهتمام,2,593.0,2026-09-27,13
تركي السبيعي,سموذ,الخبر,يحتاجون اهتمام,2,590.0,2026-10-10,0
ريم الشمري,سموذ,مكة,يحتاجون اهتمام,2,590.0,2026-10-04,6
تركي العتيبي,سموذ,جدة,يحتاجون اهتمام,1,590.0,2026-07-02,100
نورة السالم,سموذ,جدة,يحتاجون اهتمام,2,588.0,2026-09-16,24
لمى العتيبي,سموذ,مكة,يحتاجون اهتمام,1,587.0,2026-08-14,57
ريم الرشيدي,سموذ,الرياض,يحتاجون اهتمام,2,585.0,2026-10-08,2
أمل الشهري,سموذ,جدة,يحتاجون اهتمام,2,585.0,2026-09-02,38
ياسر الدوسري,سموذ,مكة,يحتاجون اهتمام,1,583.0,2026-07-14,88
نورة الحربي,سموذ,الدمام,يحتاجون اهتمام,2,581.0,2026-08-27,44
دانة الشهري,سموذ,مكة,يحتاجون اهتمام,2,580.0,2026-09-24,16
منيرة العنزي,سموذ,الرياض,يحتاجون اهتمام,2,580.0,2026-09-05,35
سلطان السبيعي,سموذ,المدينة,يحتاجون اهتمام,1,580.0,2026-07-27,75
سارة الجهني,سموذ,الخبر,يحتاجون اهتمام,2,579.0,2026-09-10,30
هند الدوسري,سموذ,الرياض,يحتاجون اهتمام,2,576.0,2026-10-08,2
سارة الغامدي,سموذ,أبها,يحتاجون اهتمام,2,574.0,2026-09-13,27
ماجد المالكي,سموذ,تبوك,يحتاجون اهتمام,2,573.0,2026-09-16,24
لمى البقمي,سموذ,الرياض,يحتاجون اهتمام,2,570.0,2026-08-28,43
هند الحربي,سموذ,أبها,يحتاجون اهتمام,1,567.0,2026-09-01,39
دانة الشهري,سموذ,جدة,يحتاجون اهتمام,1,567.0,2026-08-29,42
لمى المالكي,سموذ,جدة,يحتاجون اهتمام,2,564.0,2026-09-25,15
خالد الزهراني,سموذ,جدة,يحتاجون اهتمام,1,564.0,2026-08-09,62
غادة الرشيدي,سموذ,القصيم,يحتاجون اهتمام,1,564.0,2026-08-06,65
بندر المطيري,قلوريز,الرياض,يحتاجون اهتمام,2,563.0,2026-09-15,25
سارة المالكي,قلوريز,الرياض,يحتاجون اهتمام,2,562.0,2026-09-03,37
محمد الرشيدي,سموذ,الدمام,يحتاجون اهتمام,2,560.0,2026-09-04,36
خالد المالكي,سموذ,الرياض,يحتاجون اهتمام,1,560.0,2026-07-19,83
خالد المالكي,سموذ,المدينة,يحتاجون اهتمام,2,559.0,2026-09-11,29
رهف الشمري,سموذ,أبها,يحتاجون اهتمام,1,555.0,2026-08-12,59
فهد المالكي,سموذ,الرياض,يحتاجون اهتمام,1,555.0,2026-07-31,71
تركي الشمري,سموذ,مكة,يحتاجون اهتمام,2,554.0,2026-09-15,25
ياسر الدوسري,سموذ,الرياض,يحتاجون اهتمام,2,550.0,2026-09-26,14
هند المطيري,سموذ,الرياض,يحتاجون اهتمام,1,549.0,2026-07-15,87
بندر الغامدي,سموذ,الرياض,يحتاجون اهتمام,2,548.0,2026-09-29,11
دانة الحربي,سموذ,القصيم,يحتاجون اهتمام,2,548.0,2026-09-28,12
هند المطيري,سموذ,المدينة,يحتاجون اهتمام,1,548.0,2026-08-02,69
عبير الشمري,سموذ,الرياض,يحتاجون اهتمام,2,545.0,2026-10-09,1
هند الرشيدي,سموذ,الخبر,يحتاجون اهتمام,2,545.0,2026-09-24,16
رهف الرشيدي,سموذ,الخبر,يحتاجون اهتمام,2,545.0,2026-09-01,39
أمل القحطاني,سموذ,الخبر,يحتاجون اهتمام,2,545.0,2026-08-28,43
ماجد القحطاني,سموذ,أبها,يحتاجون اهتمام,2,540.0,2026-09-11,29
تركي الرشيدي,سموذ,الدمام,يحتاجون اهتمام,2,539.0,2026-10-02,8
سلطان الرشيدي,سموذ,الرياض,يحتاجون اهتمام,2,536.0,2026-10-10,0
سلطان الغامدي,سموذ,المدينة,يحتاجون اهتمام,1,535.0,2026-08-29,42
محمد المطيري,سموذ,الرياض,يحتاجون اهتمام,1,535.0,2026-07-23,79
عبدالله السالم,سموذ,مكة,يحتاجون اهتمام,1,534.0,2026-06-24,108
فهد الشمري,سموذ,مكة,يحتاجون اهتمام,1,530.0,2026-07-09,93
لمى الرشيدي,قلوريز,جدة,يحتاجون اهتمام,2,529.0,2026-09-12,28
فهد الرشيدي,قلوريز,الرياض,يحتاجون اهتمام,1,529.0,2026-08-11,60
غادة القحطاني,سموذ,المدينة,يحتاجون اهتمام,2,526.0,2026-09-27,13
ماجد المالكي,سموذ,مكة,يحتاجون اهتمام,2,525.0,2026-09-28,12
راكان السالم,سموذ,الرياض,يحتاجون اهتمام,2,525.0,2026-09-14,26
ياسر المالكي,سموذ,الرياض,يحتاجون اهتمام,1,524.0,2026-06-23,109
سارة القحطاني,سموذ,الخبر,يحتاجون اهتمام,2,523.0,2026-09-14,26
راكان العتيبي,سموذ,جدة,يحتاجون اهتمام,1,523.0,2026-07-03,99
دانة الغامدي,سموذ,الرياض,يحتاجون اهتمام,2,519.0,2026-09-03,37
هند السالم,سموذ,الرياض,يحتاجون اهتمام,2,517.0,2026-09-11,29
نايف الحربي,سموذ,المدينة,يحتاجون اهتمام,2,515.0,2026-09-11,29
غادة العتيبي,سموذ,الدمام,يحتاجون اهتمام,2,515.0,2026-08-31,40
سلطان القحطاني,سموذ,مكة,يحتاجون اهتمام,1,514.0,2026-08-22,49
جود الحربي,سموذ,جدة,يحتاجون اهتمام,1,514.0,2026-07-06,96
نايف المطيري,سموذ,المدينة,يحتاجون اهتمام,2,510.0,2026-10-01,9
سارة الجهني,سموذ,الرياض,يحتاجون اهتمام,1,510.0,2026-09-08,32
بندر المالكي,سموذ,مكة,يحتاجون اهتمام,1,510.0,2026-08-03,68
دانة الجهني,سموذ,جدة,يحتاجون اهتمام,1,510.0,2026-06-26,106
ماجد الدوسري,سموذ,مكة,يحتاجون اهتمام,1,510.0,2026-06-21,111
بندر المالكي,سموذ,القصيم,يحتاجون اهتمام,1,509.0,2026-07-10,92
بندر العنزي,قلوريز,الرياض,يحتاجون اهتمام,2,505.0,2026-09-15,25
دانة الدوسري,سموذ,الرياض,يحتاجون اهتمام,1,505.0,2026-08-01,70
سلطان البقمي,سموذ,الرياض,يحتاجون اهتمام,2,504.0,2026-09-15,25
هند القحطاني,سموذ,أبها,يحتاجون اهتمام,1,504.0,2026-09-03,37
نايف الحربي,سموذ,جدة,يحتاجون اهتمام,1,504.0,2026-08-11,60
محمد الغامدي,سموذ,المدينة,يحتاجون اهتمام,2,498.0,2026-09-30,10
سارة العتيبي,قلوريز,الخبر,يحتاجون اهتمام,2,496.0,2026-08-30,41
ماجد الغامدي,سموذ,أبها,يحتاجون اهتمام,2,495.0,2026-10-03,7
نورة الشمري,سموذ,جدة,يحتاجون اهتمام,2,494.0,2026-10-04,6
شهد الرشيدي,سموذ,الرياض,يحتاجون اهتمام,2,491.0,2026-08-27,44
دانة الدوسري,سموذ,الخبر,يحتاجون اهتمام,1,490.0,2026-07-26,76
منيرة المطيري,سموذ,الرياض,يحتاجون اهتمام,2,486.0,2026-08-31,40
نايف الدوسري,سموذ,الرياض,يحتاجون اهتمام,1,486.0,2026-07-01,101
رهف الشمري,قلوريز,الرياض,يحتاجون اهتمام,2,485.0,2026-09-28,12
نايف الشمري,سموذ,الدمام,يحتاجون اهتمام,1,485.0,2026-09-04,36
شهد المالكي,سموذ,الرياض,يحتاجون اهتمام,1,485.0,2026-08-22,49
محمد البقمي,سموذ,أبها,يحتاجون اهتمام,2,480.0,2026-09-28,12
ماجد الحربي,سموذ,أبها,يحتاجون اهتمام,2,480.0,2026-09-16,24
شهد الشهري,قلوريز,المدينة,يحتاجون اهتمام,2,480.0,2026-09-10,30
عبدالله المطيري,سموذ,مكة,يحتاجون اهتمام,1,480.0,2026-06-14,118
خالد البقمي,سموذ,الرياض,يحتاجون اهتمام,1,479.0,2026-07-24,78
سارة الحربي,قلوريز,الرياض,يحتاجون اهتمام,2,478.0,2026-10-03,7
أمل البقمي,سموذ,الرياض,يحتاجون اهتمام,2,476.0,2026-09-13,27
تركي السبيعي,قلوريز,تبوك,يحتاجون اهتمام,2,476.0,2026-09-05,35
عبير البقمي,قلوريز,أبها,يحتاجون اهتمام,1,474.0,2026-09-05,35
غادة العتيبي,سموذ,الرياض,يحتاجون اهتمام,2,471.0,2026-09-02,38
أمل الرشيدي,سموذ,الرياض,يحتاجون اهتمام,1,471.0,2026-06-16,116
خالد الرشيدي,سموذ,أبها,يحتاجون اهتمام,2,470.0,2026-10-01,9
رهف الزهراني,سموذ,المدينة,يحتاجون اهتمام,2,470.0,2026-09-19,21
عبدالله الزهراني,سموذ,الرياض,يحتاجون اهتمام,1,470.0,2026-08-28,43
منيرة البقمي,قلوريز,الرياض,يحتاجون اهتمام,1,470.0,2026-07-01,101
راكان الزهراني,سموذ,أبها,يحتاجون اهتمام,2,468.0,2026-09-19,21
ريم العتيبي,سموذ,الرياض,يحتاجون اهتمام,1,468.0,2026-07-02,100
هند العنزي,سموذ,الرياض,يحتاجون اهتمام,2,465.0,2026-10-08,2
دانة البقمي,قلوريز,جدة,يحتاجون اهتمام,1,464.0,2026-06-14,118
بندر الدوسري,سموذ,الرياض,يحتاجون اهتمام,1,460.0,2026-08-10,61
خالد الشمري,قلوريز,الخبر,يحتاجون اهتمام,2,458.0,2026-09-14,26
ماجد الشمري,سموذ,المدينة,يحتاجون اهتمام,2,456.0,2026-09-26,14
هند المطيري,سموذ,المدينة,يحتاجون اهتمام,1,455.0,2026-09-01,39
ريم العتيبي,سموذ,جدة,يحتاجون اهتمام,1,454.0,2026-08-10,61
راكان الرشيدي,سموذ,تبوك,يحتاجون اهتمام,1,454.0,2026-07-25,77
منيرة المالكي,سموذ,الرياض,يحتاجون اهتمام,1,454.0,2026-06-27,105
فهد الحربي,سموذ,الخبر,يحتاجون اهتمام,2,451.0,2026-09-07,33
بندر المالكي,سموذ,أبها,يحتاجون اهتمام,2,450.0,2026-10-02,8
شهد الجهني,سموذ,أبها,يحتاجون اهتمام,2,447.0,2026-10-06,4
عبدالله العنزي,سموذ,مكة,يحتاجون اهتمام,2,446.0,2026-09-06,34
خالد الحربي,سموذ,القصيم,يحتاجون اهتمام,1,445.0,2026-06-20,112
نورة البقمي,قلوريز,جدة,يحتاجون اهتمام,2,444.0,2026-10-01,9
جود البقمي,سموذ,جدة,يحتاجون اهتمام,2,444.0,2026-09-10,30
شهد العتيبي,سموذ,جدة,يحتاجون اهتمام,1,444.0,2026-07-05,97
عبير الحربي,سموذ,الخبر,يحتاجون اهتمام,2,443.0,2026-09-12,28
خالد القحطاني,سموذ,جدة,يحتاجون اهتمام,2,441.0,2026-09-03,37
هند الزهراني,قلوريز,الخبر,يحتاجون اهتمام,2,436.0,2026-09-16,24
نايف الشمري,سموذ,جدة,يحتاجون اهتمام,2,435.0,2026-09-30,10
دانة الرشيدي,سموذ,الرياض,يحتاجون اهتمام,2,435.0,2026-08-29,42
دانة المطيري,سموذ,جدة,يحتاجون اهتمام,1,435.0,2026-07-29,73
غادة الزهراني,سموذ,الرياض,يحتاجون اهتمام,1,435.0,2026-07-20,82
منيرة الجهني,سموذ,المدينة,يحتاجون اهتمام,1,435.0,2026-07-18,84
بندر الزهراني,سموذ,الدمام,يحتاجون اهتمام,1,434.0,2026-09-02,38
سلطان العنزي,قلوريز,مكة,يحتاجون اهتمام,1,434.0,2026-08-07,64
ياسر السبيعي,سموذ,المدينة,يحتاجون اهتمام,1,434.0,2026-07-12,90
ياسر السبيعي,سموذ,تبوك,يحتاجون اهتمام,2,433.0,2026-08-29,42
ريم الدوسري,سموذ,الدمام,يحتاجون اهتمام,2,430.0,2026-10-09,1
بندر البقمي,قلوريز,الرياض,يحتاجون اهتمام,2,429.0,2026-10-05,5
عبدالله العتيبي,سموذ,القصيم,يحتاجون اهتمام,1,429.0,2026-08-22,49
محمد الحربي,سموذ,الرياض,يحتاجون اهتمام,2,426.0,2026-09-22,18
رهف القحطاني,سموذ,مكة,يحتاجون اهتمام,2,426.0,2026-09-05,35
هند العنزي,سموذ,القصيم,يحتاجون اهتمام,1,419.0,2026-09-01,39
فهد الدوسري,سموذ,جدة,يحتاجون اهتمام,1,419.0,2026-08-22,49
راكان العتيبي,قلوريز,الرياض,يحتاجون اهتمام,1,419.0,2026-08-07,64
شهد الجهني,سموذ,الرياض,يحتاجون اهتمام,1,419.0,2026-08-04,67
شهد المالكي,سموذ,جدة,يحتاجون اهتمام,1,419.0,2026-07-21,81
عبدالله العنزي,قلوريز,الرياض,يحتاجون اهتمام,1,419.0,2026-07-13,89
دانة المطيري,قلوريز,مكة,يحتاجون اهتمام,2,418.0,2026-09-10,30
سلطان الدوسري,سموذ,القصيم,يحتاجون اهتمام,1,418.0,2026-08-27,44
منيرة الرشيدي,قلوريز,أبها,يحتاجون اهتمام,2,415.0,2026-10-02,8
عبير الزهراني,سموذ,المدينة,يحتاجون اهتمام,2,415.0,2026-09-23,17
بندر الغامدي,سموذ,الدمام,يحتاجون اهتمام,2,415.0,2026-08-29,42
منيرة الزهراني,قلوريز,الرياض,يحتاجون اهتمام,2,414.0,2026-09-02,38
لمى السبيعي,سموذ,المدينة,يحتاجون اهتمام,2,413.0,2026-09-05,35
رهف الغامدي,قلوريز,تبوك,يحتاجون اهتمام,2,412.0,2026-09-13,27
هند السبيعي,سموذ,مكة,يحتاجون اهتمام,2,411.0,2026-09-20,20
سارة الحربي,سموذ,الرياض,يحتاجون اهتمام,2,410.0,2026-09-30,10
خالد الغامدي,سموذ,أبها,يحتاجون اهتمام,2,410.0,2026-09-25,15
فهد الغامدي,سموذ,أبها,يحتاجون اهتمام,2,410.0,2026-09-17,23
ياسر العتيبي,سموذ,القصيم,يحتاجون اهتمام,1,410.0,2026-06-28,104
رهف السالم,قلوريز,جدة,يحتاجون اهتمام,2,409.0,2026-09-12,28
سلطان الزهراني,قلوريز,جدة,يحتاجون اهتمام,2,409.0,2026-09-07,33
ماجد الجهني,قلوريز,أبها,يحتاجون اهتمام,1,409.0,2026-08-27,44
هند الحربي,قلوريز,تبوك,يحتاجون اهتمام,1,409.0,2026-06-23,109
نايف القحطاني,سموذ,جدة,يحتاجون اهتمام,1,409.0,2026-06-19,113
بندر الدوسري,قلوريز,جدة,يحتاجون اهتمام,2,407.0,2026-09-09,31
جود الحربي,سموذ,الرياض,يحتاجون اهتمام,1,407.0,2026-06-18,114
نايف القحطاني,سموذ,مكة,يحتاجون اهتمام,1,405.0,2026-08-09,62
شهد المطيري,قلوريز,الرياض,يحتاجون اهتمام,1,405.0,2026-07-29,73
ماجد الحربي,سموذ,جدة,يحتاجون اهتمام,1,404.0,2026-08-12,59
راكان الغامدي,سموذ,الدمام,يحتاجون اهتمام,1,404.0,2026-06-19,113
ياسر الغامدي,سموذ,الرياض,يحتاجون اهتمام,2,403.0,2026-10-08,2
محمد المالكي,سموذ,الرياض,يحتاجون اهتمام,2,403.0,2026-08-31,40
ريم القحطاني,سموذ,الرياض,يحتاجون اهتمام,2,400.0,2026-09-14,26
دانة المطيري,سموذ,الرياض,يحتاجون اهتمام,2,400.0,2026-09-09,31
رهف الحربي,قلوريز,الرياض,يحتاجون اهتمام,1,399.0,2026-09-07,33
سارة البقمي,قلوريز,الرياض,يحتاجون اهتمام,1,399.0,2026-09-04,36
خالد الشمري,سموذ,الرياض,يحتاجون اهتمام,2,398.0,2026-09-10,30
نايف السالم,سموذ,جدة,يحتاجون اهتمام,2,398.0,2026-08-29,42
سارة العنزي,قلوريز,الدمام,يحتاجون اهتمام,2,395.0,2026-09-23,17
جود الدوسري,سموذ,تبوك,يحتاجون اهتمام,1,395.0,2026-08-20,51
ماجد الشهري,قلوريز,الدمام,يحتاجون اهتمام,1,395.0,2026-06-28,104
تركي المطيري,سموذ,المدينة,يحتاجون اهتمام,2,393.0,2026-10-08,2
منيرة الزهراني,قلوريز,أبها,يحتاجون اهتمام,1,393.0,2026-07-15,87
عبير العنزي,سموذ,الرياض,يحتاجون اهتمام,2,392.0,2026-09-29,11
نورة القحطاني,سموذ,جدة,يحتاجون اهتمام,2,392.0,2026-09-25,15
ياسر الدوسري,سموذ,مكة,يحتاجون اهتمام,2,390.0,2026-09-15,25
نورة الشمري,سموذ,الرياض,يحتاجون اهتمام,2,390.0,2026-09-12,28
ماجد الحربي,سموذ,الرياض,يحتاجون اهتمام,1,390.0,2026-07-30,72
عبدالله البقمي,قلوريز,مكة,يحتاجون اهتمام,2,387.0,2026-09-28,12
سلطان السبيعي,سموذ,الرياض,يحتاجون اهتمام,1,385.0,2026-09-03,37
ياسر الغامدي,قلوريز,المدينة,يحتاجون اهتمام,1,385.0,2026-08-26,45
نايف السبيعي,سموذ,القصيم,يحتاجون اهتمام,1,385.0,2026-08-20,51
عبدالله الشهري,سموذ,الرياض,يحتاجون اهتمام,1,385.0,2026-08-15,56
بندر المطيري,سموذ,الرياض,يحتاجون اهتمام,1,385.0,2026-07-31,71
محمد القحطاني,سموذ,مكة,يحتاجون اهتمام,1,385.0,2026-07-04,98
سارة الشهري,سموذ,مكة,يحتاجون اهتمام,1,385.0,2026-06-30,102
عبير الجهني,سموذ,جدة,يحتاجون اهتمام,1,385.0,2026-06-13,119
بندر السبيعي,سموذ,أبها,يحتاجون اهتمام,2,384.0,2026-10-09,1
ماجد المالكي,سموذ,الرياض,يحتاجون اهتمام,2,384.0,2026-09-23,17
منيرة المالكي,قلوريز,الرياض,يحتاجون اهتمام,2,383.0,2026-09-25,15
محمد الدوسري,سموذ,الدمام,يحتاجون اهتمام,2,383.0,2026-09-24,16
تركي العنزي,قلوريز,الرياض,يحتاجون اهتمام,2,381.0,2026-09-07,33
ريم الشهري,قلوريز,تبوك,يحتاجون اهتمام,2,380.0,2026-10-05,5
دانة المطيري,سموذ,الرياض,يحتاجون اهتمام,1,380.0,2026-06-30,102
هند الدوسري,سموذ,جدة,يحتاجون اهتمام,1,380.0,2026-06-18,114
جود الحربي,سموذ,الرياض,يحتاجون اهتمام,1,379.0,2026-08-13,58
رهف الدوسري,قلوريز,الرياض,يحتاجون اهتمام,2,378.0,2026-09-17,23
منيرة الرشيدي,سموذ,القصيم,يحتاجون اهتمام,1,378.0,2026-09-06,34
شهد العنزي,سموذ,الرياض,يحتاجون اهتمام,1,378.0,2026-08-30,41
شهد البقمي,سموذ,القصيم,يحتاجون اهتمام,1,378.0,2026-08-18,53
ماجد العتيبي,سموذ,الرياض,يحتاجون اهتمام,1,378.0,2026-08-17,54
فهد الشمري,سموذ,الرياض,يحتاجون اهتمام,1,378.0,2026-08-09,62
راكان السالم,سموذ,جدة,يحتاجون اهتمام,1,378.0,2026-07-30,72
رهف القحطاني,سموذ,الرياض,يحتاجون اهتمام,1,378.0,2026-07-27,75
فهد العتيبي,سموذ,المدينة,يحتاجون اهتمام,1,378.0,2026-07-17,85
عبدالله السبيعي,سموذ,الرياض,يحتاجون اهتمام,1,378.0,2026-07-11,91
راكان السبيعي,سموذ,مكة,يحتاجون اهتمام,1,378.0,2026-06-26,106
ريم العتيبي,قلوريز,المدينة,يحتاجون اهتمام,1,377.0,2026-09-02,38
ماجد القحطاني,سموذ,الدمام,يحتاجون اهتمام,2,375.0,2026-09-07,33
ماجد السبيعي,سموذ,مكة,يحتاجون اهتمام,1,375.0,2026-06-25,107
خالد الحربي,قلوريز,الرياض,يحتاجون اهتمام,2,372.0,2026-10-04,6
عبير الغامدي,سموذ,الرياض,يحتاجون اهتمام,2,371.0,2026-09-21,19
محمد السالم,سموذ,الرياض,يحتاجون اهتمام,1,369.0,2026-08-28,43
راكان القحطاني,سموذ,الرياض,يحتاجون اهتمام,1,369.0,2026-08-20,51
تركي المطيري,سموذ,جدة,يحتاجون اهتمام,1,369.0,2026-07-23,79
فهد الشمري,سموذ,الرياض,يحتاجون اهتمام,2,366.0,2026-10-06,4
نورة القحطاني,سموذ,مكة,يحتاجون اهتمام,2,365.0,2026-09-23,17
رهف القحطاني,سموذ,المدينة,يحتاجون اهتمام,1,365.0,2026-08-20,51
عبير الزهراني,سموذ,الرياض,يحتاجون اهتمام,1,365.0,2026-07-26,76
شهد البقمي,سموذ,الخبر,يحتاجون اهتمام,1,365.0,2026-07-15,87
هند الجهني,قلوريز,جدة,يحتاجون اهتمام,2,363.0,2026-09-15,25
هند القحطاني,سموذ,مكة,يحتاجون اهتمام,1,360.0,2026-09-04,36
خالد البقمي,سموذ,الرياض,يحتاجون اهتمام,2,360.0,2026-08-27,44
عبير المطيري,سموذ,جدة,يحتاجون اهتمام,1,360.0,2026-08-24,47
شهد العنزي,سموذ,جدة,يحتاجون اهتمام,1,360.0,2026-08-21,50
غادة العتيبي,سموذ,الرياض,يحتاجون اهتمام,1,360.0,2026-08-17,54
جود الحربي,قلوريز,الخبر,يحتاجون اهتمام,1,360.0,2026-08-16,55
غادة العنزي,سموذ,الرياض,يحتاجون اهتمام,1,360.0,2026-08-16,55
عبدالله السبيعي,قلوريز,الخبر,يحتاجون اهتمام,1,360.0,2026-08-12,59
راكان الجهني,سموذ,الدمام,يحتاجون اهتمام,1,360.0,2026-08-06,65
رهف الزهراني,سموذ,جدة,يحتاجون اهتمام,1,360.0,2026-08-04,67
محمد الشمري,سموذ,أبها,يحتاجون اهتمام,1,360.0,2026-07-31,71
محمد السبيعي,قلوريز,الرياض,يحتاجون اهتمام,1,360.0,2026-07-09,93
دانة العنزي,سموذ,جدة,يحتاجون اهتمام,1,360.0,2026-06-28,104
جود الشهري,سموذ,جدة,يحتاجون اهتمام,1,360.0,2026-06-25,107
أمل السالم,سموذ,الدمام,يحتاجون اهتمام,2,359.0,2026-08-26,45
جود الجهني,سموذ,تبوك,يحتاجون اهتمام,1,359.0,2026-07-18,84
بندر القحطاني,قلوريز,القصيم,يحتاجون اهتمام,1,356.0,2026-08-10,61
أمل العنزي,قلوريز,الدمام,يحتاجون اهتمام,2,354.0,2026-10-10,0
لمى الحربي,قلوريز,جدة,يحتاجون اهتمام,2,354.0,2026-09-17,23
سارة الغامدي,سموذ,مكة,يحتاجون اهتمام,2,354.0,2026-09-08,32
أمل العتيبي,قلوريز,جدة,يحتاجون اهتمام,2,351.0,2026-09-07,33
نورة العنزي,سموذ,الرياض,يحتاجون اهتمام,1,350.0,2026-07-28,74
فهد القحطاني,سموذ,الرياض,يحتاجون اهتمام,1,350.0,2026-07-21,81
لمى الرشيدي,سموذ,الرياض,يحتاجون اهتمام,1,350.0,2026-06-18,114
نايف السبيعي,سموذ,مكة,يحتاجون اهتمام,1,349.0,2026-07-22,80
عبدالله المطيري,قلوريز,الرياض,يحتاجون اهتمام,1,348.0,2026-08-28,43
أمل الغامدي,قلوريز,الرياض,يحتاجون اهتمام,1,348.0,2026-08-27,44
تركي الشمري,سموذ,جدة,يحتاجون اهتمام,1,347.0,2026-09-05,35
محمد الرشيدي,سموذ,المدينة,يحتاجون اهتمام,1,347.0,2026-07-08,94
ريم الحربي,قلوريز,الدمام,يحتاجون اهتمام,2,346.0,2026-10-08,2
راكان الغامدي,قلوريز,مكة,يحتاجون اهتمام,2,345.0,2026-09-05,35
منيرة العتيبي,قلوريز,الرياض,يحتاجون اهتمام,1,344.0,2026-08-01,70
دانة المطيري,سموذ,جدة,يحتاجون اهتمام,2,343.0,2026-10-02,8
محمد القحطاني,قلوريز,القصيم,يحتاجون اهتمام,1,343.0,2026-08-21,50
ياسر السالم,قلوريز,الرياض,يحتاجون اهتمام,2,342.0,2026-10-02,8
شهد السالم,قلوريز,تبوك,يحتاجون اهتمام,2,342.0,2026-09-09,31
عبير الدوسري,قلوريز,مكة,يحتاجون اهتمام,2,341.0,2026-09-09,31
دانة البقمي,سموذ,جدة,يحتاجون اهتمام,2,340.0,2026-09-29,11
لمى الجهني,سموذ,الرياض,يحتاجون اهتمام,2,340.0,2026-09-24,16
تركي البقمي,سموذ,الرياض,يحتاجون اهتمام,2,340.0,2026-09-15,25
شهد الغامدي,سموذ,الرياض,يحتاجون اهتمام,1,340.0,2026-09-09,31
غادة المالكي,سموذ,الرياض,يحتاجون اهتمام,1,340.0,2026-08-06,65
ريم الجهني,سموذ,الرياض,يحتاجون اهتمام,1,340.0,2026-08-06,65
رهف الرشيدي,سموذ,جدة,يحتاجون اهتمام,1,340.0,2026-07-31,71
رهف القحطاني,سموذ,جدة,يحتاجون اهتمام,1,339.0,2026-08-22,49
ياسر العتيبي,سموذ,المدينة,يحتاجون اهتمام,1,339.0,2026-08-21,50
محمد الدوسري,قلوريز,الرياض,يحتاجون اهتمام,1,338.0,2026-08-29,42
محمد السالم,قلوريز,المدينة,يحتاجون اهتمام,1,338.0,2026-08-24,47
شهد العنزي,قلوريز,جدة,يحتاجون اهتمام,1,338.0,2026-07-23,79
هند العنزي,قلوريز,مكة,يحتاجون اهتمام,1,338.0,2026-06-25,107
منيرة الحربي,سموذ,الرياض,يحتاجون اهتمام,1,337.0,2026-07-20,82
عبدالله الحربي,قلوريز,جدة,يحتاجون اهتمام,2,335.0,2026-09-17,23
ياسر الشهري,سموذ,مكة,يحتاجون اهتمام,1,335.0,2026-08-28,43
منيرة السبيعي,سموذ,الرياض,يحتاجون اهتمام,1,335.0,2026-08-17,54
راكان المطيري,سموذ,الرياض,يحتاجون اهتمام,1,335.0,2026-08-04,67
عبير العنزي,سموذ,المدينة,يحتاجون اهتمام,1,335.0,2026-07-28,74
شهد الشهري,سموذ,أبها,يحتاجون اهتمام,1,335.0,2026-06-21,111
ماجد الزهراني,قلوريز,تبوك,يحتاجون اهتمام,2,334.0,2026-10-02,8
ياسر السبيعي,قلوريز,الرياض,يحتاجون اهتمام,1,334.0,2026-09-08,32
جود العنزي,سموذ,القصيم,يحتاجون اهتمام,2,334.0,2026-08-29,42
جود العتيبي,سموذ,الرياض,يحتاجون اهتمام,1,334.0,2026-08-22,49
شهد الغامدي,قلوريز,جدة,يحتاجون اهتمام,2,333.0,2026-09-22,18
شهد الجهني,سموذ,الدمام,يحتاجون اهتمام,2,333.0,2026-08-29,42
دانة الدوسري,سموذ,المدينة,يحتاجون اهتمام,2,332.0,2026-10-07,3
غادة البقمي,سموذ,الرياض,يحتاجون اهتمام,2,332.0,2026-09-26,14
عبير الحربي,سموذ,الرياض,يحتاجون اهتمام,2,330.0,2026-09-19,21
بندر الغامدي,سموذ,الرياض,يحتاجون اهتمام,1,330.0,2026-09-04,36
غادة الشهري,قلوريز,الرياض,يحتاجون اهتمام,2,328.0,2026-10-09,1
رهف الشهري,قلوريز,الخبر,يحتاجون اهتمام,2,328.0,2026-10-05,5
سارة القحطاني,قلوريز,الرياض,يحتاجون اهتمام,2,328.0,2026-10-03,7
سارة السالم,سموذ,مكة,يحتاجون اهتمام,1,327.0,2026-08-01,70
سارة المالكي,سموذ,المدينة,يحتاجون اهتمام,1,327.0,2026-07-23,79
فهد العنزي,قلوريز,الرياض,يحتاجون اهتمام,2,326.0,2026-09-21,19
دانة المطيري,سموذ,الرياض,يحتاجون اهتمام,1,326.0,2026-06-12,120
شهد الزهراني,سموذ,الرياض,يحتاجون اهتمام,1,325.0,2026-08-06,65
فهد السالم,سموذ,الرياض,يحتاجون اهتمام,1,325.0,2026-07-05,97
غادة المطيري,قلوريز,الدمام,يحتاجون اهتمام,1,324.0,2026-08-13,58
غادة الدوسري,سموذ,الخبر,يحتاجون اهتمام,1,323.0,2026-07-25,77
خالد الدوسري,سموذ,جدة,يحتاجون اهتمام,1,321.0,2026-09-04,36
شهد الشهري,قلوريز,مكة,يحتاجون اهتمام,2,320.0,2026-10-02,8
رهف المطيري,قلوريز,الرياض,يحتاجون اهتمام,2,320.0,2026-09-17,23
هند السبيعي,سموذ,جدة,يحتاجون اهتمام,2,320.0,2026-09-15,25
راكان الزهراني,قلوريز,الرياض,يحتاجون اهتمام,1,320.0,2026-08-16,55
هند الغامدي,قلوريز,أبها,يحتاجون اهتمام,2,319.0,2026-09-20,20
أمل السالم,قلوريز,أبها,يحتاجون اهتمام,2,318.0,2026-08-27,44
ريم المالكي,قلوريز,جدة,يحتاجون اهتمام,1,318.0,2026-08-04,67
خالد الزهراني,قلوريز,الخبر,يحتاجون اهتمام,2,316.0,2026-10-05,5
بندر الدوسري,سموذ,الدمام,يحتاجون اهتمام,2,316.0,2026-09-04,36
محمد السالم,قلوريز,أبها,يحتاجون اهتمام,2,316.0,2026-08-30,41
شهد العنزي,سموذ,الخبر,يحتاجون اهتمام,2,315.0,2026-09-21,19
راكان الزهراني,سموذ,أبها,يحتاجون اهتمام,2,315.0,2026-08-30,41
نايف السالم,سموذ,القصيم,يحتاجون اهتمام,1,315.0,2026-07-13,89
محمد الزهراني,سموذ,أبها,يحتاجون اهتمام,1,315.0,2026-07-03,99
خالد الشمري,سموذ,الرياض,يحتاجون اهتمام,1,310.0,2026-09-09,31
محمد الغامدي,قلوريز,جدة,يحتاجون اهتمام,2,310.0,2026-08-30,41
سلطان الشمري,سموذ,الرياض,يحتاجون اهتمام,1,310.0,2026-07-16,86
رهف المطيري,سموذ,المدينة,يحتاجون اهتمام,1,310.0,2026-07-02,100
محمد العتيبي,قلوريز,الرياض,يحتاجون اهتمام,2,309.0,2026-08-31,40
ماجد الحربي,قلوريز,المدينة,يحتاجون اهتمام,2,309.0,2026-08-26,45
سلطان الغامدي,سموذ,جدة,يحتاجون اهتمام,1,309.0,2026-08-19,52
جود الجهني,سموذ,الرياض,يحتاجون اهتمام,1,309.0,2026-08-12,59
شهد الشمري,سموذ,الرياض,يحتاجون اهتمام,1,309.0,2026-07-24,78
خالد الجهني,سموذ,جدة,يحتاجون اهتمام,1,309.0,2026-07-19,83
دانة الدوسري,سموذ,الرياض,يحتاجون اهتمام,1,309.0,2026-06-14,118
ماجد السالم,سموذ,أبها,يحتاجون اهتمام,1,308.0,2026-09-01,39
أمل القحطاني,قلوريز,تبوك,يحتاجون اهتمام,2,306.0,2026-08-28,43
ماجد الشمري,قلوريز,جدة,يحتاجون اهتمام,1,306.0,2026-08-26,45
جود السالم,سموذ,أبها,يحتاجون اهتمام,2,305.0,2026-10-02,8
بندر الشهري,سموذ,المدينة,يحتاجون اهتمام,1,305.0,2026-08-26,45
نايف السالم,سموذ,جدة,يحتاجون اهتمام,1,305.0,2026-07-17,85
هند الجهني,قلوريز,الرياض,يحتاجون اهتمام,2,304.0,2026-09-11,29
محمد المالكي,قلوريز,الرياض,يحتاجون اهتمام,2,304.0,2026-09-11,29
خالد البقمي,قلوريز,الدمام,يحتاجون اهتمام,2,303.0,2026-09-28,12
نورة الشهري,قلوريز,الرياض,يحتاجون اهتمام,2,302.0,2026-08-29,42
رهف العنزي,سموذ,الدمام,يحتاجون اهتمام,1,301.0,2026-09-04,36
نورة القحطاني,سموذ,مكة,يحتاجون اهتمام,1,301.0,2026-06-15,117
نورة السالم,سموذ,المدينة,يحتاجون اهتمام,1,300.0,2026-06-29,103
بندر الشهري,قلوريز,الدمام,يحتاجون اهتمام,2,299.0,2026-09-06,34
جود الحربي,قلوريز,أبها,يحتاجون اهتمام,2,298.0,2026-09-23,17
محمد الرشيدي,قلوريز,المدينة,يحتاجون اهتمام,1,298.0,2026-07-05,97
شهد العتيبي,قلوريز,الرياض,يحتاجون اهتمام,1,297.0,2026-09-04,36
رهف العتيبي,قلوريز,الرياض,يحتاجون اهتمام,2,296.0,2026-09-18,22
تركي الجهني,قلوريز,الرياض,يحتاجون اهتمام,1,296.0,2026-07-10,92
لمى السبيعي,سموذ,الرياض,يحتاجون اهتمام,1,295.0,2026-09-05,35
غادة الحربي,سموذ,جدة,يحتاجون اهتمام,1,295.0,2026-07-30,72
ريم السالم,سموذ,جدة,يحتاجون اهتمام,1,295.0,2026-07-03,99
جود القحطاني,سموذ,الخبر,يحتاجون اهتمام,1,295.0,2026-07-01,101
فهد الدوسري,قلوريز,مكة,يحتاجون اهتمام,1,294.0,2026-09-05,35
ريم الجهني,قلوريز,الدمام,يحتاجون اهتمام,2,293.0,2026-09-06,34
نايف الرشيدي,قلوريز,مكة,يحتاجون اهتمام,1,292.0,2026-07-30,72
ماجد السبيعي,سموذ,جدة,يحتاجون اهتمام,1,292.0,2026-07-17,85
ماجد الحربي,قلوريز,المدينة,يحتاجون اهتمام,2,291.0,2026-09-15,25
عبدالله العنزي,سموذ,جدة,يحتاجون اهتمام,2,290.0,2026-10-08,2
سلطان الدوسري,سموذ,الرياض,يحتاجون اهتمام,2,290.0,2026-10-02,8
فهد العنزي,سموذ,القصيم,يحتاجون اهتمام,1,290.0,2026-09-03,37
هند البقمي,سموذ,القصيم,يحتاجون اهتمام,2,290.0,2026-09-01,39
أمل الدوسري,سموذ,الدمام,يحتاجون اهتمام,1,290.0,2026-09-01,39
راكان العنزي,سموذ,جدة,يحتاجون اهتمام,1,290.0,2026-08-30,41
محمد الشمري,سموذ,الخبر,يحتاجون اهتمام,1,290.0,2026-08-29,42
سلطان العتيبي,سموذ,الرياض,يحتاجون اهتمام,1,290.0,2026-08-21,50
عبير العتيبي,سموذ,الرياض,يحتاجون اهتمام,1,290.0,2026-07-30,72
نورة المالكي,سموذ,جدة,يحتاجون اهتمام,1,290.0,2026-07-30,72
دانة الغامدي,سموذ,القصيم,يحتاجون اهتمام,1,290.0,2026-07-15,87
تركي السبيعي,سموذ,جدة,يحتاجون اهتمام,1,290.0,2026-07-02,100
عبير العنزي,سموذ,مكة,يحتاجون اهتمام,1,290.0,2026-06-24,108
نورة الرشيدي,سموذ,المدينة,يحتاجون اهتمام,1,290.0,2026-06-13,119
عبير الغامدي,قلوريز,الخبر,يحتاجون اهتمام,2,289.0,2026-09-13,27
ماجد الشمري,قلوريز,الرياض,يحتاجون اهتمام,1,289.0,2026-08-19,52
عبدالله العتيبي,قلوريز,الدمام,يحتاجون اهتمام,1,289.0,2026-07-26,76
ياسر الغامدي,قلوريز,جدة,يحتاجون اهتمام,1,288.0,2026-09-01,39
ماجد الجهني,قلوريز,الرياض,يحتاجون اهتمام,2,287.0,2026-09-13,27
خالد السالم,قلوريز,مكة,يحتاجون اهتمام,2,285.0,2026-10-01,9
جود البقمي,سموذ,جدة,يحتاجون اهتمام,1,285.0,2026-09-09,31
محمد الشهري,قلوريز,أبها,يحتاجون اهتمام,2,285.0,2026-08-27,44
دانة الحربي,سموذ,الدمام,يحتاجون اهتمام,1,285.0,2026-08-24,47
نورة المطيري,سموذ,مكة,يحتاجون اهتمام,1,285.0,2026-08-14,57
عبدالله الشمري,سموذ,مكة,يحتاجون اهتمام,1,285.0,2026-07-12,90
هند الزهراني,سموذ,المدينة,يحتاجون اهتمام,1,285.0,2026-06-22,110
منيرة الشمري,سموذ,الرياض,يحتاجون اهتمام,1,285.0,2026-06-16,116
راكان الشمري,سموذ,الرياض,يحتاجون اهتمام,1,284.0,2026-08-21,50
سلطان القحطاني,سموذ,الرياض,يحتاجون اهتمام,1,284.0,2026-08-15,56
عبير الشمري,سموذ,جدة,يحتاجون اهتمام,1,284.0,2026-08-15,56
منيرة العتيبي,سموذ,الرياض,يحتاجون اهتمام,1,284.0,2026-08-04,67
شهد الغامدي,سموذ,الرياض,يحتاجون اهتمام,1,284.0,2026-07-16,86
راكان الدوسري,سموذ,مكة,يحتاجون اهتمام,1,284.0,2026-06-30,102
ماجد الشمري,سموذ,مكة,يحتاجون اهتمام,1,284.0,2026-06-24,108
بندر الزهراني,قلوريز,الرياض,يحتاجون اهتمام,2,283.0,2026-10-09,1
تركي المطيري,قلوريز,تبوك,يحتاجون اهتمام,2,283.0,2026-09-14,26
رهف المطيري,قلوريز,الرياض,يحتاجون اهتمام,2,280.0,2026-10-07,3
سارة الشهري,قلوريز,المدينة,يحتاجون اهتمام,2,280.0,2026-10-01,9
هند الرشيدي,سموذ,الرياض,يحتاجون اهتمام,2,280.0,2026-09-18,22
راكان المطيري,قلوريز,الرياض,يحتاجون اهتمام,2,280.0,2026-08-30,41
فهد الغامدي,قلوريز,مكة,يحتاجون اهتمام,2,280.0,2026-08-28,43
عبير الزهراني,سموذ,الرياض,يحتاجون اهتمام,1,280.0,2026-08-27,44
ريم السالم,سموذ,مكة,يحتاجون اهتمام,1,280.0,2026-08-25,46
عبدالله الزهراني,قلوريز,الرياض,يحتاجون اهتمام,2,279.0,2026-10-01,9
جود الجهني,قلوريز,تبوك,يحتاجون اهتمام,1,279.0,2026-09-02,38
محمد الجهني,قلوريز,الرياض,يحتاجون اهتمام,1,279.0,2026-08-27,44
بندر القحطاني,قلوريز,مكة,يحتاجون اهتمام,1,279.0,2026-07-28,74
نورة البقمي,قلوريز,أبها,يحتاجون اهتمام,1,279.0,2026-07-18,84
جود المطيري,قلوريز,الرياض,يحتاجون اهتمام,1,279.0,2026-07-09,93
شهد البقمي,قلوريز,القصيم,يحتاجون اهتمام,1,279.0,2026-07-05,97
رهف المالكي,قلوريز,مكة,يحتاجون اهتمام,1,279.0,2026-06-12,120
نورة العتيبي,قلوريز,الرياض,يحتاجون اهتمام,1,278.0,2026-08-22,49
لمى الرشيدي,قلوريز,الرياض,يحتاجون اهتمام,1,278.0,2026-08-16,55
فهد العنزي,سموذ,القصيم,يحتاجون اهتمام,1,278.0,2026-07-03,99
ريم الرشيدي,قلوريز,تبوك,يحتاجون اهتمام,2,277.0,2026-09-16,24
لمى الشهري,قلوريز,الرياض,يحتاجون اهتمام,1,277.0,2026-09-04,36
بندر العتيبي,قلوريز,مكة,يحتاجون اهتمام,1,277.0,2026-07-17,85
شهد البقمي,سموذ,الرياض,يحتاجون اهتمام,2,275.0,2026-09-17,23
شهد السبيعي,قلوريز,تبوك,يحتاجون اهتمام,2,275.0,2026-09-04,36
جود الرشيدي,قلوريز,جدة,يحتاجون اهتمام,1,275.0,2026-08-31,40
رهف الرشيدي,سموذ,الرياض,يحتاجون اهتمام,1,275.0,2026-06-29,103
شهد القحطاني,سموذ,الدمام,يحتاجون اهتمام,1,275.0,2026-06-27,105
محمد الغامدي,سموذ,مكة,يحتاجون اهتمام,1,274.0,2026-08-01,70
غادة السبيعي,سموذ,مكة,يحتاجون اهتمام,1,274.0,2026-07-13,89
محمد العتيبي,قلوريز,المدينة,يحتاجون اهتمام,2,273.0,2026-10-10,0
بندر البقمي,قلوريز,القصيم,يحتاجون اهتمام,2,273.0,2026-08-30,41
راكان المالكي,قلوريز,الدمام,يحتاجون اهتمام,2,273.0,2026-08-28,43
غادة القحطاني,قلوريز,الرياض,يحتاجون اهتمام,1,273.0,2026-07-16,86
نورة الزهراني,قلوريز,الرياض,يحتاجون اهتمام,1,272.0,2026-06-30,102
ياسر الحربي,قلوريز,أبها,يحتاجون اهتمام,2,271.0,2026-09-05,35
سارة الشمري,سموذ,الرياض,يحتاجون اهتمام,2,270.0,2026-09-08,32
غادة الشمري,قلوريز,جدة,يحتاجون اهتمام,2,270.0,2026-08-29,42
محمد المالكي,سموذ,الرياض,يحتاجون اهتمام,1,270.0,2026-08-27,44
سلطان المالكي,قلوريز,الرياض,يحتاجون اهتمام,1,270.0,2026-07-10,92
سارة السبيعي,سموذ,جدة,يحتاجون اهتمام,1,270.0,2026-07-05,97
جود الرشيدي,سموذ,الدمام,يحتاجون اهتمام,1,270.0,2026-06-25,107
نورة الرشيدي,سموذ,الرياض,يحتاجون اهتمام,1,270.0,2026-06-16,116
منيرة الجهني,قلوريز,الرياض,يحتاجون اهتمام,2,269.0,2026-10-07,3
بندر العنزي,قلوريز,الرياض,يحتاجون اهتمام,2,269.0,2026-09-17,23
نورة الرشيدي,قلوريز,جدة,يحتاجون اهتمام,1,269.0,2026-08-25,46
غادة الشهري,قلوريز,الرياض,يحتاجون اهتمام,2,268.0,2026-10-04,6
منيرة الغامدي,قلوريز,أبها,يحتاجون اهتمام,2,268.0,2026-09-21,19
دانة المطيري,قلوريز,مكة,يحتاجون اهتمام,2,268.0,2026-09-11,29
تركي البقمي,سموذ,الرياض,يحتاجون اهتمام,1,268.0,2026-06-14,118
شهد الدوسري,قلوريز,الرياض,يحتاجون اهتمام,1,267.0,2026-08-30,41
نورة العنزي,قلوريز,الرياض,يحتاجون اهتمام,2,267.0,2026-08-26,45
رهف الحربي,قلوريز,الرياض,يحتاجون اهتمام,2,265.0,2026-09-25,15
عبدالله القحطاني,سموذ,الرياض,يحتاجون اهتمام,2,265.0,2026-09-14,26
ماجد البقمي,قلوريز,القصيم,يحتاجون اهتمام,2,265.0,2026-09-10,30
سارة الدوسري,سموذ,الرياض,يحتاجون اهتمام,1,265.0,2026-09-05,35
راكان العتيبي,سموذ,مكة,يحتاجون اهتمام,1,265.0,2026-09-04,36
هند العتيبي,سموذ,الرياض,يحتاجون اهتمام,1,265.0,2026-08-21,50
ياسر العتيبي,سموذ,الرياض,يحتاجون اهتمام,1,265.0,2026-08-20,51
تركي الحربي,سموذ,جدة,يحتاجون اهتمام,1,265.0,2026-08-18,53
شهد العتيبي,سموذ,الرياض,يحتاجون اهتمام,1,265.0,2026-08-10,61
بندر القحطاني,سموذ,تبوك,يحتاجون اهتمام,1,265.0,2026-08-08,63
محمد المالكي,سموذ,الرياض,يحتاجون اهتمام,1,265.0,2026-08-05,66
نايف الزهراني,سموذ,تبوك,يحتاجون اهتمام,1,265.0,2026-08-04,67
خالد الرشيدي,قلوريز,مكة,يحتاجون اهتمام,1,265.0,2026-07-31,71
بندر الشمري,سموذ,المدينة,يحتاجون اهتمام,1,265.0,2026-07-29,73
سارة السالم,سموذ,الخبر,يحتاجون اهتمام,1,265.0,2026-07-23,79
راكان الرشيدي,سموذ,مكة,يحتاجون اهتمام,1,265.0,2026-07-16,86
تركي الجهني,قلوريز,مكة,يحتاجون اهتمام,1,265.0,2026-07-11,91
تركي الزهراني,سموذ,الرياض,يحتاجون اهتمام,1,265.0,2026-07-09,93
جود الحربي,سموذ,الرياض,يحتاجون اهتمام,1,265.0,2026-07-03,99
سارة الرشيدي,سموذ,القصيم,يحتاجون اهتمام,1,265.0,2026-07-02,100
نايف الرشيدي,سموذ,الرياض,يحتاجون اهتمام,1,265.0,2026-06-29,103
ياسر العتيبي,سموذ,الرياض,يحتاجون اهتمام,1,265.0,2026-06-25,107
شهد البقمي,سموذ,القصيم,يحتاجون اهتمام,1,265.0,2026-06-19,113
عبير السالم,سموذ,مكة,يحتاجون اهتمام,1,265.0,2026-06-19,113
خالد السبيعي,سموذ,مكة,يحتاجون اهتمام,1,264.0,2026-09-03,37
منيرة السالم,سموذ,مكة,يحتاجون اهتمام,1,264.0,2026-08-23,48
منيرة الشهري,سموذ,الرياض,يحتاجون اهتمام,1,264.0,2026-08-12,59
نايف السالم,سموذ,جدة,يحتاجون اهتمام,1,264.0,2026-07-08,94
نورة العتيبي,قلوريز,الدمام,يحتاجون اهتمام,2,263.0,2026-09-21,19
أمل الشمري,قلوريز,الرياض,يحتاجون اهتمام,1,263.0,2026-08-31,40
هند المالكي,سموذ,الرياض,يحتاجون اهتمام,1,263.0,2026-08-16,55
محمد البقمي,سموذ,الرياض,يحتاجون اهتمام,1,263.0,2026-07-24,78
شهد القحطاني,قلوريز,الرياض,يحتاجون اهتمام,2,261.0,2026-09-30,10
تركي القحطاني,سموذ,الرياض,يحتاجون اهتمام,1,261.0,2026-07-27,75
عبدالله المطيري,سموذ,القصيم,يحتاجون اهتمام,1,261.0,2026-07-16,86
نايف الشمري,سموذ,جدة,يحتاجون اهتمام,1,261.0,2026-07-11,91
أمل الدوسري,سموذ,المدينة,يحتاجون اهتمام,2,260.0,2026-10-02,8
ماجد الشمري,قلوريز,الرياض,يحتاجون اهتمام,1,260.0,2026-09-05,35
فهد القحطاني,سموذ,الرياض,يحتاجون اهتمام,1,260.0,2026-07-16,86
فهد الشهري,سموذ,الرياض,يحتاجون اهتمام,1,260.0,2026-07-13,89
أمل الزهراني,قلوريز,الرياض,يحتاجون اهتمام,2,259.0,2026-09-28,12
جود الدوسري,قلوريز,الرياض,يحتاجون اهتمام,2,259.0,2026-09-09,31
محمد المطيري,قلوريز,جدة,يحتاجون اهتمام,2,258.0,2026-10-03,7
عبير المالكي,قلوريز,الرياض,يحتاجون اهتمام,2,258.0,2026-09-01,39
ماجد السبيعي,قلوريز,جدة,يحتاجون اهتمام,1,257.0,2026-08-30,41
أمل الدوسري,قلوريز,جدة,يحتاجون اهتمام,1,257.0,2026-07-09,93
سارة السالم,سموذ,الرياض,يحتاجون اهتمام,1,257.0,2026-06-23,109
لمى القحطاني,سموذ,المدينة,يحتاجون اهتمام,1,257.0,2026-06-19,113
منيرة البقمي,قلوريز,الرياض,يحتاجون اهتمام,2,255.0,2026-09-28,12
ياسر الشهري,سموذ,الرياض,يحتاجون اهتمام,1,255.0,2026-09-06,34
غادة المالكي,سموذ,أبها,يحتاجون اهتمام,1,255.0,2026-09-05,35
رهف الدوسري,سموذ,مكة,يحتاجون اهتمام,1,255.0,2026-08-22,49
أمل السالم,سموذ,الرياض,يحتاجون اهتمام,1,255.0,2026-08-05,66
شهد الشمري,سموذ,الدمام,يحتاجون اهتمام,1,255.0,2026-08-02,69
دانة الرشيدي,سموذ,جدة,يحتاجون اهتمام,1,255.0,2026-07-31,71
هند الشمري,سموذ,الرياض,يحتاجون اهتمام,1,255.0,2026-07-27,75
منيرة المالكي,سموذ,الدمام,يحتاجون اهتمام,1,255.0,2026-07-23,79
نورة البقمي,سموذ,الرياض,يحتاجون اهتمام,1,255.0,2026-07-23,79
منيرة القحطاني,سموذ,الرياض,يحتاجون اهتمام,1,255.0,2026-07-21,81
غادة المطيري,سموذ,أبها,يحتاجون اهتمام,1,255.0,2026-07-15,87
رهف الحربي,سموذ,المدينة,يحتاجون اهتمام,1,255.0,2026-06-17,115
هند القحطاني,قلوريز,تبوك,يحتاجون اهتمام,2,254.0,2026-10-02,8
جود العتيبي,قلوريز,مكة,يحتاجون اهتمام,2,254.0,2026-09-06,34
رهف الشهري,قلوريز,الرياض,يحتاجون اهتمام,2,254.0,2026-08-27,44
منيرة الحربي,قلوريز,مكة,يحتاجون اهتمام,1,254.0,2026-07-24,78
سلطان العنزي,قلوريز,الرياض,يحتاجون اهتمام,1,254.0,2026-07-23,79
تركي السبيعي,قلوريز,الدمام,يحتاجون اهتمام,1,254.0,2026-07-05,97
غادة الشمري,سموذ,مكة,يحتاجون اهتمام,1,253.0,2026-09-08,32
جود الشهري,قلوريز,الرياض,يحتاجون اهتمام,1,253.0,2026-09-04,36
ياسر الزهراني,قلوريز,مكة,يحتاجون اهتمام,1,253.0,2026-08-05,66
رهف الدوسري,قلوريز,الرياض,يحتاجون اهتمام,2,252.0,2026-09-29,11
ريم الدوسري,قلوريز,الرياض,يحتاجون اهتمام,2,252.0,2026-09-23,17
نايف القحطاني,قلوريز,الرياض,يحتاجون اهتمام,2,252.0,2026-09-04,36
خالد الدوسري,سموذ,القصيم,يحتاجون اهتمام,1,252.0,2026-09-03,37
منيرة السبيعي,سموذ,مكة,يحتاجون اهتمام,1,252.0,2026-08-04,67
ياسر الزهراني,قلوريز,أبها,يحتاجون اهتمام,2,251.0,2026-09-15,25
منيرة المالكي,قلوريز,مكة,يحتاجون اهتمام,1,251.0,2026-08-21,50
عبدالله السبيعي,سموذ,الرياض,يحتاجون اهتمام,1,250.0,2026-07-22,80
ياسر السالم,سموذ,الدمام,يحتاجون اهتمام,2,248.0,2026-09-17,23
ماجد العنزي,قلوريز,الدمام,يحتاجون اهتمام,2,247.0,2026-09-12,28
فهد الغامدي,قلوريز,الدمام,يحتاجون اهتمام,1,247.0,2026-08-17,54
ماجد الشمري,قلوريز,الخبر,يحتاجون اهتمام,2,246.0,2026-10-07,3
ريم الحربي,سموذ,الرياض,يحتاجون اهتمام,2,246.0,2026-09-13,27
جود العتيبي,سموذ,تبوك,يحتاجون اهتمام,2,245.0,2026-09-24,16
منيرة المطيري,قلوريز,جدة,يحتاجون اهتمام,2,245.0,2026-09-15,25
هند الزهراني,سموذ,مكة,يحتاجون اهتمام,1,245.0,2026-07-14,88
ماجد العنزي,سموذ,تبوك,يحتاجون اهتمام,1,245.0,2026-07-09,93
عبدالله العنزي,سموذ,الخبر,يحتاجون اهتمام,1,245.0,2026-06-17,115
سلطان الدوسري,قلوريز,جدة,يحتاجون اهتمام,2,244.0,2026-10-10,0
رهف الرشيدي,قلوريز,مكة,يحتاجون اهتمام,2,242.0,2026-09-26,14
محمد الرشيدي,قلوريز,مكة,يحتاجون اهتمام,2,242.0,2026-09-14,26
سلطان الغامدي,قلوريز,المدينة,يحتاجون اهتمام,1,242.0,2026-07-17,85
سارة الدوسري,قلوريز,الرياض,يحتاجون اهتمام,1,241.0,2026-07-24,78
نايف القحطاني,سموذ,جدة,يحتاجون اهتمام,1,241.0,2026-07-24,78
عبدالله الشمري,سموذ,جدة,يحتاجون اهتمام,1,241.0,2026-07-18,84
ياسر الغامدي,سموذ,جدة,يحتاجون اهتمام,1,241.0,2026-06-16,116
عبدالله الغامدي,سموذ,الرياض,يحتاجون اهتمام,2,240.0,2026-10-07,3
ياسر الحربي,قلوريز,الدمام,يحتاجون اهتمام,1,240.0,2026-09-09,31
شهد البقمي,قلوريز,الرياض,يحتاجون اهتمام,1,240.0,2026-09-08,32
محمد الدوسري,قلوريز,الدمام,يحتاجون اهتمام,1,240.0,2026-08-29,42
فهد الغامدي,سموذ,الدمام,يحتاجون اهتمام,1,240.0,2026-08-28,43
فهد الشمري,قلوريز,الدمام,يحتاجون اهتمام,1,240.0,2026-08-27,44
أمل العتيبي,سموذ,الرياض,يحتاجون اهتمام,1,240.0,2026-08-27,44
ريم السالم,سموذ,القصيم,يحتاجون اهتمام,1,240.0,2026-08-25,46
منيرة البقمي,قلوريز,المدينة,يحتاجون اهتمام,1,240.0,2026-08-21,50
محمد الحربي,قلوريز,مكة,يحتاجون اهتمام,1,240.0,2026-08-06,65
عبدالله الرشيدي,قلوريز,مكة,يحتاجون اهتمام,1,240.0,2026-07-21,81
لمى الدوسري,قلوريز,الرياض,يحتاجون اهتمام,1,240.0,2026-07-15,87
سلطان الغامدي,قلوريز,الرياض,يحتاجون اهتمام,1,240.0,2026-07-14,88
فهد العتيبي,سموذ,الرياض,يحتاجون اهتمام,1,240.0,2026-07-10,92
تركي المطيري,سموذ,تبوك,يحتاجون اهتمام,1,240.0,2026-07-09,93
لمى السالم,قلوريز,الرياض,يحتاجون اهتمام,1,240.0,2026-07-08,94
عبدالله الغامدي,قلوريز,الدمام,يحتاجون اهتمام,1,240.0,2026-06-27,105
هند العنزي,سموذ,الخبر,يحتاجون اهتمام,1,240.0,2026-06-25,107
نورة السالم,قلوريز,جدة,يحتاجون اهتمام,1,240.0,2026-06-22,110
نورة المطيري,قلوريز,الرياض,يحتاجون اهتمام,1,240.0,2026-06-18,114
جود السالم,قلوريز,الرياض,يحتاجون اهتمام,1,238.0,2026-09-07,33
نورة الشمري,قلوريز,المدينة,يحتاجون اهتمام,2,238.0,2026-08-26,45
ريم السبيعي,قلوريز,الرياض,يحتاجون اهتمام,1,237.0,2026-08-08,63
لمى البقمي,قلوريز,جدة,يحتاجون اهتمام,1,237.0,2026-08-06,65
ياسر المالكي,قلوريز,الرياض,يحتاجون اهتمام,1,237.0,2026-06-22,110
عبدالله الشمري,قلوريز,الرياض,يحتاجون اهتمام,1,235.0,2026-08-07,64
خالد الرشيدي,قلوريز,جدة,يحتاجون اهتمام,2,234.0,2026-09-18,22
محمد الزهراني,قلوريز,الرياض,يحتاجون اهتمام,2,234.0,2026-09-13,27
عبير العتيبي,قلوريز,جدة,يحتاجون اهتمام,1,234.0,2026-07-28,74
شهد الجهني,قلوريز,مكة,يحتاجون اهتمام,2,232.0,2026-09-18,22
رهف الجهني,قلوريز,مكة,يحتاجون اهتمام,2,231.0,2026-09-04,36
ماجد الرشيدي,قلوريز,الدمام,يحتاجون اهتمام,2,230.0,2026-10-07,3
أمل الغامدي,قلوريز,الرياض,يحتاجون اهتمام,2,230.0,2026-09-08,32
لمى المالكي,سموذ,أبها,يحتاجون اهتمام,1,230.0,2026-09-03,37
رهف القحطاني,سموذ,الدمام,يحتاجون اهتمام,2,230.0,2026-08-31,40
محمد السبيعي,سموذ,الرياض,يحتاجون اهتمام,1,230.0,2026-08-11,60
نايف القحطاني,قلوريز,القصيم,يحتاجون اهتمام,1,230.0,2026-08-01,70
راكان الشمري,سموذ,جدة,يحتاجون اهتمام,1,230.0,2026-07-20,82
سلطان الشمري,قلوريز,الرياض,يحتاجون اهتمام,2,229.0,2026-10-10,0
سلطان الشهري,قلوريز,القصيم,يحتاجون اهتمام,2,228.0,2026-09-28,12
راكان السالم,قلوريز,مكة,يحتاجون اهتمام,2,228.0,2026-09-08,32
ريم المطيري,قلوريز,جدة,يحتاجون اهتمام,1,228.0,2026-09-08,32
ماجد المالكي,قلوريز,المدينة,يحتاجون اهتمام,1,228.0,2026-09-04,36
منيرة الشهري,قلوريز,القصيم,يحتاجون اهتمام,2,228.0,2026-09-02,38
غادة المطيري,قلوريز,مكة,يحتاجون اهتمام,1,228.0,2026-08-11,60
عبير الزهراني,قلوريز,الدمام,يحتاجون اهتمام,1,228.0,2026-08-07,64
ياسر السبيعي,قلوريز,الدمام,يحتاجون اهتمام,1,228.0,2026-07-27,75
نورة البقمي,قلوريز,الرياض,يحتاجون اهتمام,1,228.0,2026-07-11,91
لمى الجهني,قلوريز,القصيم,يحتاجون اهتمام,2,226.0,2026-09-23,17
دانة الشمري,قلوريز,الرياض,يحتاجون اهتمام,1,225.0,2026-08-02,69
شهد المطيري,قلوريز,جدة,يحتاجون اهتمام,1,225.0,2026-06-12,120
غادة الشهري,قلوريز,الرياض,يحتاجون اهتمام,1,224.0,2026-07-18,84
شهد الزهراني,قلوريز,الدمام,يحتاجون اهتمام,1,224.0,2026-06-13,119
غادة العتيبي,سموذ,المدينة,يحتاجون اهتمام,1,223.0,2026-06-25,107
سارة الشمري,سموذ,مكة,يحتاجون اهتمام,2,220.0,2026-09-09,31
جود الدوسري,سموذ,جدة,يحتاجون اهتمام,1,220.0,2026-09-03,37
أمل الغامدي,سموذ,الرياض,يحتاجون اهتمام,1,220.0,2026-07-13,89
محمد الشهري,قلوريز,جدة,يحتاجون اهتمام,1,220.0,2026-06-30,102
بندر السبيعي,سموذ,الرياض,يحتاجون اهتمام,1,220.0,2026-06-25,107
دانة القحطاني,قلوريز,الرياض,يحتاجون اهتمام,2,219.0,2026-09-30,10
هند العنزي,قلوريز,الدمام,يحتاجون اهتمام,1,219.0,2026-08-06,65
سلطان الرشيدي,قلوريز,الدمام,يحتاجون اهتمام,1,218.0,2026-08-08,63
منيرة المطيري,سموذ,الرياض,يحتاجون اهتمام,1,218.0,2026-08-08,63
عبير البقمي,قلوريز,الخبر,يحتاجون اهتمام,1,218.0,2026-07-29,73
نايف الدوسري,قلوريز,الدمام,يحتاجون اهتمام,1,218.0,2026-07-01,101
رهف المطيري,سموذ,القصيم,يحتاجون اهتمام,1,217.0,2026-08-14,57
راكان السالم,سموذ,الرياض,يحتاجون اهتمام,1,217.0,2026-07-26,76
رهف الشمري,سموذ,الدمام,يحتاجون اهتمام,2,216.0,2026-09-29,11
عبدالله الشهري,قلوريز,تبوك,يحتاجون اهتمام,2,216.0,2026-09-03,37
شهد العنزي,قلوريز,جدة,يحتاجون اهتمام,1,216.0,2026-07-10,92
بندر العتيبي,سموذ,الرياض,يحتاجون اهتمام,1,215.0,2026-09-08,32
ماجد العنزي,سموذ,القصيم,يحتاجون اهتمام,1,215.0,2026-08-21,50
غادة السالم,سموذ,الخبر,يحتاجون اهتمام,1,215.0,2026-08-19,52
نورة الرشيدي,سموذ,الرياض,يحتاجون اهتمام,1,215.0,2026-06-21,111
هند الدوسري,سموذ,جدة,يحتاجون اهتمام,1,215.0,2026-06-18,114
لمى الغامدي,سموذ,تبوك,يحتاجون اهتمام,1,215.0,2026-06-15,117
منيرة الشهري,سموذ,المدينة,يحتاجون اهتمام,1,214.0,2026-09-04,36
نايف الجهني,سموذ,الدمام,يحتاجون اهتمام,1,214.0,2026-09-02,38
محمد السبيعي,قلوريز,الرياض,يحتاجون اهتمام,1,214.0,2026-08-31,40
نايف البقمي,سموذ,جدة,يحتاجون اهتمام,1,214.0,2026-08-29,42
ياسر الرشيدي,سموذ,جدة,يحتاجون اهتمام,1,214.0,2026-08-27,44
رهف الرشيدي,سموذ,تبوك,يحتاجون اهتمام,1,214.0,2026-08-27,44
رهف الزهراني,سموذ,الدمام,يحتاجون اهتمام,1,214.0,2026-08-26,45
سارة الغامدي,سموذ,تبوك,يحتاجون اهتمام,1,214.0,2026-08-26,45
خالد العنزي,سموذ,الرياض,يحتاجون اهتمام,1,214.0,2026-08-25,46
نايف الزهراني,قلوريز,الدمام,يحتاجون اهتمام,1,214.0,2026-08-23,48
نايف الدوسري,سموذ,مكة,يحتاجون اهتمام,1,214.0,2026-08-20,51
نايف العتيبي,سموذ,جدة,يحتاجون اهتمام,1,214.0,2026-08-20,51
محمد الحربي,سموذ,الرياض,يحتاجون اهتمام,1,214.0,2026-08-15,56
تركي العنزي,سموذ,الدمام,يحتاجون اهتمام,1,214.0,2026-08-14,57
لمى القحطاني,سموذ,الرياض,يحتاجون اهتمام,1,214.0,2026-08-13,58
ماجد السالم,سموذ,جدة,يحتاجون اهتمام,1,214.0,2026-08-08,63
منيرة المطيري,سموذ,جدة,يحتاجون اهتمام,1,214.0,2026-08-06,65
لمى السبيعي,سموذ,المدينة,يحتاجون اهتمام,1,214.0,2026-08-03,68
محمد الشهري,سموذ,مكة,يحتاجون اهتمام,1,214.0,2026-08-02,69
رهف القحطاني,قلوريز,الدمام,يحتاجون اهتمام,1,214.0,2026-07-30,72
نايف الشهري,سموذ,أبها,يحتاجون اهتمام,1,214.0,2026-07-30,72
بندر الدوسري,قلوريز,الرياض,يحتاجون اهتمام,1,214.0,2026-07-27,75
خالد الحربي,قلوريز,الدمام,يحتاجون اهتمام,1,214.0,2026-07-26,76
نايف الدوسري,قلوريز,القصيم,يحتاجون اهتمام,1,214.0,2026-07-25,77
ريم العنزي,سموذ,الرياض,يحتاجون اهتمام,1,214.0,2026-07-24,78
سارة المالكي,سموذ,المدينة,يحتاجون اهتمام,1,214.0,2026-07-23,79
تركي الدوسري,سموذ,مكة,يحتاجون اهتمام,1,214.0,2026-07-23,79
فهد الغامدي,سموذ,القصيم,يحتاجون اهتمام,1,214.0,2026-07-21,81
بندر العنزي,سموذ,جدة,يحتاجون اهتمام,1,214.0,2026-07-17,85
أمل الزهراني,سموذ,الرياض,يحتاجون اهتمام,1,214.0,2026-07-16,86
أمل المطيري,سموذ,أبها,يحتاجون اهتمام,1,214.0,2026-07-15,87
منيرة القحطاني,سموذ,الدمام,يحتاجون اهتمام,1,214.0,2026-07-14,88
راكان الشهري,قلوريز,أبها,يحتاجون اهتمام,1,214.0,2026-07-06,96
عبدالله السبيعي,سموذ,جدة,يحتاجون اهتمام,1,214.0,2026-06-23,109
نورة الشهري,سموذ,جدة,يحتاجون اهتمام,1,214.0,2026-06-14,118
ريم الجهني,قلوريز,تبوك,يحتاجون اهتمام,2,212.0,2026-10-03,7
فهد العتيبي,سموذ,جدة,يحتاجون اهتمام,2,212.0,2026-09-10,30
فهد الغامدي,قلوريز,تبوك,يحتاجون اهتمام,1,212.0,2026-09-03,37
عبير الزهراني,قلوريز,جدة,يحتاجون اهتمام,2,212.0,2026-08-27,44
ماجد السالم,قلوريز,الرياض,يحتاجون اهتمام,1,212.0,2026-08-07,64
منيرة المطيري,قلوريز,أبها,يحتاجون اهتمام,2,211.0,2026-08-26,45
سارة الشهري,قلوريز,الدمام,يحتاجون اهتمام,2,210.0,2026-09-18,22
نورة القحطاني,سموذ,الرياض,يحتاجون اهتمام,2,210.0,2026-09-09,31
سلطان الرشيدي,قلوريز,مكة,يحتاجون اهتمام,1,210.0,2026-08-17,54
خالد السبيعي,قلوريز,الرياض,يحتاجون اهتمام,1,210.0,2026-08-17,54
سلطان المالكي,قلوريز,الرياض,يحتاجون اهتمام,1,210.0,2026-08-12,59
تركي العنزي,قلوريز,جدة,يحتاجون اهتمام,1,210.0,2026-08-04,67
راكان البقمي,قلوريز,جدة,يحتاجون اهتمام,1,210.0,2026-07-23,79
لمى الشهري,سموذ,جدة,يحتاجون اهتمام,1,210.0,2026-07-20,82
بندر الرشيدي,قلوريز,الدمام,يحتاجون اهتمام,1,210.0,2026-07-04,98
تركي الدوسري,قلوريز,الدمام,يحتاجون اهتمام,2,209.0,2026-10-04,6
عبدالله الزهراني,قلوريز,جدة,يحتاجون اهتمام,2,209.0,2026-09-27,13
هند الجهني,قلوريز,جدة,يحتاجون اهتمام,2,209.0,2026-09-20,20
رهف المطيري,قلوريز,الدمام,يحتاجون اهتمام,2,209.0,2026-09-09,31
نورة البقمي,قلوريز,مكة,يحتاجون اهتمام,2,209.0,2026-08-28,43
فهد المالكي,قلوريز,الرياض,يحتاجون اهتمام,1,208.0,2026-08-19,52
خالد الدوسري,قلوريز,جدة,يحتاجون اهتمام,1,208.0,2026-07-20,82
رهف الشمري,قلوريز,القصيم,يحتاجون اهتمام,1,208.0,2026-07-10,92
غادة المالكي,قلوريز,الخبر,يحتاجون اهتمام,1,208.0,2026-07-01,101
نورة الحربي,قلوريز,الرياض,يحتاجون اهتمام,2,207.0,2026-10-08,2
تركي السالم,قلوريز,المدينة,يحتاجون اهتمام,2,207.0,2026-09-11,29
هند الزهراني,قلوريز,جدة,يحتاجون اهتمام,1,207.0,2026-09-02,38
سلطان الدوسري,قلوريز,أبها,يحتاجون اهتمام,2,207.0,2026-09-02,38
غادة الشمري,قلوريز,المدينة,يحتاجون اهتمام,2,206.0,2026-09-29,11
راكان المطيري,قلوريز,جدة,يحتاجون اهتمام,2,206.0,2026-09-17,23
نايف العنزي,قلوريز,الخبر,يحتاجون اهتمام,1,206.0,2026-06-22,110
هند العتيبي,قلوريز,الرياض,يحتاجون اهتمام,1,206.0,2026-06-19,113
غادة الغامدي,سموذ,الدمام,يحتاجون اهتمام,1,205.0,2026-08-20,51
رهف العنزي,سموذ,جدة,يحتاجون اهتمام,1,205.0,2026-08-14,57
رهف المطيري,سموذ,القصيم,يحتاجون اهتمام,1,205.0,2026-07-12,90
هند السبيعي,سموذ,جدة,يحتاجون اهتمام,1,205.0,2026-06-23,109
عبير المطيري,قلوريز,الخبر,يحتاجون اهتمام,1,204.0,2026-09-05,35
نايف القحطاني,قلوريز,الرياض,يحتاجون اهتمام,1,204.0,2026-09-01,39
ريم العنزي,قلوريز,جدة,يحتاجون اهتمام,1,204.0,2026-08-28,43
ريم السالم,قلوريز,الرياض,يحتاجون اهتمام,1,204.0,2026-07-31,71
تركي الزهراني,قلوريز,مكة,يحتاجون اهتمام,1,204.0,2026-06-28,104
سلطان الرشيدي,قلوريز,الرياض,يحتاجون اهتمام,1,204.0,2026-06-23,109
هند الجهني,قلوريز,تبوك,يحتاجون اهتمام,1,204.0,2026-06-18,114
دانة الشمري,قلوريز,الرياض,يحتاجون اهتمام,1,204.0,2026-06-13,119
تركي الدوسري,قلوريز,الرياض,يحتاجون اهتمام,2,203.0,2026-10-08,2
نايف المالكي,سموذ,الرياض,يحتاجون اهتمام,2,202.0,2026-09-15,25
هند الرشيدي,سموذ,جدة,يحتاجون اهتمام,2,202.0,2026-09-12,28
عبير الجهني,سموذ,مكة,يحتاجون اهتمام,2,202.0,2026-09-06,34
عبدالله الدوسري,قلوريز,الرياض,يحتاجون اهتمام,1,202.0,2026-08-28,43
عبدالله المطيري,قلوريز,الرياض,يحتاجون اهتمام,1,202.0,2026-08-05,66
فهد الشمري,قلوريز,مكة,يحتاجون اهتمام,1,202.0,2026-08-02,69
أمل المطيري,قلوريز,الدمام,يحتاجون اهتمام,1,202.0,2026-07-03,99
هند الجهني,قلوريز,جدة,يحتاجون اهتمام,1,202.0,2026-06-18,114
خالد القحطاني,قلوريز,الرياض,يحتاجون اهتمام,2,201.0,2026-08-27,44
فهد الجهني,سموذ,الرياض,يحتاجون اهتمام,1,200.0,2026-08-25,46
شهد البقمي,قلوريز,الرياض,يحتاجون اهتمام,1,200.0,2026-08-14,57
سلطان العتيبي,سموذ,الرياض,يحتاجون اهتمام,1,200.0,2026-08-03,68
جود الحربي,قلوريز,الرياض,يحتاجون اهتمام,1,200.0,2026-06-28,104
نورة البقمي,قلوريز,الرياض,يحتاجون اهتمام,2,199.0,2026-09-14,26
عبدالله المطيري,قلوريز,جدة,يحتاجون اهتمام,2,199.0,2026-09-12,28
هند الغامدي,قلوريز,المدينة,يحتاجون اهتمام,2,199.0,2026-09-04,36
شهد البقمي,قلوريز,الرياض,يحتاجون اهتمام,2,199.0,2026-08-30,41
سارة الشمري,قلوريز,تبوك,يحتاجون اهتمام,1,199.0,2026-08-18,53
دانة الشمري,قلوريز,الرياض,يحتاجون اهتمام,1,199.0,2026-07-21,81
غادة العنزي,قلوريز,مكة,يحتاجون اهتمام,2,198.0,2026-09-16,24
سارة الزهراني,قلوريز,جدة,يحتاجون اهتمام,1,198.0,2026-07-28,74
جود البقمي,قلوريز,الدمام,يحتاجون اهتمام,1,198.0,2026-06-12,120
عبدالله الرشيدي,قلوريز,مكة,يحتاجون اهتمام,2,197.0,2026-10-10,0
ياسر الغامدي,قلوريز,الرياض,يحتاجون اهتمام,2,197.0,2026-09-27,13
دانة المالكي,قلوريز,الرياض,يحتاجون اهتمام,1,197.0,2026-07-30,72
سلطان المالكي,قلوريز,الرياض,يحتاجون اهتمام,1,197.0,2026-06-13,119
منيرة القحطاني,سموذ,المدينة,يحتاجون اهتمام,1,196.0,2026-09-05,35
تركي البقمي,سموذ,المدينة,يحتاجون اهتمام,1,196.0,2026-08-27,44
رهف السالم,قلوريز,الخبر,يحتاجون اهتمام,1,196.0,2026-08-26,45
سلطان البقمي,قلوريز,الرياض,يحتاجون اهتمام,1,196.0,2026-06-30,102
شهد المطيري,قلوريز,الرياض,يحتاجون اهتمام,2,195.0,2026-09-10,30
ماجد العتيبي,سموذ,الخبر,يحتاجون اهتمام,1,195.0,2026-08-31,40
ياسر القحطاني,سموذ,الرياض,يحتاجون اهتمام,1,195.0,2026-08-24,47
نايف العنزي,سموذ,تبوك,يحتاجون اهتمام,1,195.0,2026-08-09,62
ياسر السبيعي,سموذ,جدة,يحتاجون اهتمام,1,195.0,2026-08-07,64
هند البقمي,سموذ,الرياض,يحتاجون اهتمام,1,195.0,2026-08-05,66
ريم الجهني,سموذ,الدمام,يحتاجون اهتمام,1,195.0,2026-08-02,69
ماجد المطيري,سموذ,مكة,يحتاجون اهتمام,1,195.0,2026-07-24,78
راكان الشمري,سموذ,مكة,يحتاجون اهتمام,1,195.0,2026-07-21,81
رهف الغامدي,سموذ,الرياض,يحتاجون اهتمام,1,195.0,2026-07-15,87
غادة المطيري,سموذ,جدة,يحتاجون اهتمام,1,195.0,2026-07-15,87
فهد الشمري,سموذ,جدة,يحتاجون اهتمام,1,195.0,2026-07-13,89
نورة الجهني,سموذ,الرياض,يحتاجون اهتمام,1,195.0,2026-06-12,120
أمل الشهري,قلوريز,مكة,يحتاجون اهتمام,2,194.0,2026-09-17,23
بندر المطيري,قلوريز,مكة,يحتاجون اهتمام,1,194.0,2026-08-23,48
تركي المالكي,قلوريز,جدة,يحتاجون اهتمام,2,193.0,2026-09-12,28
ماجد البقمي,قلوريز,الدمام,يحتاجون اهتمام,1,193.0,2026-09-08,32
فهد المالكي,قلوريز,الرياض,يحتاجون اهتمام,2,193.0,2026-08-30,41
منيرة الشهري,قلوريز,جدة,يحتاجون اهتمام,1,192.0,2026-07-12,90
هند الزهراني,قلوريز,الرياض,يحتاجون اهتمام,1,190.0,2026-08-23,48
بندر القحطاني,قلوريز,الخبر,يحتاجون اهتمام,1,190.0,2026-08-10,61
هند الشمري,قلوريز,الرياض,يحتاجون اهتمام,2,189.0,2026-09-04,36
نورة السالم,قلوريز,جدة,يحتاجون اهتمام,1,188.0,2026-08-10,61
لمى المالكي,قلوريز,مكة,يحتاجون اهتمام,1,188.0,2026-08-09,62
فهد العتيبي,سموذ,الرياض,يحتاجون اهتمام,1,187.0,2026-08-05,66
ياسر القحطاني,قلوريز,مكة,يحتاجون اهتمام,2,186.0,2026-09-29,11
راكان السبيعي,سموذ,الرياض,يحتاجون اهتمام,1,186.0,2026-08-10,61
أمل السالم,قلوريز,الرياض,يحتاجون اهتمام,1,186.0,2026-08-04,67
منيرة السبيعي,سموذ,جدة,يحتاجون اهتمام,1,186.0,2026-06-20,112
محمد الغامدي,سموذ,الخبر,يحتاجون اهتمام,1,185.0,2026-09-05,35
نورة القحطاني,سموذ,جدة,يحتاجون اهتمام,1,185.0,2026-08-08,63
نايف الزهراني,سموذ,جدة,يحتاجون اهتمام,1,185.0,2026-07-12,90
ياسر السبيعي,قلوريز,الرياض,يحتاجون اهتمام,1,185.0,2026-06-30,102
ريم الحربي,سموذ,الدمام,يحتاجون اهتمام,1,185.0,2026-06-24,108
أمل العتيبي,سموذ,أبها,يحتاجون اهتمام,1,185.0,2026-06-15,117
ماجد الشهري,قلوريز,الرياض,يحتاجون اهتمام,1,184.0,2026-08-13,58
محمد الشهري,قلوريز,جدة,يحتاجون اهتمام,2,183.0,2026-09-06,34
خالد البقمي,قلوريز,الرياض,يحتاجون اهتمام,1,183.0,2026-08-23,48
جود الحربي,قلوريز,الرياض,يحتاجون اهتمام,1,182.0,2026-09-08,32
تركي الشمري,قلوريز,الرياض,يحتاجون اهتمام,1,182.0,2026-06-18,114
ماجد القحطاني,سموذ,الرياض,يحتاجون اهتمام,1,181.0,2026-08-12,59
نورة الدوسري,قلوريز,الدمام,يحتاجون اهتمام,1,180.0,2026-06-24,108
عبدالله العتيبي,قلوريز,مكة,يحتاجون اهتمام,1,179.0,2026-09-02,38
منيرة المطيري,قلوريز,الرياض,يحتاجون اهتمام,1,179.0,2026-08-25,46
نايف العنزي,قلوريز,القصيم,يحتاجون اهتمام,1,179.0,2026-08-21,50
تركي العنزي,قلوريز,جدة,يحتاجون اهتمام,1,179.0,2026-07-27,75
راكان القحطاني,قلوريز,القصيم,يحتاجون اهتمام,1,179.0,2026-06-24,108
شهد الجهني,قلوريز,المدينة,يحتاجون اهتمام,2,178.0,2026-10-04,6
سلطان الجهني,سموذ,الرياض,يحتاجون اهتمام,1,178.0,2026-09-05,35
ماجد الغامدي,قلوريز,الرياض,يحتاجون اهتمام,1,178.0,2026-08-11,60
لمى البقمي,سموذ,جدة,يحتاجون اهتمام,1,178.0,2026-06-28,104
غادة السبيعي,سموذ,الرياض,يحتاجون اهتمام,1,178.0,2026-06-12,120
محمد المطيري,قلوريز,جدة,يحتاجون اهتمام,1,177.0,2026-09-07,33
بندر المطيري,قلوريز,الرياض,يحتاجون اهتمام,1,177.0,2026-08-24,47
شهد البقمي,قلوريز,أبها,يحتاجون اهتمام,1,177.0,2026-07-14,88
دانة السالم,قلوريز,الرياض,يحتاجون اهتمام,1,177.0,2026-06-22,110
هند الرشيدي,قلوريز,مكة,يحتاجون اهتمام,1,177.0,2026-06-22,110
نايف العتيبي,قلوريز,الرياض,يحتاجون اهتمام,1,176.0,2026-08-21,50
ياسر الغامدي,سموذ,الرياض,يحتاجون اهتمام,1,176.0,2026-08-19,52
منيرة المالكي,سموذ,الرياض,يحتاجون اهتمام,1,176.0,2026-07-20,82
غادة الشمري,سموذ,المدينة,يحتاجون اهتمام,1,175.0,2026-09-09,31
ماجد الدوسري,سموذ,الخبر,يحتاجون اهتمام,1,175.0,2026-09-09,31
تركي البقمي,سموذ,الرياض,يحتاجون اهتمام,1,175.0,2026-09-07,33
نورة البقمي,سموذ,الدمام,يحتاجون اهتمام,1,175.0,2026-09-07,33
شهد السبيعي,سموذ,جدة,يحتاجون اهتمام,1,175.0,2026-08-31,40
خالد الغامدي,سموذ,مكة,يحتاجون اهتمام,1,175.0,2026-08-28,43
سلطان الغامدي,قلوريز,تبوك,يحتاجون اهتمام,2,175.0,2026-08-26,45
سلطان السالم,سموذ,الرياض,يحتاجون اهتمام,1,175.0,2026-08-26,45
رهف الشهري,سموذ,الرياض,يحتاجون اهتمام,1,175.0,2026-08-24,47
لمى الرشيدي,قلوريز,أبها,يحتاجون اهتمام,1,175.0,2026-08-11,60
غادة الجهني,سموذ,الرياض,يحتاجون اهتمام,1,175.0,2026-08-09,62
غادة البقمي,سموذ,مكة,يحتاجون اهتمام,1,175.0,2026-08-03,68
غادة العنزي,قلوريز,جدة,يحتاجون اهتمام,1,175.0,2026-08-01,70
بندر المالكي,قلوريز,الرياض,يحتاجون اهتمام,1,175.0,2026-07-24,78
بندر الرشيدي,سموذ,الرياض,يحتاجون اهتمام,1,175.0,2026-07-23,79
عبير العتيبي,قلوريز,الدمام,يحتاجون اهتمام,1,175.0,2026-07-19,83
منيرة القحطاني,قلوريز,الرياض,يحتاجون اهتمام,1,175.0,2026-07-07,95
رهف البقمي,قلوريز,الرياض,يحتاجون اهتمام,1,175.0,2026-07-05,97
شهد العتيبي,سموذ,الرياض,يحتاجون اهتمام,1,175.0,2026-06-29,103
نورة الجهني,سموذ,الخبر,يحتاجون اهتمام,1,175.0,2026-06-18,114
محمد المالكي,قلوريز,مكة,يحتاجون اهتمام,2,173.0,2026-09-30,10
ياسر العنزي,قلوريز,أبها,يحتاجون اهتمام,2,173.0,2026-09-18,22
محمد الرشيدي,قلوريز,جدة,يحتاجون اهتمام,2,173.0,2026-09-17,23
أمل القحطاني,قلوريز,الرياض,يحتاجون اهتمام,2,173.0,2026-09-12,28
لمى المطيري,قلوريز,الرياض,يحتاجون اهتمام,2,173.0,2026-09-05,35
عبدالله العتيبي,قلوريز,مكة,يحتاجون اهتمام,1,173.0,2026-08-30,41
عبدالله الدوسري,قلوريز,الرياض,يحتاجون اهتمام,1,173.0,2026-08-28,43
جود الرشيدي,قلوريز,أبها,يحتاجون اهتمام,1,173.0,2026-08-20,51
تركي الرشيدي,قلوريز,الخبر,يحتاجون اهتمام,1,173.0,2026-07-22,80
ريم المالكي,قلوريز,الرياض,يحتاجون اهتمام,1,173.0,2026-06-13,119
ياسر السبيعي,قلوريز,الرياض,يحتاجون اهتمام,1,173.0,2026-06-12,120
منيرة القحطاني,قلوريز,جدة,يحتاجون اهتمام,1,172.0,2026-09-03,37
ماجد الحربي,قلوريز,مكة,يحتاجون اهتمام,1,172.0,2026-08-10,61
منيرة الشهري,قلوريز,مكة,يحتاجون اهتمام,2,170.0,2026-10-04,6
دانة الجهني,سموذ,الدمام,يحتاجون اهتمام,1,170.0,2026-09-09,31
أمل الغامدي,سموذ,الرياض,يحتاجون اهتمام,1,170.0,2026-09-07,33
فهد العنزي,سموذ,جدة,يحتاجون اهتمام,1,170.0,2026-09-04,36
دانة الدوسري,سموذ,مكة,يحتاجون اهتمام,1,170.0,2026-09-03,37
ماجد الشمري,سموذ,الرياض,يحتاجون اهتمام,1,170.0,2026-09-02,38
دانة القحطاني,سموذ,مكة,يحتاجون اهتمام,1,170.0,2026-08-31,40
ريم الجهني,سموذ,الرياض,يحتاجون اهتمام,1,170.0,2026-08-30,41
سارة الجهني,سموذ,الدمام,يحتاجون اهتمام,1,170.0,2026-08-26,45
عبير البقمي,سموذ,أبها,يحتاجون اهتمام,1,170.0,2026-08-25,46
عبير الرشيدي,سموذ,الرياض,يحتاجون اهتمام,1,170.0,2026-08-23,48
سارة الرشيدي,سموذ,الرياض,يحتاجون اهتمام,1,170.0,2026-08-21,50
سارة الدوسري,سموذ,الرياض,يحتاجون اهتمام,1,170.0,2026-08-13,58
عبير الدوسري,سموذ,المدينة,يحتاجون اهتمام,1,170.0,2026-08-13,58
رهف الشمري,سموذ,تبوك,يحتاجون اهتمام,1,170.0,2026-08-13,58
خالد السبيعي,سموذ,تبوك,يحتاجون اهتمام,1,170.0,2026-08-12,59
خالد البقمي,سموذ,أبها,يحتاجون اهتمام,1,170.0,2026-08-12,59
سلطان الغامدي,سموذ,المدينة,يحتاجون اهتمام,1,170.0,2026-08-11,60
لمى الرشيدي,سموذ,الرياض,يحتاجون اهتمام,1,170.0,2026-08-10,61
ياسر الجهني,سموذ,تبوك,يحتاجون اهتمام,1,170.0,2026-08-09,62
خالد الشهري,سموذ,الرياض,يحتاجون اهتمام,1,170.0,2026-08-09,62
عبير المالكي,سموذ,الدمام,يحتاجون اهتمام,1,170.0,2026-08-09,62
محمد الشمري,سموذ,الدمام,يحتاجون اهتمام,1,170.0,2026-08-04,67
خالد العنزي,سموذ,الرياض,يحتاجون اهتمام,1,170.0,2026-08-03,68
سلطان العتيبي,سموذ,جدة,يحتاجون اهتمام,1,170.0,2026-08-01,70
دانة المالكي,سموذ,الرياض,يحتاجون اهتمام,1,170.0,2026-08-01,70
نايف الجهني,سموذ,جدة,يحتاجون اهتمام,1,170.0,2026-07-24,78
تركي العنزي,سموذ,الخبر,يحتاجون اهتمام,1,170.0,2026-07-24,78
لمى المطيري,سموذ,الدمام,يحتاجون اهتمام,1,170.0,2026-07-22,80
تركي الحربي,سموذ,أبها,يحتاجون اهتمام,1,170.0,2026-07-14,88
ياسر الدوسري,سموذ,الرياض,يحتاجون اهتمام,1,170.0,2026-07-11,91
خالد الجهني,سموذ,الدمام,يحتاجون اهتمام,1,170.0,2026-07-11,91
دانة المالكي,سموذ,الرياض,يحتاجون اهتمام,1,170.0,2026-07-07,95
دانة المطيري,سموذ,مكة,يحتاجون اهتمام,1,170.0,2026-06-30,102
نورة الشهري,سموذ,الدمام,يحتاجون اهتمام,1,170.0,2026-06-27,105
تركي الشهري,سموذ,جدة,يحتاجون اهتمام,1,170.0,2026-06-26,106
ماجد الشهري,سموذ,الرياض,يحتاجون اهتمام,1,170.0,2026-06-24,108
ياسر الجهني,سموذ,جدة,يحتاجون اهتمام,1,170.0,2026-06-20,112
فهد الشمري,سموذ,الرياض,يحتاجون اهتمام,1,170.0,2026-06-18,114
خالد العنزي,سموذ,المدينة,يحتاجون اهتمام,1,170.0,2026-06-16,116
لمى البقمي,قلوريز,المدينة,يحتاجون اهتمام,2,169.0,2026-10-03,7
عبير الجهني,قلوريز,الرياض,يحتاجون اهتمام,2,169.0,2026-09-08,32
أمل البقمي,قلوريز,جدة,يحتاجون اهتمام,1,169.0,2026-08-21,50
محمد الحربي,سموذ,أبها,يحتاجون اهتمام,1,169.0,2026-08-16,55
شهد العنزي,قلوريز,الخبر,يحتاجون اهتمام,1,169.0,2026-08-15,56
أمل القحطاني,قلوريز,الرياض,يحتاجون اهتمام,1,169.0,2026-08-02,69
راكان العتيبي,قلوريز,جدة,يحتاجون اهتمام,1,169.0,2026-08-02,69
دانة المالكي,قلوريز,جدة,يحتاجون اهتمام,1,169.0,2026-07-30,72
عبير الحربي,قلوريز,الدمام,يحتاجون اهتمام,1,169.0,2026-07-25,77
تركي الشمري,سموذ,الرياض,يحتاجون اهتمام,1,169.0,2026-07-19,83
سارة السبيعي,قلوريز,الدمام,يحتاجون اهتمام,1,169.0,2026-07-17,85
نورة المالكي,قلوريز,مكة,يحتاجون اهتمام,1,169.0,2026-07-16,86
منيرة الحربي,قلوريز,المدينة,يحتاجون اهتمام,1,169.0,2026-07-09,93
راكان البقمي,قلوريز,الرياض,يحتاجون اهتمام,1,169.0,2026-07-05,97
عبدالله السالم,قلوريز,مكة,يحتاجون اهتمام,1,169.0,2026-07-05,97
جود المطيري,قلوريز,الخبر,يحتاجون اهتمام,1,169.0,2026-07-01,101
راكان الغامدي,قلوريز,مكة,يحتاجون اهتمام,1,169.0,2026-06-25,107
عبير الزهراني,قلوريز,الخبر,يحتاجون اهتمام,1,169.0,2026-06-17,115
منيرة الدوسري,سموذ,القصيم,يحتاجون اهتمام,1,169.0,2026-06-13,119
لمى القحطاني,قلوريز,الرياض,يحتاجون اهتمام,1,168.0,2026-08-03,68
شهد السالم,قلوريز,الرياض,يحتاجون اهتمام,1,168.0,2026-06-16,116
غادة الجهني,قلوريز,الرياض,يحتاجون اهتمام,2,167.0,2026-10-10,0
فهد العنزي,قلوريز,الدمام,يحتاجون اهتمام,1,167.0,2026-09-04,36
عبير الجهني,قلوريز,مكة,يحتاجون اهتمام,1,167.0,2026-08-31,40
رهف الشهري,قلوريز,مكة,يحتاجون اهتمام,1,167.0,2026-08-27,44
جود الزهراني,قلوريز,مكة,يحتاجون اهتمام,1,167.0,2026-08-24,47
نايف المطيري,قلوريز,جدة,يحتاجون اهتمام,1,167.0,2026-08-12,59
عبير الحربي,قلوريز,الرياض,يحتاجون اهتمام,1,167.0,2026-08-03,68
دانة الغامدي,قلوريز,الرياض,يحتاجون اهتمام,1,167.0,2026-07-28,74
دانة الجهني,قلوريز,تبوك,يحتاجون اهتمام,1,167.0,2026-07-27,75
أمل الحربي,قلوريز,الدمام,يحتاجون اهتمام,1,167.0,2026-07-14,88
ماجد الدوسري,قلوريز,جدة,يحتاجون اهتمام,1,167.0,2026-07-10,92
ماجد القحطاني,قلوريز,جدة,يحتاجون اهتمام,1,167.0,2026-07-02,100
أمل القحطاني,قلوريز,جدة,يحتاجون اهتمام,1,167.0,2026-06-27,105
رهف الدوسري,قلوريز,القصيم,يحتاجون اهتمام,1,167.0,2026-06-18,114
نايف الرشيدي,قلوريز,الرياض,يحتاجون اهتمام,1,167.0,2026-06-12,120
فهد الزهراني,قلوريز,الرياض,يحتاجون اهتمام,1,165.0,2026-09-03,37
محمد المطيري,قلوريز,المدينة,يحتاجون اهتمام,1,165.0,2026-08-21,50
عبدالله السالم,قلوريز,جدة,يحتاجون اهتمام,1,165.0,2026-08-19,52
فهد العنزي,قلوريز,الدمام,يحتاجون اهتمام,1,165.0,2026-08-18,53
عبدالله الشهري,قلوريز,الخبر,يحتاجون اهتمام,1,165.0,2026-08-01,70
لمى الحربي,قلوريز,جدة,يحتاجون اهتمام,1,165.0,2026-07-19,83
خالد القحطاني,قلوريز,المدينة,يحتاجون اهتمام,1,165.0,2026-07-02,100
هند الزهراني,قلوريز,الرياض,يحتاجون اهتمام,1,165.0,2026-06-15,117
ريم المالكي,قلوريز,تبوك,يحتاجون اهتمام,1,164.0,2026-09-02,38
لمى المطيري,قلوريز,جدة,يحتاجون اهتمام,1,164.0,2026-08-14,57
ياسر البقمي,قلوريز,الرياض,يحتاجون اهتمام,1,164.0,2026-08-13,58
سلطان القحطاني,قلوريز,الدمام,يحتاجون اهتمام,1,164.0,2026-08-05,66
رهف الحربي,قلوريز,جدة,يحتاجون اهتمام,1,164.0,2026-07-25,77
محمد المالكي,قلوريز,الرياض,يحتاجون اهتمام,2,163.0,2026-10-04,6
غادة الحربي,قلوريز,جدة,يحتاجون اهتمام,1,163.0,2026-09-02,38
راكان الشهري,قلوريز,جدة,يحتاجون اهتمام,2,163.0,2026-08-26,45
فهد القحطاني,قلوريز,الدمام,يحتاجون اهتمام,1,163.0,2026-08-01,70
محمد السالم,قلوريز,أبها,يحتاجون اهتمام,1,163.0,2026-07-19,83
عبير المالكي,قلوريز,الرياض,يحتاجون اهتمام,1,163.0,2026-06-12,120
أمل الرشيدي,قلوريز,مكة,يحتاجون اهتمام,1,162.0,2026-08-28,43
لمى الزهراني,قلوريز,أبها,يحتاجون اهتمام,1,162.0,2026-08-02,69
نايف القحطاني,قلوريز,جدة,يحتاجون اهتمام,1,162.0,2026-06-19,113
ماجد السالم,قلوريز,الرياض,يحتاجون اهتمام,1,161.0,2026-09-01,39
لمى الغامدي,قلوريز,جدة,يحتاجون اهتمام,1,161.0,2026-07-15,87
غادة القحطاني,قلوريز,الرياض,يحتاجون اهتمام,1,160.0,2026-08-22,49
محمد المطيري,سموذ,الرياض,يحتاجون اهتمام,1,160.0,2026-06-23,109
تركي السبيعي,قلوريز,الرياض,يحتاجون اهتمام,1,159.0,2026-09-08,32
تركي الشمري,قلوريز,الرياض,يحتاجون اهتمام,1,159.0,2026-09-04,36
رهف الرشيدي,قلوريز,جدة,يحتاجون اهتمام,1,159.0,2026-08-12,59
لمى العنزي,قلوريز,الرياض,يحتاجون اهتمام,1,159.0,2026-07-19,83
جود الشمري,قلوريز,الرياض,يحتاجون اهتمام,1,159.0,2026-07-12,90
هند الشهري,قلوريز,الرياض,يحتاجون اهتمام,1,159.0,2026-06-28,104
لمى الرشيدي,قلوريز,تبوك,يحتاجون اهتمام,1,159.0,2026-06-27,105
راكان العتيبي,قلوريز,الرياض,يحتاجون اهتمام,1,158.0,2026-09-06,34
ياسر المالكي,قلوريز,مكة,يحتاجون اهتمام,1,158.0,2026-08-29,42
سارة القحطاني,قلوريز,تبوك,يحتاجون اهتمام,1,157.0,2026-09-02,38
شهد العنزي,قلوريز,الرياض,يحتاجون اهتمام,1,157.0,2026-08-26,45
هند الشمري,قلوريز,الخبر,يحتاجون اهتمام,1,157.0,2026-08-19,52
تركي السالم,قلوريز,الرياض,يحتاجون اهتمام,1,157.0,2026-08-07,64
أمل الرشيدي,قلوريز,الرياض,يحتاجون اهتمام,1,157.0,2026-08-04,67
شهد البقمي,قلوريز,الرياض,يحتاجون اهتمام,1,157.0,2026-07-20,82
خالد العتيبي,قلوريز,الرياض,يحتاجون اهتمام,1,157.0,2026-07-19,83
دانة السالم,قلوريز,المدينة,يحتاجون اهتمام,1,157.0,2026-07-08,94
عبدالله البقمي,قلوريز,أبها,يحتاجون اهتمام,1,157.0,2026-07-04,98
تركي العنزي,قلوريز,الدمام,يحتاجون اهتمام,1,157.0,2026-06-26,106
بندر الغامدي,سموذ,مكة,يحتاجون اهتمام,1,156.0,2026-09-06,34
دانة المطيري,سموذ,جدة,يحتاجون اهتمام,1,156.0,2026-09-02,38
عبدالله الحربي,سموذ,الرياض,يحتاجون اهتمام,1,156.0,2026-08-17,54
عبدالله السالم,سموذ,جدة,يحتاجون اهتمام,1,156.0,2026-08-03,68
هند السالم,سموذ,جدة,يحتاجون اهتمام,1,156.0,2026-07-28,74
نايف السالم,سموذ,جدة,يحتاجون اهتمام,1,156.0,2026-07-28,74
هند الزهراني,سموذ,القصيم,يحتاجون اهتمام,1,156.0,2026-07-15,87
غادة العنزي,قلوريز,جدة,يحتاجون اهتمام,1,155.0,2026-08-26,45
نايف الجهني,قلوريز,مكة,يحتاجون اهتمام,1,155.0,2026-08-25,46
منيرة السالم,قلوريز,تبوك,يحتاجون اهتمام,1,155.0,2026-08-15,56
عبير الجهني,قلوريز,القصيم,يحتاجون اهتمام,1,155.0,2026-07-01,101
فهد الزهراني,قلوريز,القصيم,يحتاجون اهتمام,2,154.0,2026-09-25,15
عبير الغامدي,قلوريز,الرياض,يحتاجون اهتمام,1,154.0,2026-07-10,92
نورة السبيعي,قلوريز,مكة,يحتاجون اهتمام,1,154.0,2026-07-06,96
راكان الدوسري,قلوريز,جدة,يحتاجون اهتمام,2,153.0,2026-09-12,28
رهف الجهني,قلوريز,الرياض,يحتاجون اهتمام,1,153.0,2026-09-03,37
جود المالكي,قلوريز,الرياض,يحتاجون اهتمام,1,153.0,2026-09-01,39
راكان القحطاني,قلوريز,الرياض,يحتاجون اهتمام,1,153.0,2026-08-14,57
ريم القحطاني,قلوريز,جدة,يحتاجون اهتمام,1,153.0,2026-07-30,72
سارة الزهراني,قلوريز,جدة,يحتاجون اهتمام,1,153.0,2026-07-29,73
عبدالله السبيعي,قلوريز,الرياض,يحتاجون اهتمام,1,153.0,2026-07-27,75
راكان الحربي,قلوريز,المدينة,يحتاجون اهتمام,1,153.0,2026-07-19,83
ياسر المالكي,قلوريز,أبها,يحتاجون اهتمام,1,153.0,2026-07-12,90
محمد العتيبي,قلوريز,الرياض,يحتاجون اهتمام,1,153.0,2026-06-19,113
دانة المالكي,قلوريز,المدينة,يحتاجون اهتمام,1,153.0,2026-06-18,114
هند البقمي,قلوريز,الرياض,يحتاجون اهتمام,1,152.0,2026-08-20,51
لمى الجهني,قلوريز,القصيم,يحتاجون اهتمام,1,152.0,2026-08-01,70
ماجد السبيعي,قلوريز,الرياض,يحتاجون اهتمام,2,150.0,2026-10-07,3
نايف المالكي,قلوريز,أبها,يحتاجون اهتمام,2,150.0,2026-10-02,8
غادة الجهني,قلوريز,جدة,يحتاجون اهتمام,1,150.0,2026-09-01,39
رهف القحطاني,قلوريز,القصيم,يحتاجون اهتمام,1,150.0,2026-08-21,50
تركي الرشيدي,قلوريز,الرياض,يحتاجون اهتمام,1,150.0,2026-08-03,68
تركي الرشيدي,قلوريز,أبها,يحتاجون اهتمام,2,149.0,2026-09-02,38
ياسر السبيعي,قلوريز,الرياض,يحتاجون اهتمام,1,149.0,2026-08-24,47
عبدالله الرشيدي,قلوريز,جدة,يحتاجون اهتمام,1,149.0,2026-07-30,72
لمى المطيري,قلوريز,الرياض,يحتاجون اهتمام,1,149.0,2026-07-24,78
خالد البقمي,قلوريز,الرياض,يحتاجون اهتمام,1,149.0,2026-07-02,100
تركي الدوسري,قلوريز,جدة,يحتاجون اهتمام,2,148.0,2026-09-11,29
أمل الشمري,سموذ,الدمام,يحتاجون اهتمام,1,148.0,2026-07-30,72
لمى الشمري,سموذ,الرياض,يحتاجون اهتمام,1,148.0,2026-07-23,79
لمى الشمري,قلوريز,جدة,يحتاجون اهتمام,1,147.0,2026-07-23,79
فهد السبيعي,قلوريز,الرياض,يحتاجون اهتمام,1,147.0,2026-06-21,111
جود الزهراني,قلوريز,الخبر,يحتاجون اهتمام,2,146.0,2026-09-13,27
منيرة المطيري,قلوريز,الرياض,يحتاجون اهتمام,2,145.0,2026-09-19,21
عبدالله الدوسري,قلوريز,القصيم,يحتاجون اهتمام,2,145.0,2026-09-16,24
تركي الحربي,سموذ,القصيم,يحتاجون اهتمام,1,145.0,2026-09-06,34
عبدالله العنزي,سموذ,أبها,يحتاجون اهتمام,1,145.0,2026-09-06,34
دانة العنزي,سموذ,الدمام,يحتاجون اهتمام,1,145.0,2026-09-04,36
نايف الشهري,سموذ,الدمام,يحتاجون اهتمام,1,145.0,2026-09-02,38
ياسر الدوسري,سموذ,الرياض,يحتاجون اهتمام,1,145.0,2026-09-01,39
خالد الزهراني,سموذ,الخبر,يحتاجون اهتمام,1,145.0,2026-08-30,41
راكان السبيعي,سموذ,المدينة,يحتاجون اهتمام,1,145.0,2026-08-27,44
تركي البقمي,سموذ,الخبر,يحتاجون اهتمام,1,145.0,2026-08-23,48
سلطان الحربي,سموذ,الخبر,يحتاجون اهتمام,1,145.0,2026-08-20,51
عبدالله الشمري,سموذ,الدمام,يحتاجون اهتمام,1,145.0,2026-08-19,52
هند المالكي,سموذ,القصيم,يحتاجون اهتمام,1,145.0,2026-08-16,55
هند السالم,قلوريز,جدة,يحتاجون اهتمام,1,145.0,2026-08-14,57
ريم السبيعي,سموذ,الرياض,يحتاجون اهتمام,1,145.0,2026-08-12,59
رهف السبيعي,سموذ,جدة,يحتاجون اهتمام,1,145.0,2026-08-07,64
راكان الجهني,سموذ,الخبر,يحتاجون اهتمام,1,145.0,2026-08-07,64
لمى السالم,سموذ,المدينة,يحتاجون اهتمام,1,145.0,2026-07-24,78
نورة الرشيدي,سموذ,الرياض,يحتاجون اهتمام,1,145.0,2026-07-24,78
عبير المالكي,قلوريز,مكة,يحتاجون اهتمام,1,145.0,2026-07-22,80
فهد المالكي,سموذ,الخبر,يحتاجون اهتمام,1,145.0,2026-07-14,88
خالد الزهراني,سموذ,المدينة,يحتاجون اهتمام,1,145.0,2026-07-09,93
ماجد المالكي,سموذ,أبها,يحتاجون اهتمام,1,145.0,2026-07-05,97
دانة الغامدي,سموذ,مكة,يحتاجون اهتمام,1,145.0,2026-07-01,101
ريم السبيعي,سموذ,الخبر,يحتاجون اهتمام,1,145.0,2026-06-28,104
شهد المالكي,سموذ,الرياض,يحتاجون اهتمام,1,145.0,2026-06-23,109
عبير البقمي,سموذ,الرياض,يحتاجون اهتمام,1,145.0,2026-06-16,116
شهد الغامدي,سموذ,جدة,يحتاجون اهتمام,1,145.0,2026-06-15,117
هند الزهراني,سموذ,المدينة,يحتاجون اهتمام,1,145.0,2026-06-14,118
خالد العنزي,قلوريز,جدة,يحتاجون اهتمام,2,144.0,2026-10-03,7
ماجد الحربي,قلوريز,أبها,يحتاجون اهتمام,2,144.0,2026-09-02,38
ريم الشمري,قلوريز,الرياض,يحتاجون اهتمام,1,144.0,2026-07-23,79
نورة الحربي,قلوريز,القصيم,يحتاجون اهتمام,2,143.0,2026-09-05,35
نايف السبيعي,قلوريز,الرياض,يحتاجون اهتمام,1,142.0,2026-08-25,46
غادة البقمي,قلوريز,الرياض,يحتاجون اهتمام,1,142.0,2026-07-29,73
جود المطيري,سموذ,الرياض,يحتاجون اهتمام,1,141.0,2026-09-08,32
دانة القحطاني,سموذ,جدة,يحتاجون اهتمام,1,141.0,2026-07-01,101
نورة العتيبي,قلوريز,الرياض,يحتاجون اهتمام,1,140.0,2026-09-09,31
رهف الدوسري,قلوريز,الرياض,يحتاجون اهتمام,1,140.0,2026-09-09,31
هند الزهراني,قلوريز,مكة,يحتاجون اهتمام,1,140.0,2026-09-01,39
ماجد المطيري,قلوريز,الدمام,يحتاجون اهتمام,1,140.0,2026-09-01,39
منيرة البقمي,قلوريز,أبها,يحتاجون اهتمام,1,140.0,2026-08-28,43
لمى السالم,قلوريز,المدينة,يحتاجون اهتمام,1,140.0,2026-08-27,44
رهف العنزي,قلوريز,الرياض,يحتاجون اهتمام,1,140.0,2026-08-27,44
عبير المطيري,قلوريز,الرياض,يحتاجون اهتمام,1,140.0,2026-08-27,44
ماجد الجهني,قلوريز,جدة,يحتاجون اهتمام,1,140.0,2026-08-26,45
هند العتيبي,قلوريز,الرياض,يحتاجون اهتمام,1,140.0,2026-08-24,47
شهد الشمري,قلوريز,الدمام,يحتاجون اهتمام,1,140.0,2026-08-24,47
نورة السالم,قلوريز,الرياض,يحتاجون اهتمام,1,140.0,2026-08-23,48
نايف الجهني,قلوريز,الدمام,يحتاجون اهتمام,1,140.0,2026-08-18,53
جود القحطاني,قلوريز,الرياض,يحتاجون اهتمام,1,140.0,2026-08-17,54
نايف الشهري,قلوريز,الرياض,يحتاجون اهتمام,1,140.0,2026-08-13,58
لمى البقمي,قلوريز,مكة,يحتاجون اهتمام,1,140.0,2026-08-13,58
شهد الغامدي,قلوريز,الرياض,يحتاجون اهتمام,1,140.0,2026-08-13,58
أمل القحطاني,قلوريز,الخبر,يحتاجون اهتمام,1,140.0,2026-08-11,60
أمل الشهري,قلوريز,الرياض,يحتاجون اهتمام,1,140.0,2026-08-01,70
جود الجهني,قلوريز,الرياض,يحتاجون اهتمام,1,140.0,2026-07-27,75
محمد الغامدي,قلوريز,الرياض,يحتاجون اهتمام,1,140.0,2026-07-25,77
بندر المالكي,قلوريز,القصيم,يحتاجون اهتمام,1,140.0,2026-07-25,77
هند الشهري,قلوريز,المدينة,يحتاجون اهتمام,1,140.0,2026-07-24,78
دانة البقمي,قلوريز,الرياض,يحتاجون اهتمام,1,140.0,2026-07-23,79
عبدالله الدوسري,قلوريز,تبوك,يحتاجون اهتمام,1,140.0,2026-07-21,81
غادة الرشيدي,قلوريز,الرياض,يحتاجون اهتمام,1,140.0,2026-07-21,81
ريم البقمي,قلوريز,الرياض,يحتاجون اهتمام,1,140.0,2026-07-17,85
لمى المطيري,قلوريز,الخبر,يحتاجون اهتمام,1,140.0,2026-07-14,88
ريم الغامدي,قلوريز,الدمام,يحتاجون اهتمام,1,140.0,2026-07-11,91
ريم الزهراني,قلوريز,مكة,يحتاجون اهتمام,1,140.0,2026-06-29,103
نورة الجهني,قلوريز,الرياض,يحتاجون اهتمام,1,140.0,2026-06-27,105
عبدالله السبيعي,قلوريز,الرياض,يحتاجون اهتمام,1,140.0,2026-06-27,105
تركي الجهني,قلوريز,الرياض,يحتاجون اهتمام,1,140.0,2026-06-12,120
سلطان الجهني,قلوريز,مكة,يحتاجون اهتمام,1,139.0,2026-08-31,40
خالد العنزي,قلوريز,الرياض,يحتاجون اهتمام,1,139.0,2026-08-08,63
ماجد الدوسري,قلوريز,الخبر,يحتاجون اهتمام,2,138.0,2026-09-14,26
فهد الدوسري,قلوريز,الرياض,يحتاجون اهتمام,1,138.0,2026-09-09,31
بندر الرشيدي,قلوريز,الرياض,يحتاجون اهتمام,2,138.0,2026-09-02,38
ماجد البقمي,قلوريز,الخبر,يحتاجون اهتمام,1,138.0,2026-08-31,40
منيرة الشمري,قلوريز,مكة,يحتاجون اهتمام,1,138.0,2026-08-31,40
دانة الغامدي,قلوريز,مكة,يحتاجون اهتمام,1,138.0,2026-08-21,50
فهد السالم,قلوريز,جدة,يحتاجون اهتمام,1,138.0,2026-08-19,52
لمى العنزي,قلوريز,جدة,يحتاجون اهتمام,1,138.0,2026-08-17,54
غادة الشمري,قلوريز,جدة,يحتاجون اهتمام,1,138.0,2026-08-15,56
دانة الجهني,قلوريز,أبها,يحتاجون اهتمام,1,138.0,2026-08-08,63
عبير الحربي,قلوريز,الرياض,يحتاجون اهتمام,1,138.0,2026-08-06,65
شهد المطيري,قلوريز,الرياض,يحتاجون اهتمام,1,138.0,2026-07-30,72
عبدالله السالم,قلوريز,الرياض,يحتاجون اهتمام,1,138.0,2026-07-16,86
راكان الحربي,قلوريز,تبوك,يحتاجون اهتمام,1,138.0,2026-07-15,87
راكان الرشيدي,قلوريز,جدة,يحتاجون اهتمام,1,138.0,2026-07-10,92
منيرة الزهراني,قلوريز,الرياض,يحتاجون اهتمام,1,138.0,2026-07-04,98
شهد الرشيدي,قلوريز,الرياض,يحتاجون اهتمام,1,138.0,2026-07-03,99
منيرة الدوسري,قلوريز,المدينة,يحتاجون اهتمام,1,138.0,2026-07-02,100
أمل الدوسري,قلوريز,الدمام,يحتاجون اهتمام,1,138.0,2026-06-20,112
فهد العنزي,قلوريز,الرياض,يحتاجون اهتمام,1,137.0,2026-08-04,67
خالد الحربي,قلوريز,الرياض,يحتاجون اهتمام,1,137.0,2026-06-24,108
لمى الحربي,قلوريز,الرياض,يحتاجون اهتمام,1,137.0,2026-06-17,115
عبير الحربي,قلوريز,مكة,يحتاجون اهتمام,2,136.0,2026-10-05,5
لمى الحربي,قلوريز,الخبر,يحتاجون اهتمام,2,134.0,2026-10-08,2
جود الدوسري,قلوريز,القصيم,يحتاجون اهتمام,1,134.0,2026-09-07,33
بندر المالكي,قلوريز,الخبر,يحتاجون اهتمام,1,134.0,2026-09-05,35
سارة العتيبي,قلوريز,الرياض,يحتاجون اهتمام,1,134.0,2026-08-15,56
ماجد العتيبي,قلوريز,الرياض,يحتاجون اهتمام,1,134.0,2026-08-03,68
ياسر الجهني,قلوريز,مكة,يحتاجون اهتمام,1,134.0,2026-07-06,96
رهف العنزي,قلوريز,أبها,يحتاجون اهتمام,1,134.0,2026-06-26,106
هند المالكي,قلوريز,الرياض,يحتاجون اهتمام,1,134.0,2026-06-24,108
نورة الغامدي,قلوريز,الرياض,يحتاجون اهتمام,1,134.0,2026-06-22,110
جود الحربي,قلوريز,الدمام,يحتاجون اهتمام,1,134.0,2026-06-13,119
خالد العنزي,سموذ,جدة,يحتاجون اهتمام,1,133.0,2026-09-08,32
هند الشمري,قلوريز,المدينة,يحتاجون اهتمام,1,133.0,2026-08-25,46
عبير الشمري,سموذ,مكة,يحتاجون اهتمام,1,133.0,2026-08-14,57
منيرة الرشيدي,سموذ,الخبر,يحتاجون اهتمام,1,133.0,2026-08-03,68
سلطان السالم,قلوريز,جدة,يحتاجون اهتمام,1,133.0,2026-07-23,79
دانة الغامدي,قلوريز,الرياض,يحتاجون اهتمام,1,133.0,2026-07-20,82
تركي القحطاني,سموذ,الرياض,يحتاجون اهتمام,1,133.0,2026-07-08,94
ريم الجهني,سموذ,جدة,يحتاجون اهتمام,1,133.0,2026-06-26,106
غادة السبيعي,قلوريز,الدمام,يحتاجون اهتمام,2,130.0,2026-09-10,30
خالد العتيبي,قلوريز,القصيم,يحتاجون اهتمام,1,130.0,2026-09-06,34
عبدالله القحطاني,قلوريز,مكة,يحتاجون اهتمام,1,130.0,2026-09-03,37
سارة السالم,قلوريز,الخبر,يحتاجون اهتمام,1,130.0,2026-09-03,37
رهف البقمي,قلوريز,الرياض,يحتاجون اهتمام,1,130.0,2026-08-10,61
غادة الشمري,قلوريز,الرياض,يحتاجون اهتمام,1,130.0,2026-08-09,62
عبير الحربي,قلوريز,الرياض,يحتاجون اهتمام,1,130.0,2026-08-03,68
غادة الزهراني,قلوريز,جدة,يحتاجون اهتمام,1,130.0,2026-07-28,74
شهد المالكي,قلوريز,الدمام,يحتاجون اهتمام,1,130.0,2026-07-23,79
عبدالله الجهني,قلوريز,الرياض,يحتاجون اهتمام,1,130.0,2026-07-14,88
أمل العنزي,قلوريز,جدة,يحتاجون اهتمام,1,130.0,2026-06-30,102
راكان الدوسري,قلوريز,مكة,يحتاجون اهتمام,1,129.0,2026-09-01,39
سارة السالم,قلوريز,الرياض,يحتاجون اهتمام,2,128.0,2026-10-10,0
رهف البقمي,قلوريز,جدة,يحتاجون اهتمام,2,128.0,2026-09-18,22
منيرة الغامدي,قلوريز,المدينة,يحتاجون اهتمام,2,128.0,2026-09-06,34
بندر العتيبي,قلوريز,القصيم,يحتاجون اهتمام,2,128.0,2026-09-01,39
راكان المطيري,قلوريز,جدة,يحتاجون اهتمام,2,128.0,2026-08-28,43
ياسر الحربي,قلوريز,مكة,يحتاجون اهتمام,1,128.0,2026-08-13,58
محمد الدوسري,قلوريز,الرياض,يحتاجون اهتمام,1,128.0,2026-08-12,59
عبير المالكي,قلوريز,جدة,يحتاجون اهتمام,1,128.0,2026-08-03,68
ياسر السبيعي,قلوريز,جدة,يحتاجون اهتمام,1,128.0,2026-06-23,109
نايف الدوسري,سموذ,جدة,يحتاجون اهتمام,1,127.0,2026-06-28,104
لمى الدوسري,قلوريز,الرياض,يحتاجون اهتمام,2,126.0,2026-09-07,33
هند السبيعي,قلوريز,المدينة,يحتاجون اهتمام,1,126.0,2026-09-02,38
فهد العنزي,قلوريز,الرياض,يحتاجون اهتمام,1,125.0,2026-08-31,40
محمد السالم,قلوريز,مكة,يحتاجون اهتمام,1,125.0,2026-08-16,55
دانة البقمي,قلوريز,القصيم,يحتاجون اهتمام,1,125.0,2026-08-12,59
عبير القحطاني,قلوريز,المدينة,يحتاجون اهتمام,1,125.0,2026-06-29,103
نايف الدوسري,قلوريز,مكة,يحتاجون اهتمام,2,124.0,2026-09-22,18
نورة السالم,قلوريز,الرياض,يحتاجون اهتمام,2,124.0,2026-09-11,29
ماجد البقمي,قلوريز,جدة,يحتاجون اهتمام,2,124.0,2026-08-30,41
شهد الجهني,قلوريز,تبوك,يحتاجون اهتمام,1,124.0,2026-08-14,57
سلطان الزهراني,قلوريز,الرياض,يحتاجون اهتمام,1,124.0,2026-07-15,87
أمل العتيبي,قلوريز,جدة,يحتاجون اهتمام,1,124.0,2026-07-14,88
ياسر البقمي,قلوريز,الرياض,يحتاجون اهتمام,1,124.0,2026-06-29,103
فهد السالم,قلوريز,المدينة,يحتاجون اهتمام,2,123.0,2026-08-31,40
جود الجهني,قلوريز,الدمام,يحتاجون اهتمام,1,123.0,2026-08-21,50
غادة الدوسري,قلوريز,الرياض,يحتاجون اهتمام,1,123.0,2026-08-21,50
أمل السبيعي,قلوريز,جدة,يحتاجون اهتمام,1,122.0,2026-07-29,73
عبدالله الجهني,قلوريز,الرياض,يحتاجون اهتمام,1,122.0,2026-06-30,102
غادة البقمي,سموذ,جدة,يحتاجون اهتمام,1,121.0,2026-08-16,55
خالد السالم,سموذ,الدمام,يحتاجون اهتمام,1,120.0,2026-09-08,32
رهف الحربي,سموذ,الدمام,يحتاجون اهتمام,1,120.0,2026-09-07,33
محمد السالم,سموذ,الرياض,يحتاجون اهتمام,1,120.0,2026-09-04,36
ماجد الجهني,سموذ,مكة,يحتاجون اهتمام,1,120.0,2026-09-04,36
نورة الزهراني,سموذ,مكة,يحتاجون اهتمام,1,120.0,2026-08-28,43
محمد المطيري,سموذ,الرياض,يحتاجون اهتمام,1,120.0,2026-08-24,47
شهد الشمري,سموذ,الخبر,يحتاجون اهتمام,1,120.0,2026-08-21,50
راكان القحطاني,سموذ,المدينة,يحتاجون اهتمام,1,120.0,2026-08-16,55
هند السبيعي,سموذ,الخبر,يحتاجون اهتمام,1,120.0,2026-08-11,60
عبير الشهري,سموذ,الرياض,يحتاجون اهتمام,1,120.0,2026-08-09,62
غادة القحطاني,سموذ,الخبر,يحتاجون اهتمام,1,120.0,2026-08-05,66
جود الجهني,سموذ,الخبر,يحتاجون اهتمام,1,120.0,2026-08-04,67
سلطان الزهراني,سموذ,الدمام,يحتاجون اهتمام,1,120.0,2026-07-31,71
محمد الرشيدي,سموذ,الدمام,يحتاجون اهتمام,1,120.0,2026-07-29,73
لمى الرشيدي,سموذ,مكة,يحتاجون اهتمام,1,120.0,2026-07-22,80
دانة المطيري,سموذ,الرياض,يحتاجون اهتمام,1,120.0,2026-07-22,80
ياسر السالم,سموذ,القصيم,يحتاجون اهتمام,1,120.0,2026-07-21,81
راكان الزهراني,قلوريز,أبها,يحتاجون اهتمام,1,120.0,2026-07-17,85
بندر المطيري,سموذ,جدة,يحتاجون اهتمام,1,120.0,2026-07-14,88
نايف المالكي,سموذ,جدة,يحتاجون اهتمام,1,120.0,2026-07-14,88
دانة الحربي,سموذ,الرياض,يحتاجون اهتمام,1,120.0,2026-07-10,92
ماجد البقمي,سموذ,الدمام,يحتاجون اهتمام,1,120.0,2026-07-03,99
جود العتيبي,سموذ,الدمام,يحتاجون اهتمام,1,120.0,2026-06-29,103
عبير الشمري,سموذ,المدينة,يحتاجون اهتمام,1,120.0,2026-06-26,106
ريم الرشيدي,سموذ,الرياض,يحتاجون اهتمام,1,120.0,2026-06-24,108
دانة المالكي,سموذ,الرياض,يحتاجون اهتمام,1,120.0,2026-06-19,113
جود السبيعي,سموذ,جدة,يحتاجون اهتمام,1,120.0,2026-06-18,114
سارة الغامدي,سموذ,الخبر,يحتاجون اهتمام,1,120.0,2026-06-12,120
ياسر المطيري,قلوريز,الرياض,يحتاجون اهتمام,1,118.0,2026-09-06,34
بندر المالكي,قلوريز,المدينة,يحتاجون اهتمام,1,118.0,2026-09-03,37
ماجد الدوسري,قلوريز,مكة,يحتاجون اهتمام,1,118.0,2026-09-01,39
دانة المالكي,قلوريز,الدمام,يحتاجون اهتمام,1,118.0,2026-08-26,45
لمى الشمري,قلوريز,مكة,يحتاجون اهتمام,1,118.0,2026-08-26,45
جود القحطاني,قلوريز,الرياض,يحتاجون اهتمام,1,118.0,2026-08-21,50
عبدالله الجهني,قلوريز,المدينة,يحتاجون اهتمام,1,118.0,2026-08-15,56
هند السالم,قلوريز,مكة,يحتاجون اهتمام,1,118.0,2026-08-13,58
منيرة الشمري,قلوريز,الخبر,يحتاجون اهتمام,1,118.0,2026-08-11,60
ريم المالكي,قلوريز,مكة,يحتاجون اهتمام,1,118.0,2026-08-08,63
هند العنزي,قلوريز,الرياض,يحتاجون اهتمام,1,118.0,2026-08-04,67
نورة الشمري,قلوريز,المدينة,يحتاجون اهتمام,1,118.0,2026-08-03,68
أمل البقمي,قلوريز,الرياض,يحتاجون اهتمام,1,118.0,2026-08-03,68
بندر العنزي,قلوريز,الرياض,يحتاجون اهتمام,1,118.0,2026-07-30,72
لمى الرشيدي,قلوريز,الرياض,يحتاجون اهتمام,1,118.0,2026-07-30,72
لمى الجهني,قلوريز,المدينة,يحتاجون اهتمام,1,118.0,2026-07-26,76
دانة السالم,قلوريز,مكة,يحتاجون اهتمام,1,118.0,2026-07-21,81
خالد المالكي,قلوريز,الرياض,يحتاجون اهتمام,1,118.0,2026-07-13,89
ماجد العتيبي,قلوريز,الرياض,يحتاجون اهتمام,1,118.0,2026-07-09,93
دانة المطيري,قلوريز,مكة,يحتاجون اهتمام,1,117.0,2026-06-30,102
سارة العنزي,قلوريز,الرياض,يحتاجون اهتمام,1,117.0,2026-06-27,105
تركي الرشيدي,قلوريز,الرياض,يحتاجون اهتمام,1,116.0,2026-08-08,63
سارة المالكي,قلوريز,الرياض,يحتاجون اهتمام,1,116.0,2026-07-15,87
منيرة العتيبي,قلوريز,جدة,يحتاجون اهتمام,1,116.0,2026-07-07,95
ماجد الحربي,قلوريز,المدينة,يحتاجون اهتمام,1,114.0,2026-09-03,37
رهف القحطاني,قلوريز,الرياض,يحتاجون اهتمام,1,114.0,2026-08-26,45
دانة البقمي,قلوريز,الرياض,يحتاجون اهتمام,1,114.0,2026-08-24,47
لمى السالم,قلوريز,جدة,يحتاجون اهتمام,1,114.0,2026-08-22,49
نايف الشهري,قلوريز,جدة,يحتاجون اهتمام,1,114.0,2026-08-18,53
عبدالله السبيعي,قلوريز,الدمام,يحتاجون اهتمام,1,114.0,2026-08-15,56
ماجد الدوسري,قلوريز,الرياض,يحتاجون اهتمام,1,114.0,2026-07-31,71
تركي الزهراني,قلوريز,المدينة,يحتاجون اهتمام,1,114.0,2026-07-21,81
خالد العتيبي,قلوريز,الدمام,يحتاجون اهتمام,1,114.0,2026-07-12,90
دانة الزهراني,قلوريز,جدة,يحتاجون اهتمام,1,114.0,2026-07-07,95
ماجد الدوسري,قلوريز,الرياض,يحتاجون اهتمام,1,114.0,2026-07-05,97
فهد الشمري,قلوريز,الرياض,يحتاجون اهتمام,1,114.0,2026-07-01,101
نايف السالم,قلوريز,الرياض,يحتاجون اهتمام,1,112.0,2026-06-20,112
محمد الشهري,قلوريز,مكة,يحتاجون اهتمام,1,111.0,2026-06-21,111
غادة الرشيدي,قلوريز,الدمام,يحتاجون اهتمام,2,110.0,2026-09-30,10
جود الجهني,سموذ,جدة,يحتاجون اهتمام,1,110.0,2026-09-09,31
عبدالله الزهراني,سموذ,الرياض,يحتاجون اهتمام,1,110.0,2026-09-07,33
فهد الدوسري,سموذ,الرياض,يحتاجون اهتمام,1,110.0,2026-09-06,34
تركي القحطاني,قلوريز,الرياض,يحتاجون اهتمام,1,110.0,2026-09-02,38
راكان الجهني,سموذ,أبها,يحتاجون اهتمام,1,110.0,2026-09-02,38
منيرة القحطاني,قلوريز,تبوك,يحتاجون اهتمام,1,110.0,2026-08-28,43
محمد الزهراني,سموذ,القصيم,يحتاجون اهتمام,1,110.0,2026-08-25,46
راكان السالم,قلوريز,الرياض,يحتاجون اهتمام,1,110.0,2026-08-22,49
تركي العنزي,سموذ,مكة,يحتاجون اهتمام,1,110.0,2026-08-21,50
سارة الزهراني,قلوريز,الدمام,يحتاجون اهتمام,1,110.0,2026-08-17,54
دانة السالم,سموذ,الرياض,يحتاجون اهتمام,1,110.0,2026-08-15,56
عبير المطيري,سموذ,مكة,يحتاجون اهتمام,1,110.0,2026-08-13,58
غادة الرشيدي,سموذ,جدة,يحتاجون اهتمام,1,110.0,2026-08-10,61
جود الجهني,سموذ,مكة,يحتاجون اهتمام,1,110.0,2026-08-09,62
بندر العنزي,سموذ,المدينة,يحتاجون اهتمام,1,110.0,2026-08-08,63
ريم الدوسري,سموذ,الدمام,يحتاجون اهتمام,1,110.0,2026-08-05,66
شهد الحربي,سموذ,الرياض,يحتاجون اهتمام,1,110.0,2026-08-02,69
غادة الزهراني,سموذ,الدمام,يحتاجون اهتمام,1,110.0,2026-08-01,70
ريم المالكي,سموذ,أبها,يحتاجون اهتمام,1,110.0,2026-07-28,74
بندر السبيعي,سموذ,جدة,يحتاجون اهتمام,1,110.0,2026-07-26,76
ياسر البقمي,قلوريز,الرياض,يحتاجون اهتمام,1,110.0,2026-07-25,77
راكان الرشيدي,قلوريز,جدة,يحتاجون اهتمام,1,110.0,2026-07-20,82
سلطان المالكي,سموذ,المدينة,يحتاجون اهتمام,1,110.0,2026-07-16,86
فهد الغامدي,سموذ,الرياض,يحتاجون اهتمام,1,110.0,2026-07-14,88
ياسر الجهني,سموذ,جدة,يحتاجون اهتمام,1,110.0,2026-07-12,90
جود المالكي,سموذ,القصيم,يحتاجون اهتمام,1,110.0,2026-07-03,99
نايف السالم,سموذ,الرياض,يحتاجون اهتمام,1,110.0,2026-07-02,100
دانة العتيبي,سموذ,الدمام,يحتاجون اهتمام,1,110.0,2026-07-01,101
تركي السالم,سموذ,مكة,يحتاجون اهتمام,1,110.0,2026-06-28,104
فهد الشمري,سموذ,جدة,يحتاجون اهتمام,1,110.0,2026-06-15,117
دانة الشهري,قلوريز,جدة,يحتاجون اهتمام,1,108.0,2026-09-06,34
فهد العنزي,قلوريز,المدينة,يحتاجون اهتمام,1,108.0,2026-09-04,36
خالد الزهراني,قلوريز,تبوك,يحتاجون اهتمام,1,108.0,2026-09-02,38
سلطان الجهني,قلوريز,الرياض,يحتاجون اهتمام,1,108.0,2026-08-06,65
دانة الدوسري,قلوريز,أبها,يحتاجون اهتمام,1,108.0,2026-07-27,75
دانة الجهني,قلوريز,الدمام,يحتاجون اهتمام,1,108.0,2026-06-26,106
رهف العتيبي,قلوريز,الدمام,يحتاجون اهتمام,1,108.0,2026-06-19,113
ياسر الجهني,قلوريز,الرياض,يحتاجون اهتمام,1,108.0,2026-06-12,120
هند المطيري,قلوريز,المدينة,يحتاجون اهتمام,2,106.0,2026-09-18,22
أمل العنزي,سموذ,الدمام,يحتاجون اهتمام,1,106.0,2026-07-27,75
عبدالله الغامدي,قلوريز,جدة,يحتاجون اهتمام,1,105.0,2026-07-24,78
لمى السبيعي,قلوريز,الرياض,يحتاجون اهتمام,1,105.0,2026-07-19,83
عبدالله المطيري,قلوريز,الرياض,يحتاجون اهتمام,1,105.0,2026-07-19,83
لمى الدوسري,قلوريز,جدة,يحتاجون اهتمام,1,104.0,2026-08-25,46
محمد المطيري,قلوريز,الدمام,يحتاجون اهتمام,1,104.0,2026-07-24,78
غادة الزهراني,قلوريز,مكة,يحتاجون اهتمام,1,104.0,2026-06-27,105
هند السبيعي,قلوريز,مكة,يحتاجون اهتمام,1,104.0,2026-06-25,107
خالد الرشيدي,قلوريز,الرياض,يحتاجون اهتمام,1,103.0,2026-08-17,54
نايف الجهني,سموذ,الرياض,يحتاجون اهتمام,1,102.0,2026-09-07,33
جود الشمري,سموذ,الرياض,يحتاجون اهتمام,1,102.0,2026-08-26,45
عبير السالم,سموذ,الرياض,يحتاجون اهتمام,1,102.0,2026-08-22,49
راكان العتيبي,سموذ,مكة,يحتاجون اهتمام,1,102.0,2026-07-22,80
أمل الدوسري,سموذ,الرياض,يحتاجون اهتمام,1,102.0,2026-07-07,95
رهف الزهراني,سموذ,الخبر,يحتاجون اهتمام,1,102.0,2026-07-05,97
هند الشمري,سموذ,جدة,يحتاجون اهتمام,1,101.0,2026-07-23,79
لمى الزهراني,سموذ,الرياض,يحتاجون اهتمام,1,101.0,2026-07-17,85
رهف الزهراني,قلوريز,القصيم,يحتاجون اهتمام,1,101.0,2026-06-19,113
ريم العتيبي,قلوريز,تبوك,يحتاجون اهتمام,1,101.0,2026-06-13,119
تركي القحطاني,سموذ,تبوك,يحتاجون اهتمام,1,100.0,2026-09-09,31
ريم القحطاني,سموذ,الرياض,يحتاجون اهتمام,1,100.0,2026-09-05,35
راكان الشمري,سموذ,الدمام,يحتاجون اهتمام,1,100.0,2026-09-04,36
أمل العنزي,سموذ,مكة,يحتاجون اهتمام,1,100.0,2026-09-04,36
نايف الشهري,سموذ,تبوك,يحتاجون اهتمام,1,100.0,2026-09-01,39
منيرة المالكي,سموذ,الرياض,يحتاجون اهتمام,1,100.0,2026-08-28,43
راكان السبيعي,سموذ,الدمام,يحتاجون اهتمام,1,100.0,2026-08-27,44
منيرة الشهري,سموذ,مكة,يحتاجون اهتمام,1,100.0,2026-08-24,47
غادة الرشيدي,سموذ,الرياض,يحتاجون اهتمام,1,100.0,2026-08-24,47
تركي البقمي,سموذ,مكة,يحتاجون اهتمام,1,100.0,2026-08-23,48
هند الرشيدي,سموذ,الرياض,يحتاجون اهتمام,1,100.0,2026-08-22,49
عبير الرشيدي,سموذ,القصيم,يحتاجون اهتمام,1,100.0,2026-08-21,50
رهف الزهراني,سموذ,مكة,يحتاجون اهتمام,1,100.0,2026-08-19,52
دانة الغامدي,سموذ,الرياض,يحتاجون اهتمام,1,100.0,2026-08-15,56
سارة الزهراني,سموذ,الرياض,يحتاجون اهتمام,1,100.0,2026-08-14,57
ياسر البقمي,سموذ,أبها,يحتاجون اهتمام,1,100.0,2026-08-11,60
محمد المالكي,سموذ,المدينة,يحتاجون اهتمام,1,100.0,2026-08-10,61
نايف الشمري,سموذ,مكة,يحتاجون اهتمام,1,100.0,2026-08-07,64
محمد العنزي,قلوريز,جدة,يحتاجون اهتمام,1,100.0,2026-08-05,66
نايف المالكي,سموذ,الرياض,يحتاجون اهتمام,1,100.0,2026-08-04,67
رهف الرشيدي,سموذ,القصيم,يحتاجون اهتمام,1,100.0,2026-08-04,67
ماجد السبيعي,سموذ,الرياض,يحتاجون اهتمام,1,100.0,2026-07-26,76
نورة السالم,سموذ,الدمام,يحتاجون اهتمام,1,100.0,2026-07-26,76
جود الرشيدي,سموذ,الرياض,يحتاجون اهتمام,1,100.0,2026-07-25,77
ماجد الدوسري,سموذ,الرياض,يحتاجون اهتمام,1,100.0,2026-07-19,83
بندر البقمي,قلوريز,جدة,يحتاجون اهتمام,1,100.0,2026-07-16,86
راكان الشمري,سموذ,الرياض,يحتاجون اهتمام,1,100.0,2026-07-10,92
دانة الغامدي,سموذ,جدة,يحتاجون اهتمام,1,100.0,2026-06-30,102
نورة القحطاني,سموذ,الرياض,يحتاجون اهتمام,1,100.0,2026-06-20,112
سارة الشمري,سموذ,الدمام,يحتاجون اهتمام,1,100.0,2026-06-13,119
عبير الحربي,سموذ,جدة,يحتاجون اهتمام,1,100.0,2026-06-12,120
شهد السبيعي,قلوريز,أبها,يحتاجون اهتمام,1,98.0,2026-09-09,31
عبدالله الدوسري,قلوريز,الرياض,يحتاجون اهتمام,1,98.0,2026-09-09,31
ريم العتيبي,قلوريز,الرياض,يحتاجون اهتمام,1,98.0,2026-09-01,39
جود الحربي,قلوريز,جدة,يحتاجون اهتمام,1,98.0,2026-08-29,42
ريم المطيري,قلوريز,الرياض,يحتاجون اهتمام,1,98.0,2026-08-24,47
رهف الدوسري,قلوريز,الرياض,يحتاجون اهتمام,1,98.0,2026-08-23,48
ياسر الجهني,قلوريز,مكة,يحتاجون اهتمام,1,98.0,2026-08-22,49
رهف العنزي,قلوريز,جدة,يحتاجون اهتمام,1,98.0,2026-08-16,55
بندر السبيعي,قلوريز,جدة,يحتاجون اهتمام,1,98.0,2026-08-12,59
ماجد السبيعي,قلوريز,مكة,يحتاجون اهتمام,1,98.0,2026-08-09,62
راكان السبيعي,قلوريز,الرياض,يحتاجون اهتمام,1,98.0,2026-08-06,65
عبدالله المطيري,قلوريز,الخبر,يحتاجون اهتمام,1,98.0,2026-08-06,65
رهف العنزي,قلوريز,مكة,يحتاجون اهتمام,1,98.0,2026-08-01,70
نايف الدوسري,قلوريز,مكة,يحتاجون اهتمام,1,98.0,2026-07-14,88
نورة السبيعي,قلوريز,الرياض,يحتاجون اهتمام,1,98.0,2026-07-08,94
ريم السالم,قلوريز,الرياض,يحتاجون اهتمام,1,98.0,2026-06-29,103
عبدالله الشمري,قلوريز,جدة,يحتاجون اهتمام,1,98.0,2026-06-29,103
لمى الشهري,قلوريز,الرياض,يحتاجون اهتمام,1,98.0,2026-06-16,116
ريم البقمي,قلوريز,الرياض,يحتاجون اهتمام,1,95.0,2026-07-20,82
راكان القحطاني,قلوريز,جدة,يحتاجون اهتمام,1,94.0,2026-09-09,31
نايف الرشيدي,قلوريز,الدمام,يحتاجون اهتمام,1,94.0,2026-09-08,32
ماجد العتيبي,قلوريز,الدمام,يحتاجون اهتمام,1,94.0,2026-07-05,97
سلطان الغامدي,قلوريز,مكة,يحتاجون اهتمام,1,94.0,2026-07-02,100
محمد المالكي,قلوريز,مكة,يحتاجون اهتمام,1,94.0,2026-06-15,117
بندر السالم,سموذ,الدمام,يحتاجون اهتمام,1,93.0,2026-06-22,110
ماجد المالكي,سموذ,القصيم,يحتاجون اهتمام,1,92.0,2026-08-08,63
دانة السبيعي,سموذ,الرياض,يحتاجون اهتمام,1,92.0,2026-07-31,71
دانة العتيبي,سموذ,الرياض,يحتاجون اهتمام,1,92.0,2026-07-10,92
رهف المالكي,سموذ,القصيم,يحتاجون اهتمام,1,92.0,2026-06-30,102
عبير المالكي,سموذ,الرياض,يحتاجون اهتمام,1,92.0,2026-06-18,114
تركي المطيري,قلوريز,جدة,يحتاجون اهتمام,1,91.0,2026-08-22,49
ماجد الدوسري,قلوريز,جدة,يحتاجون اهتمام,1,90.0,2026-09-09,31
شهد الجهني,قلوريز,الخبر,يحتاجون اهتمام,1,90.0,2026-09-08,32
تركي الدوسري,قلوريز,الرياض,يحتاجون اهتمام,1,90.0,2026-09-06,34
رهف الدوسري,قلوريز,الرياض,يحتاجون اهتمام,1,90.0,2026-08-29,42
أمل الحربي,قلوريز,الرياض,يحتاجون اهتمام,1,90.0,2026-08-15,56
رهف الرشيدي,قلوريز,جدة,يحتاجون اهتمام,1,90.0,2026-08-10,61
لمى العنزي,قلوريز,مكة,يحتاجون اهتمام,1,90.0,2026-07-24,78
منيرة القحطاني,قلوريز,الرياض,يحتاجون اهتمام,1,90.0,2026-07-23,79
دانة العنزي,قلوريز,مكة,يحتاجون اهتمام,1,90.0,2026-07-13,89
فهد الدوسري,قلوريز,المدينة,يحتاجون اهتمام,1,90.0,2026-07-10,92
نايف الجهني,قلوريز,الرياض,يحتاجون اهتمام,1,90.0,2026-07-05,97
غادة الحربي,قلوريز,تبوك,يحتاجون اهتمام,1,90.0,2026-07-05,97
منيرة الشهري,قلوريز,الخبر,يحتاجون اهتمام,1,90.0,2026-06-23,109
رهف السالم,قلوريز,الرياض,يحتاجون اهتمام,1,90.0,2026-06-13,119
خالد الشهري,قلوريز,الرياض,يحتاجون اهتمام,1,86.0,2026-08-06,65
نايف العنزي,قلوريز,المدينة,يحتاجون اهتمام,1,86.0,2026-06-14,118
هند الجهني,سموذ,جدة,يحتاجون اهتمام,1,85.0,2026-08-20,51
هند الرشيدي,سموذ,الرياض,يحتاجون اهتمام,1,85.0,2026-07-16,86
لمى السبيعي,قلوريز,الرياض,يحتاجون اهتمام,1,83.0,2026-07-31,71
عبير القحطاني,قلوريز,الرياض,يحتاجون اهتمام,1,79.0,2026-09-09,31
دانة السالم,قلوريز,جدة,يحتاجون اهتمام,1,79.0,2026-08-27,44
فهد الشمري,قلوريز,المدينة,يحتاجون اهتمام,1,79.0,2026-08-23,48
راكان السالم,قلوريز,الدمام,يحتاجون اهتمام,1,79.0,2026-08-22,49
عبدالله القحطاني,قلوريز,جدة,يحتاجون اهتمام,1,79.0,2026-08-18,53
ماجد السبيعي,قلوريز,الدمام,يحتاجون اهتمام,1,79.0,2026-08-18,53
تركي الجهني,قلوريز,الرياض,يحتاجون اهتمام,1,79.0,2026-08-17,54
سلطان العتيبي,قلوريز,جدة,يحتاجون اهتمام,1,79.0,2026-08-16,55
ماجد العتيبي,قلوريز,الرياض,يحتاجون اهتمام,1,79.0,2026-08-15,56
عبير الجهني,قلوريز,الرياض,يحتاجون اهتمام,1,79.0,2026-08-13,58
عبدالله المالكي,قلوريز,الرياض,يحتاجون اهتمام,1,79.0,2026-08-13,58
دانة الزهراني,قلوريز,تبوك,يحتاجون اهتمام,1,79.0,2026-08-09,62
لمى السالم,قلوريز,مكة,يحتاجون اهتمام,1,79.0,2026-08-04,67
عبدالله العتيبي,قلوريز,الرياض,يحتاجون اهتمام,1,79.0,2026-08-03,68
سارة المالكي,قلوريز,الرياض,يحتاجون اهتمام,1,79.0,2026-07-31,71
ياسر المالكي,قلوريز,القصيم,يحتاجون اهتمام,1,79.0,2026-07-29,73
ماجد القحطاني,قلوريز,الرياض,يحتاجون اهتمام,1,79.0,2026-07-27,75
لمى القحطاني,قلوريز,جدة,يحتاجون اهتمام,1,79.0,2026-07-26,76
رهف المالكي,قلوريز,القصيم,يحتاجون اهتمام,1,79.0,2026-07-23,79
سلطان القحطاني,قلوريز,جدة,يحتاجون اهتمام,1,79.0,2026-07-18,84
سارة الزهراني,قلوريز,مكة,يحتاجون اهتمام,1,79.0,2026-07-13,89
هند العتيبي,قلوريز,مكة,يحتاجون اهتمام,1,79.0,2026-07-12,90
هند المالكي,قلوريز,المدينة,يحتاجون اهتمام,1,79.0,2026-07-06,96
ريم المالكي,قلوريز,القصيم,يحتاجون اهتمام,1,79.0,2026-07-06,96
شهد الشمري,قلوريز,جدة,يحتاجون اهتمام,1,79.0,2026-07-04,98
دانة الزهراني,قلوريز,الدمام,يحتاجون اهتمام,1,79.0,2026-07-03,99
جود البقمي,قلوريز,الدمام,يحتاجون اهتمام,1,79.0,2026-07-03,99
ياسر الحربي,قلوريز,الدمام,يحتاجون اهتمام,1,79.0,2026-06-29,103
ريم الدوسري,قلوريز,الخبر,يحتاجون اهتمام,1,79.0,2026-06-29,103
نايف الشهري,قلوريز,جدة,يحتاجون اهتمام,1,79.0,2026-06-23,109
منيرة الغامدي,قلوريز,الرياض,يحتاجون اهتمام,1,79.0,2026-06-21,111
لمى القحطاني,قلوريز,الخبر,يحتاجون اهتمام,1,79.0,2026-06-21,111
راكان الغامدي,قلوريز,مكة,يحتاجون اهتمام,1,79.0,2026-06-20,112
جود الدوسري,قلوريز,جدة,يحتاجون اهتمام,1,76.0,2026-07-14,88
ياسر الغامدي,قلوريز,الدمام,يحتاجون اهتمام,1,75.0,2026-09-09,31
لمى الغامدي,قلوريز,جدة,يحتاجون اهتمام,1,75.0,2026-09-09,31
جود الجهني,قلوريز,الدمام,يحتاجون اهتمام,1,75.0,2026-09-08,32
ياسر المالكي,قلوريز,الرياض,يحتاجون اهتمام,1,75.0,2026-09-04,36
بندر الشهري,قلوريز,المدينة,يحتاجون اهتمام,1,75.0,2026-09-04,36
عبدالله الشمري,قلوريز,جدة,يحتاجون اهتمام,1,75.0,2026-09-02,38
هند العنزي,قلوريز,الرياض,يحتاجون اهتمام,1,75.0,2026-09-01,39
أمل المطيري,قلوريز,المدينة,يحتاجون اهتمام,1,75.0,2026-08-31,40
غادة الشمري,قلوريز,الرياض,يحتاجون اهتمام,1,75.0,2026-08-31,40
خالد الجهني,قلوريز,الدمام,يحتاجون اهتمام,1,75.0,2026-08-30,41
جود الحربي,قلوريز,الرياض,يحتاجون اهتمام,1,75.0,2026-08-29,42
نايف القحطاني,قلوريز,الرياض,يحتاجون اهتمام,1,75.0,2026-08-28,43
رهف الجهني,قلوريز,الرياض,يحتاجون اهتمام,1,75.0,2026-08-26,45
سلطان الرشيدي,قلوريز,جدة,يحتاجون اهتمام,1,75.0,2026-08-24,47
رهف الغامدي,قلوريز,جدة,يحتاجون اهتمام,1,75.0,2026-08-24,47
سلطان السالم,قلوريز,جدة,يحتاجون اهتمام,1,75.0,2026-08-23,48
سلطان البقمي,قلوريز,الرياض,يحتاجون اهتمام,1,75.0,2026-08-14,57
دانة البقمي,قلوريز,جدة,يحتاجون اهتمام,1,75.0,2026-08-14,57
ماجد العنزي,قلوريز,جدة,يحتاجون اهتمام,1,75.0,2026-08-10,61
راكان الشهري,قلوريز,الدمام,يحتاجون اهتمام,1,75.0,2026-08-07,64
دانة الرشيدي,قلوريز,الرياض,يحتاجون اهتمام,1,75.0,2026-08-04,67
ماجد السالم,قلوريز,مكة,يحتاجون اهتمام,1,75.0,2026-08-03,68
راكان العتيبي,قلوريز,الرياض,يحتاجون اهتمام,1,75.0,2026-08-02,69
رهف الزهراني,قلوريز,الرياض,يحتاجون اهتمام,1,75.0,2026-07-31,71
لمى السبيعي,قلوريز,جدة,يحتاجون اهتمام,1,75.0,2026-07-26,76
نورة المالكي,قلوريز,جدة,يحتاجون اهتمام,1,75.0,2026-07-24,78
لمى البقمي,قلوريز,جدة,يحتاجون اهتمام,1,75.0,2026-07-23,79
ماجد الشمري,قلوريز,أبها,يحتاجون اهتمام,1,75.0,2026-07-23,79
محمد العتيبي,قلوريز,تبوك,يحتاجون اهتمام,1,75.0,2026-07-22,80
سارة المطيري,قلوريز,جدة,يحتاجون اهتمام,1,75.0,2026-07-18,84
رهف الحربي,قلوريز,تبوك,يحتاجون اهتمام,1,75.0,2026-07-17,85
راكان الشمري,قلوريز,المدينة,يحتاجون اهتمام,1,75.0,2026-07-16,86
جود الشمري,قلوريز,الرياض,يحتاجون اهتمام,1,75.0,2026-07-15,87
أمل الغامدي,قلوريز,أبها,يحتاجون اهتمام,1,75.0,2026-07-13,89
خالد الزهراني,قلوريز,الرياض,يحتاجون اهتمام,1,75.0,2026-07-12,90
ماجد المطيري,قلوريز,جدة,يحتاجون اهتمام,1,75.0,2026-07-11,91
ياسر السبيعي,قلوريز,الرياض,يحتاجون اهتمام,1,75.0,2026-07-11,91
عبير السالم,قلوريز,الرياض,يحتاجون اهتمام,1,75.0,2026-07-03,99
نورة الدوسري,قلوريز,الرياض,يحتاجون اهتمام,1,75.0,2026-07-01,101
رهف الشمري,قلوريز,مكة,يحتاجون اهتمام,1,75.0,2026-06-28,104
ماجد الشهري,قلوريز,الدمام,يحتاجون اهتمام,1,75.0,2026-06-25,107
نورة الشمري,قلوريز,جدة,يحتاجون اهتمام,1,73.0,2026-08-03,68
سلطان البقمي,قلوريز,مكة,يحتاجون اهتمام,1,73.0,2026-07-16,86
عبير الشهري,قلوريز,مكة,يحتاجون اهتمام,1,73.0,2026-06-26,106
نورة الرشيدي,قلوريز,المدينة,يحتاجون اهتمام,1,70.0,2026-09-06,34
تركي العنزي,قلوريز,مكة,يحتاجون اهتمام,1,70.0,2026-08-14,57
رهف السالم,قلوريز,الرياض,يحتاجون اهتمام,1,70.0,2026-08-02,69
شهد السالم,قلوريز,القصيم,يحتاجون اهتمام,1,70.0,2026-07-12,90
ياسر الزهراني,قلوريز,مكة,يحتاجون اهتمام,1,70.0,2026-07-09,93
غادة الشهري,قلوريز,جدة,يحتاجون اهتمام,1,70.0,2026-06-29,103
لمى المطيري,قلوريز,الخبر,يحتاجون اهتمام,1,69.0,2026-09-08,32
عبير الشمري,قلوريز,أبها,يحتاجون اهتمام,1,69.0,2026-09-03,37
خالد السبيعي,قلوريز,الخبر,يحتاجون اهتمام,1,69.0,2026-09-03,37
سارة الجهني,قلوريز,الرياض,يحتاجون اهتمام,1,69.0,2026-08-30,41
رهف الحربي,قلوريز,أبها,يحتاجون اهتمام,1,69.0,2026-08-27,44
منيرة المالكي,قلوريز,الرياض,يحتاجون اهتمام,1,69.0,2026-08-27,44
محمد الرشيدي,قلوريز,جدة,يحتاجون اهتمام,1,69.0,2026-08-22,49
عبدالله الرشيدي,قلوريز,تبوك,يحتاجون اهتمام,1,69.0,2026-08-20,51
عبدالله العتيبي,قلوريز,المدينة,يحتاجون اهتمام,1,69.0,2026-08-18,53
سارة القحطاني,قلوريز,الدمام,يحتاجون اهتمام,1,69.0,2026-08-18,53
لمى الجهني,قلوريز,مكة,يحتاجون اهتمام,1,69.0,2026-08-13,58
جود المالكي,قلوريز,الرياض,يحتاجون اهتمام,1,69.0,2026-08-07,64
خالد الشمري,قلوريز,المدينة,يحتاجون اهتمام,1,69.0,2026-08-07,64
جود المطيري,قلوريز,جدة,يحتاجون اهتمام,1,69.0,2026-08-06,65
نايف السالم,قلوريز,الدمام,يحتاجون اهتمام,1,69.0,2026-08-06,65
بندر الغامدي,قلوريز,الخبر,يحتاجون اهتمام,1,69.0,2026-08-02,69
هند الزهراني,قلوريز,الخبر,يحتاجون اهتمام,1,69.0,2026-07-31,71
ريم الدوسري,قلوريز,الرياض,يحتاجون اهتمام,1,69.0,2026-07-29,73
سلطان البقمي,قلوريز,تبوك,يحتاجون اهتمام,1,69.0,2026-07-21,81
هند العنزي,قلوريز,المدينة,يحتاجون اهتمام,1,69.0,2026-07-19,83
لمى العنزي,قلوريز,القصيم,يحتاجون اهتمام,1,69.0,2026-07-18,84
نورة العتيبي,قلوريز,الرياض,يحتاجون اهتمام,1,69.0,2026-07-17,85
راكان الجهني,قلوريز,تبوك,يحتاجون اهتمام,1,69.0,2026-07-07,95
هند الشهري,قلوريز,جدة,يحتاجون اهتمام,1,69.0,2026-07-07,95
سلطان الرشيدي,قلوريز,مكة,يحتاجون اهتمام,1,69.0,2026-07-06,96
عبدالله العنزي,قلوريز,الرياض,يحتاجون اهتمام,1,69.0,2026-07-03,99
ماجد الغامدي,قلوريز,جدة,يحتاجون اهتمام,1,69.0,2026-06-30,102
نايف الزهراني,قلوريز,الدمام,يحتاجون اهتمام,1,69.0,2026-06-16,116
منيرة المطيري,قلوريز,تبوك,يحتاجون اهتمام,1,69.0,2026-06-15,117
ماجد الشهري,قلوريز,جدة,يحتاجون اهتمام,1,67.0,2026-09-09,31
نايف القحطاني,قلوريز,الرياض,يحتاجون اهتمام,1,67.0,2026-08-21,50
فهد المالكي,قلوريز,الرياض,يحتاجون اهتمام,1,67.0,2026-08-20,51
فهد العنزي,قلوريز,الخبر,يحتاجون اهتمام,1,67.0,2026-07-19,83
عبير الشمري,قلوريز,جدة,يحتاجون اهتمام,1,67.0,2026-07-13,89
شهد الدوسري,قلوريز,أبها,يحتاجون اهتمام,1,67.0,2026-07-01,101
فهد الشمري,قلوريز,مكة,يحتاجون اهتمام,1,64.0,2026-09-08,32
ياسر الجهني,قلوريز,جدة,يحتاجون اهتمام,1,64.0,2026-08-21,50
أمل البقمي,قلوريز,الرياض,يحتاجون اهتمام,1,64.0,2026-08-14,57
تركي الجهني,قلوريز,الرياض,يحتاجون اهتمام,1,64.0,2026-08-06,65
عبير الحربي,قلوريز,تبوك,يحتاجون اهتمام,1,64.0,2026-07-13,89
راكان البقمي,قلوريز,جدة,يحتاجون اهتمام,1,64.0,2026-07-02,100
نايف الحربي,قلوريز,الرياض,يحتاجون اهتمام,1,64.0,2026-06-21,111
عبدالله الشمري,قلوريز,الخبر,يحتاجون اهتمام,1,62.0,2026-08-27,44
ماجد الشهري,قلوريز,القصيم,يحتاجون اهتمام,1,62.0,2026-08-01,70
تركي العنزي,قلوريز,جدة,يحتاجون اهتمام,1,62.0,2026-07-31,71
خالد الحربي,قلوريز,جدة,يحتاجون اهتمام,1,62.0,2026-07-30,72
ياسر القحطاني,قلوريز,جدة,يحتاجون اهتمام,1,62.0,2026-07-26,76
سلطان الجهني,قلوريز,الدمام,يحتاجون اهتمام,1,59.0,2026-09-08,32
عبدالله السبيعي,قلوريز,الرياض,يحتاجون اهتمام,1,59.0,2026-09-06,34
سارة المالكي,قلوريز,جدة,يحتاجون اهتمام,1,59.0,2026-09-05,35
فهد الحربي,قلوريز,الرياض,يحتاجون اهتمام,1,59.0,2026-09-04,36
لمى الجهني,قلوريز,الرياض,يحتاجون اهتمام,1,59.0,2026-08-24,47
سلطان الحربي,قلوريز,جدة,يحتاجون اهتمام,1,59.0,2026-08-22,49
راكان السالم,قلوريز,الدمام,يحتاجون اهتمام,1,59.0,2026-08-20,51
هند البقمي,قلوريز,الرياض,يحتاجون اهتمام,1,59.0,2026-08-18,53
تركي العنزي,قلوريز,الخبر,يحتاجون اهتمام,1,59.0,2026-08-11,60
عبدالله العتيبي,قلوريز,تبوك,يحتاجون اهتمام,1,59.0,2026-08-06,65
لمى الشمري,قلوريز,الدمام,يحتاجون اهتمام,1,59.0,2026-08-05,66
منيرة الشهري,قلوريز,الدمام,يحتاجون اهتمام,1,59.0,2026-08-02,69
راكان الزهراني,قلوريز,الرياض,يحتاجون اهتمام,1,59.0,2026-07-30,72
عبدالله الزهراني,قلوريز,جدة,يحتاجون اهتمام,1,59.0,2026-07-27,75
فهد الشمري,قلوريز,مكة,يحتاجون اهتمام,1,59.0,2026-07-24,78
شهد الرشيدي,قلوريز,مكة,يحتاجون اهتمام,1,59.0,2026-07-24,78
سارة الرشيدي,قلوريز,الرياض,يحتاجون اهتمام,1,59.0,2026-07-17,85
سلطان البقمي,قلوريز,مكة,يحتاجون اهتمام,1,59.0,2026-07-16,86
فهد الدوسري,قلوريز,الرياض,يحتاجون اهتمام,1,59.0,2026-07-16,86
ياسر العتيبي,قلوريز,الرياض,يحتاجون اهتمام,1,59.0,2026-07-12,90
أمل السبيعي,قلوريز,جدة,يحتاجون اهتمام,1,59.0,2026-07-12,90
رهف السبيعي,قلوريز,الرياض,يحتاجون اهتمام,1,59.0,2026-07-11,91
ياسر المطيري,قلوريز,الرياض,يحتاجون اهتمام,1,59.0,2026-07-04,98
منيرة السالم,قلوريز,القصيم,يحتاجون اهتمام,1,59.0,2026-07-03,99
سارة المطيري,قلوريز,الرياض,يحتاجون اهتمام,1,59.0,2026-07-01,101
غادة الرشيدي,قلوريز,أبها,يحتاجون اهتمام,1,59.0,2026-07-01,101
راكان الحربي,قلوريز,مكة,يحتاجون اهتمام,1,59.0,2026-06-28,104
لمى الجهني,قلوريز,الرياض,يحتاجون اهتمام,1,59.0,2026-06-23,109
عبير القحطاني,قلوريز,القصيم,يحتاجون اهتمام,1,59.0,2026-06-21,111
خالد الرشيدي,قلوريز,مكة,يحتاجون اهتمام,1,59.0,2026-06-14,118
جود الرشيدي,قلوريز,أبها,يحتاجون اهتمام,1,59.0,2026-06-14,118
راكان الشمري,قلوريز,أبها,يحتاجون اهتمام,1,55.0,2026-09-07,33
خالد الرشيدي,قلوريز,الرياض,يحتاجون اهتمام,1,55.0,2026-09-06,34
منيرة الدوسري,قلوريز,جدة,يحتاجون اهتمام,1,55.0,2026-08-29,42
منيرة الغامدي,قلوريز,جدة,يحتاجون اهتمام,1,55.0,2026-08-26,45
أمل الحربي,قلوريز,جدة,يحتاجون اهتمام,1,55.0,2026-08-26,45
نايف المالكي,قلوريز,الخبر,يحتاجون اهتمام,1,55.0,2026-08-24,47
منيرة القحطاني,قلوريز,جدة,يحتاجون اهتمام,1,55.0,2026-08-24,47
ريم الشهري,قلوريز,جدة,يحتاجون اهتمام,1,55.0,2026-08-23,48
محمد القحطاني,قلوريز,المدينة,يحتاجون اهتمام,1,55.0,2026-08-22,49
شهد الحربي,قلوريز,المدينة,يحتاجون اهتمام,1,55.0,2026-08-21,50
رهف الدوسري,قلوريز,القصيم,يحتاجون اهتمام,1,55.0,2026-08-18,53
عبدالله القحطاني,قلوريز,مكة,يحتاجون اهتمام,1,55.0,2026-08-17,54
عبير الزهراني,قلوريز,جدة,يحتاجون اهتمام,1,55.0,2026-08-17,54
هند السالم,قلوريز,جدة,يحتاجون اهتمام,1,55.0,2026-08-16,55
محمد السالم,قلوريز,الرياض,يحتاجون اهتمام,1,55.0,2026-08-16,55
لمى السالم,قلوريز,المدينة,يحتاجون اهتمام,1,55.0,2026-08-15,56
رهف الشمري,قلوريز,الرياض,يحتاجون اهتمام,1,55.0,2026-08-13,58
سلطان الزهراني,قلوريز,الرياض,يحتاجون اهتمام,1,55.0,2026-08-10,61
خالد الشمري,قلوريز,جدة,يحتاجون اهتمام,1,55.0,2026-08-10,61
نورة الشمري,قلوريز,المدينة,يحتاجون اهتمام,1,55.0,2026-08-10,61
رهف العتيبي,قلوريز,الخبر,يحتاجون اهتمام,1,55.0,2026-08-06,65
بندر السبيعي,قلوريز,الدمام,يحتاجون اهتمام,1,55.0,2026-08-05,66
عبدالله الرشيدي,قلوريز,جدة,يحتاجون اهتمام,1,55.0,2026-08-04,67
ريم المطيري,قلوريز,أبها,يحتاجون اهتمام,1,55.0,2026-08-04,67
منيرة الجهني,قلوريز,الدمام,يحتاجون اهتمام,1,55.0,2026-08-01,70
ياسر السبيعي,قلوريز,الرياض,يحتاجون اهتمام,1,55.0,2026-08-01,70
منيرة الجهني,قلوريز,مكة,يحتاجون اهتمام,1,55.0,2026-07-30,72
ياسر الغامدي,قلوريز,الدمام,يحتاجون اهتمام,1,55.0,2026-07-20,82
فهد القحطاني,قلوريز,القصيم,يحتاجون اهتمام,1,55.0,2026-07-17,85
لمى الجهني,قلوريز,مكة,يحتاجون اهتمام,1,55.0,2026-07-15,87
راكان الشهري,قلوريز,الرياض,يحتاجون اهتمام,1,55.0,2026-07-15,87
جود الغامدي,قلوريز,جدة,يحتاجون اهتمام,1,55.0,2026-07-13,89
هند الرشيدي,قلوريز,جدة,يحتاجون اهتمام,1,55.0,2026-07-10,92
ماجد الحربي,قلوريز,الرياض,يحتاجون اهتمام,1,55.0,2026-07-10,92
شهد القحطاني,قلوريز,جدة,يحتاجون اهتمام,1,55.0,2026-07-08,94
تركي العنزي,قلوريز,جدة,يحتاجون اهتمام,1,55.0,2026-07-02,100
نورة المطيري,قلوريز,جدة,يحتاجون اهتمام,1,55.0,2026-06-21,111
تركي المطيري,قلوريز,جدة,يحتاجون اهتمام,1,55.0,2026-06-20,112
لمى الرشيدي,قلوريز,تبوك,يحتاجون اهتمام,1,55.0,2026-06-19,113
نورة الزهراني,قلوريز,مكة,يحتاجون اهتمام,1,55.0,2026-06-17,115
خالد العنزي,قلوريز,مكة,يحتاجون اهتمام,1,53.0,2026-09-05,35
عبدالله المطيري,قلوريز,القصيم,يحتاجون اهتمام,1,53.0,2026-08-09,62
ريم السبيعي,قلوريز,الخبر,يحتاجون اهتمام,1,53.0,2026-08-07,64
عبير السالم,قلوريز,جدة,يحتاجون اهتمام,1,51.0,2026-09-07,33
غادة الرشيدي,قلوريز,مكة,يحتاجون اهتمام,1,51.0,2026-08-29,42
بندر السالم,قلوريز,مكة,يحتاجون اهتمام,1,51.0,2026-08-29,42
نايف الشهري,قلوريز,الخبر,يحتاجون اهتمام,1,51.0,2026-08-28,43
فهد الدوسري,قلوريز,جدة,يحتاجون اهتمام,1,51.0,2026-08-24,47
دانة السبيعي,قلوريز,الرياض,يحتاجون اهتمام,1,51.0,2026-08-17,54
غادة المالكي,قلوريز,المدينة,يحتاجون اهتمام,1,51.0,2026-07-30,72
نايف المطيري,قلوريز,تبوك,يحتاجون اهتمام,1,51.0,2026-06-15,117
سلطان الشمري,قلوريز,جدة,يحتاجون اهتمام,1,50.0,2026-09-08,32
منيرة العنزي,قلوريز,تبوك,يحتاجون اهتمام,1,50.0,2026-09-06,34
محمد الشهري,قلوريز,جدة,يحتاجون اهتمام,1,50.0,2026-09-05,35
عبير الرشيدي,قلوريز,الرياض,يحتاجون اهتمام,1,50.0,2026-08-22,49
أمل الجهني,قلوريز,جدة,يحتاجون اهتمام,1,50.0,2026-08-08,63
بندر البقمي,قلوريز,الدمام,يحتاجون اهتمام,1,50.0,2026-08-06,65
ياسر العنزي,قلوريز,الرياض,يحتاجون اهتمام,1,48.0,2026-07-25,77
سلطان الحربي,قلوريز,الخبر,يحتاجون اهتمام,1,48.0,2026-07-24,78
هند المطيري,قلوريز,الرياض,يحتاجون اهتمام,1,48.0,2026-06-27,105
