رقم الطلب,التاريخ,المتجر,العميل,المدينة,طريقة الدفع,الحالة,عدد القطع,المنتجات قبل الخصم,الخصم,الشحن المحصّل,الإجمالي شامل الضريبة,ضريبة القيمة المضافة,الصافي بدون ضريبة,تكلفة البضاعة,تكلفة الشحن,رسوم الدفع,الربح التقديري
104542,2026-08-31,قلوريز,ماجد البقمي,الخبر,مدى,تم التسليم,2,118,0,20,138,18.0,120.0,28,19.0,1.38,71.62
104541,2026-08-31,قلوريز,لمى السبيعي,الرياض,الدفع عند الاستلام,ملغي,2,84,13,20,91,0,0,0,0,0,0
104540,2026-08-31,قلوريز,أمل الشمري,الرياض,مدى,تم التسليم,5,263,0,0,263,34.3,228.7,62,16.0,2.63,148.07
104539,2026-08-31,قلوريز,سارة المالكي,الرياض,مدى,ملغي,1,55,0,20,75,0,0,0,0,0,0
104538,2026-08-31,قلوريز,جود العتيبي,القصيم,تمارا,تم التسليم,4,212,42,0,170,22.17,147.83,50,20.4,11.05,66.38
104537,2026-08-31,قلوريز,عبير الجهني,مكة,مدى,تم التسليم,3,147,0,20,167,21.78,145.22,33,16.38,1.67,94.17
104536,2026-08-31,قلوريز,خالد العنزي,الخبر,مدى,تم التسليم,2,78,0,20,98,12.78,85.22,18,19.0,0.98,47.24
104535,2026-08-31,قلوريز,محمد العتيبي,الرياض,الدفع عند الاستلام,تم التسليم,2,169,0,0,169,22.04,146.96,45,16.0,12.0,73.96
104534,2026-08-31,قلوريز,جود الرشيدي,جدة,مدى,تم التسليم,3,275,0,0,275,35.87,239.13,76,14.82,2.75,145.56
104533,2026-08-31,قلوريز,أمل المطيري,المدينة,مدى,تم التسليم,1,55,0,20,75,9.78,65.22,13,21.0,0.75,30.47
104532,2026-08-31,قلوريز,محمد العنزي,الرياض,مدى,تم التسليم,1,55,0,20,75,9.78,65.22,13,13.6,0.75,37.87
104531,2026-08-31,قلوريز,سلطان الجهني,مكة,مدى,تم التسليم,3,119,0,20,139,18.13,120.87,27,21.0,1.39,71.48
104530,2026-08-31,قلوريز,سارة الدوسري,مكة,مدى,تم التسليم,1,35,7,20,48,6.26,41.74,8,21.0,0.48,12.26
104529,2026-08-31,قلوريز,ماجد المالكي,جدة,Apple Pay,تم التسليم,2,88,0,20,108,14.09,93.91,20,19.0,2.16,52.75
104528,2026-08-31,قلوريز,فهد العنزي,الرياض,تمارا,تم التسليم,3,123,18,20,125,16.3,108.7,28,16.0,8.12,56.57
104527,2026-08-31,قلوريز,محمد السبيعي,الرياض,مدى,تم التسليم,3,214,0,0,214,27.91,186.09,56,16.0,2.14,111.95
104526,2026-08-31,قلوريز,منيرة الشمري,مكة,مدى,تم التسليم,2,118,0,20,138,18.0,120.0,28,23.52,1.38,67.1
104525,2026-08-31,قلوريز,خالد البقمي,الدمام,الدفع عند الاستلام,تم التسليم,1,49,0,20,69,9.0,60.0,11,19.0,12.0,18.0
104524,2026-08-31,قلوريز,غادة الشمري,الرياض,Apple Pay,تم التسليم,1,55,0,20,75,9.78,65.22,13,17.92,1.5,32.8
104523,2026-08-31,قلوريز,ياسر الزهراني,أبها,تمارا,تم التسليم,3,279,0,0,279,36.39,242.61,77,26.88,18.14,120.59
104522,2026-08-31,قلوريز,عبدالله الشهري,تبوك,Apple Pay,تم التسليم,3,137,0,20,157,20.48,136.52,31,24.0,3.14,78.38
104521,2026-08-31,قلوريز,فهد السالم,المدينة,مدى,تم التسليم,1,39,0,20,59,7.7,51.3,9,21.0,0.59,20.71
104520,2026-08-31,سموذ,عبير المالكي,الرياض,مدى,تم التسليم,3,375,0,0,375,48.91,326.09,122,12.48,3.75,187.86
104519,2026-08-31,سموذ,شهد السبيعي,جدة,مدى,تم التسليم,2,150,0,25,175,22.83,152.17,44,19.0,1.75,87.42
104518,2026-08-31,سموذ,منيرة المطيري,الرياض,تمارا,تم التسليم,1,95,19,25,101,13.17,87.83,30,16.0,6.57,35.26
104517,2026-08-31,سموذ,محمد المالكي,الرياض,تمارا,تم التسليم,3,325,32,0,293,38.22,254.78,108,16.0,19.05,111.74
104516,2026-08-31,سموذ,لمى القحطاني,الرياض,الدفع عند الاستلام,ملغي,2,160,0,25,185,0,0,0,0,0,0
104515,2026-08-31,سموذ,تركي المالكي,الدمام,الدفع عند الاستلام,تم التسليم,4,410,0,0,410,53.48,356.52,134,19.0,12.0,191.52
104514,2026-08-31,سموذ,عبدالله الرشيدي,الرياض,مدى,ملغي,1,75,0,25,100,0,0,0,0,0,0
104513,2026-08-31,سموذ,ماجد العتيبي,الخبر,Apple Pay,تم التسليم,2,170,0,25,195,25.43,169.57,52,14.82,3.9,98.85
104512,2026-08-31,سموذ,سارة السبيعي,الدمام,مدى,تم التسليم,2,274,0,0,274,35.74,238.26,88,16.15,2.74,131.37
104511,2026-08-31,سموذ,رهف القحطاني,الدمام,مدى,تم التسليم,1,85,0,25,110,14.35,95.65,26,21.28,1.1,47.27
104510,2026-08-31,سموذ,غادة العتيبي,الدمام,Apple Pay,تم التسليم,4,405,0,0,405,52.83,352.17,131,21.28,8.1,191.79
104509,2026-08-31,سموذ,دانة القحطاني,مكة,الدفع عند الاستلام,تم التسليم,1,145,0,25,170,22.17,147.83,48,17.85,12.0,69.98
104508,2026-08-30,قلوريز,محمد الغامدي,جدة,مدى,تم التسليم,4,186,0,0,186,24.26,161.74,43,16.15,1.86,100.73
104507,2026-08-30,قلوريز,فهد المالكي,الرياض,مدى,تم التسليم,2,114,0,20,134,17.48,116.52,27,17.92,1.34,70.26
104506,2026-08-30,قلوريز,عبدالله العتيبي,مكة,الدفع عند الاستلام,تم التسليم,3,173,0,0,173,22.57,150.43,41,17.85,12.0,79.58
104505,2026-08-30,قلوريز,محمد السالم,الرياض,Apple Pay,تم التسليم,2,110,16,20,114,14.87,99.13,26,16.0,2.28,54.85
104504,2026-08-30,قلوريز,محمد المالكي,الرياض,Apple Pay,تم التسليم,1,59,0,20,79,10.3,68.7,14,13.6,1.58,39.52
104503,2026-08-30,قلوريز,خالد الجهني,الدمام,تمارا,تم التسليم,1,55,0,20,75,9.78,65.22,13,21.28,4.88,26.06
104502,2026-08-30,قلوريز,راكان المطيري,الرياض,Apple Pay,تم التسليم,1,120,0,20,140,18.26,121.74,34,12.48,2.8,72.46
104501,2026-08-30,قلوريز,محمد السالم,أبها,فيزا,تم التسليم,4,226,0,0,226,29.48,196.52,53,26.88,5.65,110.99
104500,2026-08-30,قلوريز,فهد السالم,الرياض,الدفع عند الاستلام,ملغي,4,180,0,0,180,0,0,0,0,0,0
104499,2026-08-30,قلوريز,شهد البقمي,الرياض,Apple Pay,تم التسليم,1,49,0,20,69,9.0,60.0,11,16.0,1.38,31.62
104498,2026-08-30,قلوريز,فهد المطيري,مكة,الدفع عند الاستلام,ملغي,2,240,0,0,240,0,0,0,0,0,0
104497,2026-08-30,قلوريز,بندر البقمي,القصيم,Apple Pay,تم التسليم,2,155,0,0,155,20.22,134.78,42,20.4,3.1,69.28
104496,2026-08-30,قلوريز,سارة الجهني,الرياض,Apple Pay,تم التسليم,1,49,0,20,69,9.0,60.0,11,17.92,1.38,29.7
104495,2026-08-30,قلوريز,سارة العتيبي,الخبر,مدى,تم التسليم,4,206,0,0,206,26.87,179.13,47,19.0,2.06,111.07
104494,2026-08-30,قلوريز,محمد السالم,جدة,مدى,تم التسليم,2,104,0,20,124,16.17,107.83,24,16.15,1.24,66.44
104493,2026-08-30,قلوريز,ماجد السبيعي,جدة,مدى,تم التسليم,5,257,0,0,257,33.52,223.48,59,16.15,2.57,145.76
104492,2026-08-30,قلوريز,شهد الدوسري,الرياض,الدفع عند الاستلام,تم التسليم,5,267,0,0,267,34.83,232.17,63,16.0,12.0,141.17
104491,2026-08-30,قلوريز,ماجد البقمي,جدة,مدى,تم التسليم,1,49,0,20,69,9.0,60.0,11,16.15,0.69,32.16
104490,2026-08-30,سموذ,خالد الزهراني,الخبر,مدى,تم التسليم,1,120,0,25,145,18.91,126.09,41,14.82,1.45,68.82
104489,2026-08-30,سموذ,راكان الزهراني,أبها,Apple Pay,تم التسليم,1,145,0,25,170,22.17,147.83,48,20.4,3.4,76.03
104488,2026-08-30,سموذ,راكان العنزي,جدة,Apple Pay,تم التسليم,2,290,0,0,290,37.83,252.17,96,21.28,5.8,129.09
104487,2026-08-30,سموذ,رهف البقمي,الدمام,مدى,ملغي,5,470,0,0,470,0,0,0,0,0,0
104486,2026-08-30,سموذ,شهد العنزي,الرياض,تمارا,تم التسليم,2,378,0,0,378,49.3,328.7,124,16.0,24.57,164.13
104485,2026-08-30,سموذ,تركي المطيري,المدينة,مدى,تم التسليم,2,215,22,25,218,28.43,189.57,71,17.85,2.18,98.54
104484,2026-08-30,سموذ,عبير المطيري,جدة,تمارا,تم التسليم,3,245,0,25,270,35.22,234.78,74,16.15,17.55,127.08
104483,2026-08-30,سموذ,عبير الشمري,الرياض,فيزا,تم التسليم,4,460,0,0,460,60.0,400.0,152,16.0,11.5,220.5
104482,2026-08-30,سموذ,محمد الجهني,جدة,مدى,تم التسليم,2,230,23,25,232,30.26,201.74,74,21.28,2.32,104.14
104481,2026-08-30,سموذ,جود المطيري,الرياض,Apple Pay,تم التسليم,4,574,0,0,574,74.87,499.13,188,16.0,11.48,283.65
104480,2026-08-30,سموذ,ريم الجهني,الرياض,مدى,تم التسليم,1,145,0,25,170,22.17,147.83,48,17.92,1.7,80.21
104479,2026-08-30,سموذ,تركي الشهري,المدينة,مدى,ملغي,3,315,0,0,315,0,0,0,0,0,0
104478,2026-08-29,قلوريز,نورة الشهري,الرياض,Apple Pay,تم التسليم,2,70,0,20,90,11.74,78.26,16,17.92,1.8,42.54
104477,2026-08-29,قلوريز,رهف الدوسري,الرياض,تمارا,تم التسليم,2,70,0,20,90,11.74,78.26,16,16.0,5.85,40.41
104476,2026-08-29,قلوريز,منيرة الشهري,مكة,فيزا,تم التسليم,1,59,0,20,79,10.3,68.7,14,23.52,1.98,29.2
104475,2026-08-29,قلوريز,فهد القحطاني,الدمام,فيزا,تم التسليم,1,55,0,20,75,9.78,65.22,13,16.15,1.88,34.19
104474,2026-08-29,قلوريز,خالد السبيعي,جدة,Apple Pay,تم التسليم,5,247,0,0,247,32.22,214.78,57,16.15,4.94,136.69
104473,2026-08-29,قلوريز,غادة الرشيدي,مكة,فيزا,تم التسليم,1,35,4,20,51,6.65,44.35,8,17.85,1.28,17.22
104472,2026-08-29,قلوريز,ياسر الشهري,الدمام,Apple Pay,تم التسليم,5,458,0,0,458,59.74,398.26,124,19.0,9.16,246.1
104471,2026-08-29,قلوريز,محمد الدوسري,الدمام,مدى,تم التسليم,2,240,0,0,240,31.3,208.7,68,16.15,2.4,122.15
104470,2026-08-29,قلوريز,غادة الشمري,جدة,مدى,تم التسليم,2,110,0,20,130,16.96,113.04,26,14.82,1.3,70.92
104469,2026-08-29,قلوريز,جود الحربي,جدة,مدى,تم التسليم,2,78,0,20,98,12.78,85.22,18,14.82,0.98,51.42
104468,2026-08-29,قلوريز,ياسر المالكي,مكة,Apple Pay,تم التسليم,4,158,0,0,158,20.61,137.39,36,21.0,3.16,77.23
104467,2026-08-29,قلوريز,بندر السالم,مكة,تمارا,تم التسليم,1,35,4,20,51,6.65,44.35,8,16.38,3.31,16.65
104466,2026-08-29,قلوريز,جود الحربي,الرياض,تمارا,تم التسليم,1,55,0,20,75,9.78,65.22,13,16.0,4.88,31.34
104465,2026-08-29,قلوريز,منيرة الدوسري,جدة,مدى,تم التسليم,1,39,4,20,55,7.17,47.83,9,16.15,0.55,22.13
104464,2026-08-29,قلوريز,محمد الدوسري,الرياض,مدى,تم التسليم,4,338,0,0,338,44.09,293.91,91,12.48,3.38,187.05
104463,2026-08-29,سموذ,نايف السالم,جدة,مدى,تم التسليم,1,75,11,25,89,11.61,77.39,22,19.0,0.89,35.5
104462,2026-08-29,سموذ,محمد الشمري,الخبر,Apple Pay,تم التسليم,2,290,0,0,290,37.83,252.17,96,19.0,5.8,131.37
104461,2026-08-29,سموذ,سلطان الغامدي,المدينة,تمارا,تم التسليم,5,535,0,0,535,69.78,465.22,170,17.85,34.77,242.59
104460,2026-08-29,سموذ,نورة الرشيدي,مكة,مدى,تم التسليم,2,378,0,0,378,49.3,328.7,124,16.38,3.78,184.54
104459,2026-08-29,سموذ,نايف البقمي,جدة,فيزا,تم التسليم,1,189,0,25,214,27.91,186.09,62,19.0,5.35,99.74
104458,2026-08-29,سموذ,دانة الرشيدي,الرياض,مدى,تم التسليم,2,290,0,0,290,37.83,252.17,96,13.6,2.9,139.67
104457,2026-08-29,سموذ,جود البقمي,الرياض,مدى,تم التسليم,4,365,0,0,365,47.61,317.39,115,13.6,3.65,185.14
104456,2026-08-29,سموذ,جود العنزي,القصيم,مدى,تم التسليم,1,95,0,25,120,15.65,104.35,30,26.88,1.2,46.27
104455,2026-08-29,سموذ,دانة الشهري,جدة,مدى,تم التسليم,3,567,0,0,567,73.96,493.04,186,16.15,5.67,285.22
104454,2026-08-29,سموذ,ياسر السبيعي,تبوك,فيزا,تم التسليم,1,189,38,25,176,22.96,153.04,62,24.0,4.4,62.64
104453,2026-08-29,سموذ,شهد الجهني,الدمام,تمارا,تم التسليم,1,85,0,25,110,14.35,95.65,26,19.0,7.15,43.5
104452,2026-08-29,سموذ,عبدالله الرشيدي,جدة,مدى,تم التسليم,1,75,15,25,85,11.09,73.91,22,14.82,0.85,36.24
104451,2026-08-29,سموذ,عبير الزهراني,المدينة,مدى,تم التسليم,1,145,0,25,170,22.17,147.83,48,16.38,1.7,81.75
104450,2026-08-29,سموذ,سارة الشمري,الرياض,فيزا,تم التسليم,2,160,0,25,185,24.13,160.87,48,12.48,4.62,95.76
104449,2026-08-29,سموذ,بندر الغامدي,الدمام,مدى,تم التسليم,2,220,0,25,245,31.96,213.04,70,21.28,2.45,119.31
104448,2026-08-29,سموذ,هند القحطاني,الدمام,الدفع عند الاستلام,تم التسليم,4,528,0,0,528,68.87,459.13,168,16.15,12.0,262.98
104447,2026-08-29,سموذ,أمل المالكي,جدة,تمارا,تم التسليم,4,538,108,0,430,56.09,373.91,172,16.15,27.95,157.81
104446,2026-08-28,قلوريز,عبدالله المطيري,الرياض,فيزا,تم التسليم,5,348,0,0,348,45.39,302.61,88,16.0,8.7,189.91
104445,2026-08-28,قلوريز,جود الدوسري,الرياض,Apple Pay,تم التسليم,1,120,0,20,140,18.26,121.74,34,16.0,2.8,68.94
104444,2026-08-28,قلوريز,دانة العنزي,مكة,تمارا,تم التسليم,2,179,0,0,179,23.35,155.65,48,17.85,11.63,78.17
104443,2026-08-28,قلوريز,أمل القحطاني,تبوك,Apple Pay,تم التسليم,3,198,0,0,198,25.83,172.17,52,24.0,3.96,92.21
104442,2026-08-28,قلوريز,تركي المالكي,جدة,مدى,تم التسليم,1,55,0,20,75,9.78,65.22,13,21.28,0.75,30.19
104441,2026-08-28,قلوريز,منيرة الشهري,مكة,Apple Pay,تم التسليم,3,147,0,20,167,21.78,145.22,33,17.85,3.34,91.03
104440,2026-08-28,قلوريز,محمد العتيبي,الرياض,مدى,تم التسليم,1,120,0,20,140,18.26,121.74,34,13.6,1.4,72.74
104439,2026-08-28,قلوريز,عبدالله الدوسري,الرياض,Apple Pay,تم التسليم,4,202,0,0,202,26.35,175.65,47,16.0,4.04,108.61
104438,2026-08-28,قلوريز,أمل الرشيدي,مكة,Apple Pay,تم التسليم,4,162,0,0,162,21.13,140.87,37,17.85,3.24,82.78
104437,2026-08-28,قلوريز,ريم العنزي,جدة,مدى,تم التسليم,4,204,0,0,204,26.61,177.39,48,21.28,2.04,106.07
104436,2026-08-28,قلوريز,نورة البقمي,جدة,الدفع عند الاستلام,تم التسليم,2,240,0,0,240,31.3,208.7,68,19.0,12.0,109.7
104435,2026-08-28,قلوريز,منيرة القحطاني,تبوك,مدى,تم التسليم,2,90,0,20,110,14.35,95.65,21,20.4,1.1,53.15
104434,2026-08-28,قلوريز,نورة البقمي,مكة,الدفع عند الاستلام,تم التسليم,1,120,0,20,140,18.26,121.74,34,17.85,12.0,57.89
104433,2026-08-28,قلوريز,نايف القحطاني,الرياض,مدى,تم التسليم,1,55,0,20,75,9.78,65.22,13,16.0,0.75,35.47
104432,2026-08-28,قلوريز,تركي الشهري,المدينة,Apple Pay,تم التسليم,1,55,0,20,75,9.78,65.22,13,21.0,1.5,29.72
104431,2026-08-28,قلوريز,راكان السالم,الدمام,مدى,ملغي,2,98,0,20,118,0,0,0,0,0,0
104430,2026-08-28,قلوريز,راكان المالكي,الدمام,Apple Pay,تم التسليم,3,218,0,0,218,28.43,189.57,57,19.0,4.36,109.21
104429,2026-08-28,قلوريز,عبدالله الدوسري,الرياض,مدى,تم التسليم,3,173,0,0,173,22.57,150.43,41,17.92,1.73,89.78
104428,2026-08-28,قلوريز,غادة السالم,المدينة,Apple Pay,تم التسليم,1,120,0,20,140,18.26,121.74,34,21.0,2.8,63.94
104427,2026-08-28,قلوريز,منيرة البقمي,أبها,تمارا,تم التسليم,1,120,0,20,140,18.26,121.74,34,24.0,9.1,54.64
104426,2026-08-28,قلوريز,راكان المطيري,جدة,تمارا,تم التسليم,1,49,0,20,69,9.0,60.0,11,16.15,4.49,28.37
104425,2026-08-28,قلوريز,نايف الشهري,الخبر,مدى,تم التسليم,1,35,4,20,51,6.65,44.35,8,19.0,0.51,16.84
104424,2026-08-28,قلوريز,فهد الغامدي,مكة,Apple Pay,تم التسليم,1,120,0,20,140,18.26,121.74,34,23.52,2.8,61.42
104423,2026-08-28,سموذ,جود الشهري,أبها,Apple Pay,تم التسليم,3,245,0,25,270,35.22,234.78,74,24.0,5.4,131.38
104422,2026-08-28,سموذ,سلطان الشهري,الرياض,تمارا,تم التسليم,2,170,17,25,178,23.22,154.78,52,16.0,11.57,75.21
104421,2026-08-28,سموذ,خالد الغامدي,مكة,مدى,تم التسليم,2,150,0,25,175,22.83,152.17,44,23.52,1.75,82.9
104420,2026-08-28,سموذ,شهد الرشيدي,الرياض,Apple Pay,تم التسليم,2,170,17,25,178,23.22,154.78,52,16.0,3.56,83.22
104419,2026-08-28,سموذ,خالد البقمي,الرياض,مدى,تم التسليم,4,340,0,0,340,44.35,295.65,104,13.6,3.4,174.65
104418,2026-08-28,سموذ,منيرة المالكي,الرياض,مدى,تم التسليم,1,75,0,25,100,13.04,86.96,22,13.6,1.0,50.36
104417,2026-08-28,سموذ,محمد السالم,الرياض,Apple Pay,تم التسليم,4,410,41,0,369,48.13,320.87,134,13.6,7.38,165.89
104416,2026-08-28,سموذ,ياسر الشهري,مكة,تمارا,تم التسليم,3,335,0,0,335,43.7,291.3,112,21.0,21.78,136.53
104415,2026-08-28,سموذ,لمى البقمي,الرياض,تمارا,تم التسليم,1,145,0,25,170,22.17,147.83,48,16.0,11.05,72.78
104414,2026-08-28,سموذ,جود الزهراني,المدينة,مدى,تم التسليم,2,150,0,25,175,22.83,152.17,44,21.0,1.75,85.42
104413,2026-08-28,سموذ,سلطان الشمري,الدمام,مدى,تم التسليم,1,85,17,25,93,12.13,80.87,26,14.82,0.93,39.12
104412,2026-08-28,سموذ,بندر الزهراني,الخبر,الدفع عند الاستلام,تم التسليم,4,554,55,0,499,65.09,433.91,180,14.82,12.0,227.09
104411,2026-08-28,سموذ,فهد الغامدي,الدمام,فيزا,تم التسليم,2,215,0,25,240,31.3,208.7,71,14.82,6.0,116.88
104410,2026-08-28,سموذ,أمل القحطاني,الخبر,Apple Pay,تم التسليم,3,300,0,0,300,39.13,260.87,97,19.0,6.0,138.87
104409,2026-08-28,سموذ,عبدالله الزهراني,الرياض,فيزا,تم التسليم,4,470,0,0,470,61.3,408.7,152,16.0,11.75,228.95
104408,2026-08-28,سموذ,نورة الزهراني,مكة,مدى,تم التسليم,1,95,0,25,120,15.65,104.35,30,21.0,1.2,52.15
104407,2026-08-28,سموذ,تركي المالكي,جدة,مدى,تم التسليم,3,359,0,0,359,46.83,312.17,114,16.15,3.59,178.43
104406,2026-08-28,سموذ,جود الرشيدي,الرياض,Apple Pay,تم التسليم,2,170,0,25,195,25.43,169.57,52,13.6,3.9,100.07
104405,2026-08-28,سموذ,منيرة الجهني,جدة,مدى,تم التسليم,2,190,28,25,187,24.39,162.61,60,14.82,1.87,85.92
104404,2026-08-28,سموذ,بندر القحطاني,الرياض,مدى,تم التسليم,4,390,39,0,351,45.78,305.22,126,16.0,3.51,159.71
104403,2026-08-27,قلوريز,أمل القحطاني,الرياض,الدفع عند الاستلام,تم التسليم,2,74,11,20,83,10.83,72.17,17,16.0,12.0,27.17
104402,2026-08-27,قلوريز,عبير الزهراني,جدة,Apple Pay,تم التسليم,1,35,0,20,55,7.17,47.83,8,16.15,1.1,22.58
104401,2026-08-27,قلوريز,فهد الشمري,الدمام,تمارا,تم التسليم,2,240,0,0,240,31.3,208.7,68,19.0,15.6,106.1
104400,2026-08-27,قلوريز,لمى السالم,المدينة,Apple Pay,تم التسليم,1,120,0,20,140,18.26,121.74,34,23.52,2.8,61.42
104399,2026-08-27,قلوريز,رهف الحربي,أبها,Apple Pay,تم التسليم,1,49,0,20,69,9.0,60.0,11,24.0,1.38,23.62
104398,2026-08-27,قلوريز,محمد الشهري,أبها,مدى,تم التسليم,2,110,0,20,130,16.96,113.04,26,20.4,1.3,65.34
104397,2026-08-27,قلوريز,رهف العنزي,الرياض,فيزا,تم التسليم,1,120,0,20,140,18.26,121.74,34,17.92,3.5,66.32
104396,2026-08-27,قلوريز,نايف الدوسري,المدينة,Apple Pay,تم التسليم,2,70,0,20,90,11.74,78.26,16,23.52,1.8,36.94
104395,2026-08-27,قلوريز,عبير المطيري,الرياض,مدى,تم التسليم,1,120,0,20,140,18.26,121.74,34,16.0,1.4,70.34
104394,2026-08-27,قلوريز,رهف الشهري,الرياض,فيزا,تم التسليم,1,120,0,20,140,18.26,121.74,34,13.6,3.5,70.64
104393,2026-08-27,قلوريز,عبير العتيبي,جدة,مدى,تم التسليم,2,70,0,20,90,11.74,78.26,16,16.15,0.9,45.21
104392,2026-08-27,قلوريز,محمد الجهني,الرياض,تمارا,تم التسليم,3,279,0,0,279,36.39,242.61,77,13.6,18.14,133.87
104391,2026-08-27,قلوريز,رهف الشهري,مكة,فيزا,تم التسليم,3,147,0,20,167,21.78,145.22,34,23.52,4.17,83.52
104390,2026-08-27,قلوريز,أمل السالم,أبها,مدى,تم التسليم,3,224,0,0,224,29.22,194.78,58,24.0,2.24,110.54
104389,2026-08-27,قلوريز,دانة السالم,جدة,Apple Pay,تم التسليم,1,59,0,20,79,10.3,68.7,14,16.15,1.58,36.97
104388,2026-08-27,قلوريز,ماجد الجهني,أبها,Apple Pay,تم التسليم,4,409,0,0,409,53.35,355.65,113,18.72,8.18,215.75
104387,2026-08-27,قلوريز,نايف الدوسري,المدينة,تمارا,تم التسليم,2,94,0,20,114,14.87,99.13,22,17.85,7.41,51.87
104386,2026-08-27,قلوريز,منيرة المالكي,الرياض,Apple Pay,تم التسليم,1,49,0,20,69,9.0,60.0,11,16.0,1.38,31.62
104385,2026-08-27,قلوريز,أمل الغامدي,الرياض,مدى,تم التسليم,5,348,0,0,348,45.39,302.61,88,17.92,3.48,193.21
104384,2026-08-27,قلوريز,عبدالله الزهراني,جدة,Apple Pay,تم التسليم,1,49,0,20,69,9.0,60.0,11,16.15,1.38,31.47
104383,2026-08-27,قلوريز,عبدالله الشمري,الخبر,الدفع عند الاستلام,تم التسليم,1,49,7,20,62,8.09,53.91,11,14.82,12.0,16.09
104382,2026-08-27,قلوريز,خالد القحطاني,الرياض,Apple Pay,تم التسليم,1,59,0,20,79,10.3,68.7,14,16.0,1.58,37.12
104381,2026-08-27,قلوريز,تركي السبيعي,الرياض,فيزا,تم التسليم,1,55,8,20,67,8.74,58.26,13,13.6,1.68,29.99
104380,2026-08-27,سموذ,شهد السالم,أبها,Apple Pay,ملغي,3,245,0,25,270,0,0,0,0,0,0
104379,2026-08-27,سموذ,شهد العنزي,جدة,مدى,تم التسليم,4,455,0,0,455,59.35,395.65,149,16.15,4.55,225.95
104378,2026-08-27,سموذ,عبير الزهراني,الرياض,تمارا,تم التسليم,3,280,0,0,280,36.52,243.48,89,13.6,18.2,122.68
104377,2026-08-27,سموذ,سلطان الدوسري,القصيم,مدى,تم التسليم,3,523,105,0,418,54.52,363.48,172,18.72,4.18,168.58
104376,2026-08-27,سموذ,رهف السالم,الرياض,مدى,تم التسليم,6,625,0,0,625,81.52,543.48,205,17.92,6.25,314.31
104375,2026-08-27,سموذ,راكان العتيبي,جدة,الدفع عند الاستلام,ملغي,1,75,8,25,92,0,0,0,0,0,0
104374,2026-08-27,سموذ,راكان السبيعي,الدمام,الدفع عند الاستلام,تم التسليم,1,75,0,25,100,13.04,86.96,22,21.28,12.0,31.68
104373,2026-08-27,سموذ,سارة القحطاني,الخبر,تمارا,تم التسليم,1,120,0,25,145,18.91,126.09,41,19.0,9.43,56.66
104372,2026-08-27,سموذ,تركي البقمي,المدينة,فيزا,تم التسليم,2,190,19,25,196,25.57,170.43,60,21.0,4.9,84.53
104371,2026-08-27,سموذ,دانة المطيري,مكة,مدى,تم التسليم,2,160,16,25,169,22.04,146.96,48,21.0,1.69,76.27
104370,2026-08-27,سموذ,شهد السبيعي,الدمام,مدى,تم التسليم,3,335,50,0,285,37.17,247.83,108,19.0,2.85,117.98
104369,2026-08-27,سموذ,أمل العتيبي,الرياض,مدى,تم التسليم,2,215,0,25,240,31.3,208.7,71,16.0,2.4,119.3
104368,2026-08-27,سموذ,ياسر الرشيدي,جدة,Apple Pay,تم التسليم,1,189,0,25,214,27.91,186.09,62,21.28,4.28,98.53
104367,2026-08-27,سموذ,راكان السبيعي,المدينة,تمارا,تم التسليم,1,120,0,25,145,18.91,126.09,41,21.0,9.43,54.66
104366,2026-08-27,سموذ,خالد البقمي,الرياض,Apple Pay,تم التسليم,1,95,0,25,120,15.65,104.35,30,16.0,2.4,55.95
104365,2026-08-27,سموذ,بندر الشهري,أبها,فيزا,تم التسليم,2,230,0,25,255,33.26,221.74,74,18.72,6.38,122.64
104364,2026-08-27,سموذ,لمى الشهري,الرياض,فيزا,تم التسليم,1,95,0,25,120,15.65,104.35,30,13.6,3.0,57.75
104363,2026-08-27,سموذ,رهف الرشيدي,تبوك,Apple Pay,تم التسليم,1,189,0,25,214,27.91,186.09,62,18.72,4.28,101.09
104362,2026-08-27,سموذ,نورة الحربي,الدمام,الدفع عند الاستلام,تم التسليم,3,340,0,0,340,44.35,295.65,111,14.82,12.0,157.83
104361,2026-08-27,سموذ,شهد الرشيدي,الرياض,تمارا,تم التسليم,1,120,0,25,145,18.91,126.09,41,16.0,9.43,59.66
104360,2026-08-27,سموذ,راكان الشمري,جدة,تمارا,تم التسليم,2,170,17,25,178,23.22,154.78,52,16.15,11.57,75.06
104359,2026-08-27,سموذ,محمد المالكي,الرياض,تمارا,تم التسليم,3,245,0,25,270,35.22,234.78,74,16.0,17.55,127.23
104358,2026-08-26,قلوريز,ماجد الشمري,جدة,Apple Pay,تم التسليم,3,360,54,0,306,39.91,266.09,102,16.15,6.12,141.82
104357,2026-08-26,قلوريز,سلطان الغامدي,تبوك,مدى,تم التسليم,2,94,14,20,100,13.04,86.96,22,24.0,1.0,39.96
104356,2026-08-26,قلوريز,ماجد الحربي,المدينة,مدى,تم التسليم,3,153,23,20,150,19.57,130.43,36,21.0,1.5,71.93
104355,2026-08-26,قلوريز,خالد السالم,جدة,فيزا,تم التسليم,2,98,0,20,118,15.39,102.61,22,19.0,2.95,58.66
104354,2026-08-26,قلوريز,نورة العنزي,الرياض,مدى,تم التسليم,1,59,0,20,79,10.3,68.7,14,16.0,0.79,37.91
104353,2026-08-26,قلوريز,ياسر الغامدي,المدينة,مدى,تم التسليم,7,385,0,0,385,50.22,334.78,90,23.52,3.85,217.41
104352,2026-08-26,قلوريز,منيرة الغامدي,جدة,Apple Pay,تم التسليم,1,35,0,20,55,7.17,47.83,8,16.15,1.1,22.58
104351,2026-08-26,قلوريز,خالد البقمي,الدمام,فيزا,تم التسليم,1,120,0,20,140,18.26,121.74,34,19.0,3.5,65.24
104350,2026-08-26,قلوريز,ماجد الجهني,جدة,مدى,تم التسليم,1,120,0,20,140,18.26,121.74,34,14.82,1.4,71.52
104349,2026-08-26,قلوريز,رهف السالم,الخبر,فيزا,تم التسليم,3,230,34,0,196,25.57,170.43,60,16.15,4.9,89.38
104348,2026-08-26,قلوريز,هند الحربي,الرياض,مدى,ملغي,3,289,0,0,289,0,0,0,0,0,0
104347,2026-08-26,قلوريز,شهد العنزي,الرياض,مدى,تم التسليم,3,137,0,20,157,20.48,136.52,31,13.6,1.57,90.35
104346,2026-08-26,قلوريز,رهف الجهني,الرياض,تمارا,تم التسليم,1,55,0,20,75,9.78,65.22,13,17.92,4.88,29.42
104345,2026-08-26,قلوريز,غادة العنزي,جدة,Apple Pay,تم التسليم,2,155,0,0,155,20.22,134.78,42,16.15,3.1,73.53
104344,2026-08-26,قلوريز,رهف الغامدي,تبوك,فيزا,تم التسليم,1,59,12,20,67,8.74,58.26,14,20.4,1.68,22.19
104343,2026-08-26,قلوريز,نورة الشمري,المدينة,فيزا,تم التسليم,3,149,0,20,169,22.04,146.96,35,21.0,4.23,86.73
104342,2026-08-26,قلوريز,دانة المالكي,الدمام,فيزا,تم التسليم,2,98,0,20,118,15.39,102.61,23,16.15,2.95,60.51
104341,2026-08-26,قلوريز,منيرة المطيري,أبها,الدفع عند الاستلام,تم التسليم,4,192,29,0,163,21.26,141.74,45,24.0,12.0,60.74
104340,2026-08-26,قلوريز,أمل الحربي,جدة,تمارا,تم التسليم,1,35,0,20,55,7.17,47.83,8,19.0,3.58,17.25
104339,2026-08-26,قلوريز,لمى الشمري,مكة,Apple Pay,تم التسليم,2,98,0,20,118,15.39,102.61,23,17.85,2.36,59.4
104338,2026-08-26,قلوريز,خالد السبيعي,جدة,فيزا,تم التسليم,1,59,0,20,79,10.3,68.7,14,16.15,1.98,36.57
104337,2026-08-26,قلوريز,راكان الشهري,جدة,مدى,تم التسليم,1,35,0,20,55,7.17,47.83,8,14.82,0.55,24.46
104336,2026-08-26,قلوريز,رهف القحطاني,الرياض,مدى,تم التسليم,2,110,16,20,114,14.87,99.13,26,16.0,1.14,55.99
104335,2026-08-26,سموذ,جود القحطاني,مكة,فيزا,تم التسليم,1,95,0,25,120,15.65,104.35,30,23.52,3.0,47.83
104334,2026-08-26,سموذ,بندر القحطاني,الرياض,Apple Pay,تم التسليم,5,737,0,0,737,96.13,640.87,238,16.0,14.74,372.13
104333,2026-08-26,سموذ,راكان السالم,الرياض,مدى,تم التسليم,2,205,0,25,230,30.0,200.0,67,16.0,2.3,114.7
104332,2026-08-26,سموذ,رهف الزهراني,الدمام,تمارا,تم التسليم,1,189,0,25,214,27.91,186.09,62,16.15,13.91,94.03
104331,2026-08-26,سموذ,رهف الزهراني,المدينة,Apple Pay,تم التسليم,2,160,0,25,185,24.13,160.87,48,21.0,3.7,88.17
104330,2026-08-26,سموذ,بندر الشهري,المدينة,مدى,تم التسليم,3,305,0,0,305,39.78,265.22,96,21.0,3.05,145.17
104329,2026-08-26,سموذ,ياسر العتيبي,الرياض,Apple Pay,تم التسليم,6,857,0,0,857,111.78,745.22,279,13.6,17.14,435.48
104328,2026-08-26,سموذ,جود الشمري,الرياض,مدى,تم التسليم,1,85,8,25,102,13.3,88.7,26,16.0,1.02,45.68
104327,2026-08-26,سموذ,نايف العتيبي,الرياض,مدى,تم التسليم,2,334,50,0,284,37.04,246.96,110,17.92,2.84,116.2
104326,2026-08-26,سموذ,بندر الشهري,أبها,مدى,ملغي,4,499,0,0,499,0,0,0,0,0,0
104325,2026-08-26,سموذ,فهد الرشيدي,جدة,مدى,تم التسليم,5,633,0,0,633,82.57,550.43,202,21.28,6.33,320.82
104324,2026-08-26,سموذ,عبير الشمري,الرياض,Apple Pay,تم التسليم,5,605,0,0,605,78.91,526.09,196,16.0,12.1,301.99
104323,2026-08-26,سموذ,سلطان السالم,الرياض,تمارا,تم التسليم,2,150,0,25,175,22.83,152.17,44,12.48,11.38,84.32
104322,2026-08-26,سموذ,شهد العنزي,الدمام,Apple Pay,تم التسليم,2,180,0,25,205,26.74,178.26,56,16.15,4.1,102.01
104321,2026-08-26,سموذ,سارة الغامدي,تبوك,Apple Pay,تم التسليم,1,189,0,25,214,27.91,186.09,62,18.72,4.28,101.09
104320,2026-08-26,سموذ,سارة الجهني,الدمام,مدى,تم التسليم,1,145,0,25,170,22.17,147.83,48,19.0,1.7,79.13
104319,2026-08-26,سموذ,أمل السالم,الدمام,تمارا,تم التسليم,1,120,0,25,145,18.91,126.09,41,16.15,9.43,59.51
104318,2026-08-26,سموذ,تركي المطيري,جدة,Apple Pay,تم التسليم,4,430,64,0,366,47.74,318.26,142,16.15,7.32,152.79
104317,2026-08-25,قلوريز,منيرة المطيري,الرياض,تمارا,تم التسليم,2,179,0,0,179,23.35,155.65,48,16.0,11.63,80.02
104316,2026-08-25,قلوريز,فهد الشهري,جدة,مدى,ملغي,2,169,0,0,169,0,0,0,0,0,0
104315,2026-08-25,قلوريز,نايف السبيعي,الرياض,تمارا,تم التسليم,3,153,31,20,142,18.52,123.48,36,16.0,9.23,62.25
104314,2026-08-25,قلوريز,راكان الرشيدي,جدة,Apple Pay,تم التسليم,1,120,0,20,140,18.26,121.74,34,14.82,2.8,70.12
104313,2026-08-25,قلوريز,نورة الرشيدي,جدة,فيزا,تم التسليم,3,299,30,0,269,35.09,233.91,82,19.0,6.73,126.19
104312,2026-08-25,قلوريز,منيرة الرشيدي,أبها,مدى,تم التسليم,3,360,0,0,360,46.96,313.04,102,20.4,3.6,187.04
104311,2026-08-25,قلوريز,نايف المالكي,أبها,مدى,تم التسليم,1,55,0,20,75,9.78,65.22,13,20.4,0.75,31.07
104310,2026-08-25,قلوريز,هند الشمري,المدينة,Apple Pay,تم التسليم,3,125,12,20,133,17.35,115.65,29,21.0,2.66,62.99
104309,2026-08-25,قلوريز,لمى الدوسري,جدة,مدى,تم التسليم,3,105,21,20,104,13.57,90.43,24,19.0,1.04,46.39
104308,2026-08-25,قلوريز,رهف الرشيدي,الرياض,مدى,تم التسليم,1,39,0,20,59,7.7,51.3,9,13.6,0.59,28.11
104307,2026-08-25,قلوريز,تركي الجهني,الرياض,تمارا,تم التسليم,2,98,0,20,118,15.39,102.61,22,13.6,7.67,59.34
104306,2026-08-25,قلوريز,نايف الجهني,مكة,مدى,تم التسليم,2,159,24,20,155,20.22,134.78,43,21.0,1.55,69.23
104305,2026-08-25,قلوريز,دانة الغامدي,جدة,مدى,ملغي,3,360,54,0,306,0,0,0,0,0,0
104304,2026-08-25,قلوريز,منيرة العتيبي,جدة,الدفع عند الاستلام,تم التسليم,1,120,0,20,140,18.26,121.74,34,21.28,12.0,54.46
104303,2026-08-25,قلوريز,محمد الرشيدي,مكة,فيزا,تم التسليم,3,163,0,0,163,21.26,141.74,38,17.85,4.08,81.81
104302,2026-08-25,قلوريز,غادة البقمي,جدة,تمارا,تم التسليم,1,49,0,20,69,9.0,60.0,11,19.0,4.49,25.52
104301,2026-08-25,قلوريز,لمى المطيري,الرياض,تمارا,تم التسليم,1,39,0,20,59,7.7,51.3,9,13.6,3.83,24.87
104300,2026-08-25,قلوريز,دانة الشهري,جدة,مدى,تم التسليم,4,232,0,0,232,30.26,201.74,55,21.28,2.32,123.14
104299,2026-08-25,سموذ,فهد الجهني,الرياض,مدى,تم التسليم,2,195,20,25,200,26.09,173.91,63,16.0,2.0,92.91
104298,2026-08-25,سموذ,ريم السالم,مكة,تمارا,تم التسليم,3,280,0,0,280,36.52,243.48,89,23.52,18.2,112.76
104297,2026-08-25,سموذ,خالد العنزي,الرياض,تمارا,تم التسليم,1,189,0,25,214,27.91,186.09,62,12.48,13.91,97.7
104296,2026-08-25,سموذ,فهد القحطاني,الرياض,مدى,ملغي,5,580,116,0,464,0,0,0,0,0,0
104295,2026-08-25,سموذ,محمد الزهراني,القصيم,تمارا,تم التسليم,1,85,0,25,110,14.35,95.65,26,24.0,7.15,38.5
104294,2026-08-25,سموذ,سارة الجهني,الدمام,مدى,تم التسليم,1,75,0,25,100,13.04,86.96,22,21.28,1.0,42.68
104293,2026-08-25,سموذ,نورة السالم,جدة,فيزا,تم التسليم,2,284,28,0,256,33.39,222.61,92,21.28,6.4,102.93
104292,2026-08-25,سموذ,بندر العنزي,الرياض,مدى,ملغي,3,567,0,0,567,0,0,0,0,0,0
104291,2026-08-25,سموذ,عبير البقمي,أبها,Apple Pay,تم التسليم,1,145,0,25,170,22.17,147.83,48,24.0,3.4,72.43
104290,2026-08-25,سموذ,ريم السالم,القصيم,Apple Pay,تم التسليم,2,215,0,25,240,31.3,208.7,71,24.0,4.8,108.9
104289,2026-08-25,سموذ,منيرة الجهني,الرياض,مدى,تم التسليم,1,145,0,25,170,22.17,147.83,48,16.0,1.7,82.13
104288,2026-08-25,سموذ,تركي المطيري,المدينة,فيزا,تم التسليم,4,668,0,0,668,87.13,580.87,220,21.0,16.7,323.17
104287,2026-08-24,قلوريز,بندر السالم,المدينة,فيزا,تم التسليم,1,49,0,20,69,9.0,60.0,11,16.38,1.73,30.9
104286,2026-08-24,قلوريز,نايف المالكي,الخبر,مدى,تم التسليم,1,35,0,20,55,7.17,47.83,8,19.0,0.55,20.28
104285,2026-08-24,قلوريز,هند العتيبي,الرياض,تمارا,تم التسليم,1,120,0,20,140,18.26,121.74,34,17.92,9.1,60.72
104284,2026-08-24,قلوريز,خالد الغامدي,الرياض,فيزا,تم التسليم,1,55,0,20,75,9.78,65.22,13,17.92,1.88,32.42
104283,2026-08-24,قلوريز,منيرة القحطاني,جدة,الدفع عند الاستلام,تم التسليم,1,35,0,20,55,7.17,47.83,8,16.15,12.0,11.68
104282,2026-08-24,قلوريز,محمد السالم,أبها,الدفع عند الاستلام,تم التسليم,2,70,0,20,90,11.74,78.26,16,24.0,12.0,26.26
104281,2026-08-24,قلوريز,جود الزهراني,مكة,مدى,تم التسليم,3,147,0,20,167,21.78,145.22,33,21.0,1.67,89.55
104280,2026-08-24,قلوريز,دانة البقمي,الرياض,فيزا,تم التسليم,2,94,0,20,114,14.87,99.13,22,17.92,2.85,56.36
104279,2026-08-24,قلوريز,ياسر السبيعي,الرياض,مدى,تم التسليم,3,129,0,20,149,19.43,129.57,30,13.6,1.49,84.48
104278,2026-08-24,قلوريز,محمد السالم,المدينة,مدى,تم التسليم,4,338,0,0,338,44.09,293.91,90,17.85,3.38,182.68
104277,2026-08-24,قلوريز,بندر المطيري,الرياض,Apple Pay,تم التسليم,3,177,0,0,177,23.09,153.91,42,17.92,3.54,90.45
104276,2026-08-24,قلوريز,فهد الدوسري,جدة,مدى,تم التسليم,1,35,4,20,51,6.65,44.35,8,21.28,0.51,14.56
104275,2026-08-24,قلوريز,فهد الدوسري,جدة,Apple Pay,تم التسليم,1,55,0,20,75,9.78,65.22,13,16.15,1.5,34.57
104274,2026-08-24,قلوريز,سلطان الرشيدي,جدة,الدفع عند الاستلام,تم التسليم,1,55,0,20,75,9.78,65.22,13,19.0,12.0,21.22
104273,2026-08-24,قلوريز,لمى الجهني,الرياض,Apple Pay,تم التسليم,1,39,0,20,59,7.7,51.3,9,12.48,1.18,28.64
104272,2026-08-24,قلوريز,خالد الرشيدي,مكة,تمارا,تم التسليم,2,90,14,20,96,12.52,83.48,21,17.85,6.24,38.39
104271,2026-08-24,قلوريز,شهد الشمري,الدمام,تمارا,تم التسليم,1,120,0,20,140,18.26,121.74,34,19.0,9.1,59.64
104270,2026-08-24,قلوريز,سارة الرشيدي,جدة,Apple Pay,تم التسليم,1,35,5,20,50,6.52,43.48,8,16.15,1.0,18.33
104269,2026-08-24,قلوريز,رهف الغامدي,جدة,مدى,تم التسليم,1,55,0,20,75,9.78,65.22,13,16.15,0.75,35.32
104268,2026-08-24,قلوريز,ريم المطيري,الرياض,مدى,تم التسليم,2,78,0,20,98,12.78,85.22,18,13.6,0.98,52.64
104267,2026-08-24,قلوريز,نورة المطيري,الرياض,الدفع عند الاستلام,تم التسليم,4,192,0,0,192,25.04,166.96,45,12.48,12.0,97.48
104266,2026-08-24,قلوريز,دانة السبيعي,الرياض,الدفع عند الاستلام,تم التسليم,3,228,0,0,228,29.74,198.26,59,17.92,12.0,109.34
104265,2026-08-24,سموذ,منيرة الشهري,مكة,فيزا,تم التسليم,1,75,0,25,100,13.04,86.96,22,17.85,2.5,44.61
104264,2026-08-24,سموذ,ياسر القحطاني,الرياض,مدى,تم التسليم,2,170,0,25,195,25.43,169.57,52,17.92,1.95,97.7
104263,2026-08-24,سموذ,ريم العنزي,جدة,مدى,تم التسليم,2,290,0,0,290,37.83,252.17,96,19.0,2.9,134.27
104262,2026-08-24,سموذ,ريم الشمري,مكة,مدى,تم التسليم,1,85,0,25,110,14.35,95.65,26,17.85,1.1,50.7
104261,2026-08-24,سموذ,دانة الحربي,الدمام,مدى,تم التسليم,3,285,0,0,285,37.17,247.83,90,14.82,2.85,140.16
104260,2026-08-24,سموذ,بندر الشهري,أبها,Apple Pay,تم التسليم,2,240,0,25,265,34.57,230.43,82,20.4,5.3,122.73
104259,2026-08-24,سموذ,غادة الرشيدي,الرياض,الدفع عند الاستلام,تم التسليم,1,75,0,25,100,13.04,86.96,22,16.0,12.0,36.96
104258,2026-08-24,سموذ,جود الزهراني,جدة,تمارا,تم التسليم,5,753,0,0,753,98.22,654.78,246,14.82,48.95,345.02
104257,2026-08-24,سموذ,عبير المطيري,جدة,الدفع عند الاستلام,تم التسليم,3,360,0,0,360,46.96,313.04,123,19.0,12.0,159.04
104256,2026-08-24,سموذ,رهف الشهري,الرياض,تمارا,تم التسليم,2,150,0,25,175,22.83,152.17,44,13.6,11.38,83.2
104255,2026-08-24,سموذ,محمد المطيري,الرياض,مدى,تم التسليم,1,95,0,25,120,15.65,104.35,30,13.6,1.2,59.55
104254,2026-08-24,سموذ,جود الشهري,الرياض,Apple Pay,ملغي,2,274,0,0,274,0,0,0,0,0,0
104253,2026-08-24,سموذ,محمد الجهني,الرياض,مدى,تم التسليم,1,85,0,25,110,14.35,95.65,26,17.92,1.1,50.63
104252,2026-08-24,سموذ,عبير المطيري,الرياض,مدى,ملغي,1,145,0,25,170,0,0,0,0,0,0
104251,2026-08-23,قلوريز,راكان المطيري,جدة,مدى,تم التسليم,1,39,0,20,59,7.7,51.3,9,19.0,0.59,22.71
104250,2026-08-23,قلوريز,رهف الدوسري,الرياض,فيزا,تم التسليم,2,78,0,20,98,12.78,85.22,18,17.92,2.45,46.85
104249,2026-08-23,قلوريز,ريم الشهري,جدة,فيزا,تم التسليم,1,35,0,20,55,7.17,47.83,8,19.0,1.38,19.45
104248,2026-08-23,قلوريز,نورة القحطاني,الرياض,Apple Pay,تم التسليم,2,98,0,20,118,15.39,102.61,22,12.48,2.36,65.77
104247,2026-08-23,قلوريز,خالد القحطاني,المدينة,فيزا,تم التسليم,3,177,0,0,177,23.09,153.91,42,16.38,4.42,91.11
104246,2026-08-23,قلوريز,رهف الشهري,الخبر,Apple Pay,تم التسليم,4,269,0,0,269,35.09,233.91,69,21.28,5.38,138.25
104245,2026-08-23,قلوريز,غادة السبيعي,الرياض,مدى,تم التسليم,2,98,15,20,103,13.43,89.57,23,17.92,1.03,47.62
104244,2026-08-23,قلوريز,هند القحطاني,تبوك,مدى,تم التسليم,2,110,16,20,114,14.87,99.13,26,18.72,1.14,53.27
104243,2026-08-23,قلوريز,سلطان السالم,جدة,Apple Pay,تم التسليم,1,55,0,20,75,9.78,65.22,13,14.82,1.5,35.9
104242,2026-08-23,قلوريز,هند الزهراني,الرياض,فيزا,تم التسليم,3,190,0,0,190,24.78,165.22,50,17.92,4.75,92.55
104241,2026-08-23,قلوريز,راكان المطيري,الدمام,Apple Pay,تم التسليم,1,39,0,20,59,7.7,51.3,9,16.15,1.18,24.97
104240,2026-08-23,قلوريز,نورة السالم,الرياض,Apple Pay,تم التسليم,1,120,0,20,140,18.26,121.74,34,16.0,2.8,68.94
104239,2026-08-23,قلوريز,نايف الحربي,الرياض,مدى,تم التسليم,2,110,0,20,130,16.96,113.04,26,16.0,1.3,69.74
104238,2026-08-23,قلوريز,نايف الزهراني,الدمام,Apple Pay,تم التسليم,3,214,0,0,214,27.91,186.09,56,19.0,4.28,106.81
104237,2026-08-23,قلوريز,بندر المطيري,مكة,مدى,تم التسليم,3,194,0,0,194,25.3,168.7,51,21.0,1.94,94.76
104236,2026-08-23,قلوريز,سلطان الدوسري,جدة,فيزا,تم التسليم,1,55,0,20,75,9.78,65.22,13,19.0,1.88,31.34
104235,2026-08-23,قلوريز,سارة السالم,الرياض,Apple Pay,تم التسليم,1,39,0,20,59,7.7,51.3,9,16.0,1.18,25.12
104234,2026-08-23,قلوريز,شهد الجهني,مكة,مدى,تم التسليم,3,177,0,0,177,23.09,153.91,42,17.85,1.77,92.29
104233,2026-08-23,قلوريز,عبير الحربي,مكة,Apple Pay,تم التسليم,1,55,6,20,69,9.0,60.0,13,21.0,1.38,24.62
104232,2026-08-23,قلوريز,فهد الشمري,المدينة,مدى,تم التسليم,1,59,0,20,79,10.3,68.7,14,21.0,0.79,32.91
104231,2026-08-23,قلوريز,لمى السالم,الدمام,Apple Pay,تم التسليم,2,175,0,0,175,22.83,152.17,47,16.15,3.5,85.52
104230,2026-08-23,قلوريز,دانة الشهري,الرياض,تمارا,تم التسليم,1,59,0,20,79,10.3,68.7,14,16.0,5.13,33.56
104229,2026-08-23,قلوريز,خالد البقمي,الرياض,مدى,تم التسليم,5,183,0,0,183,23.87,159.13,42,17.92,1.83,97.38
104228,2026-08-23,سموذ,غادة العنزي,الدمام,فيزا,تم التسليم,4,375,0,0,375,48.91,326.09,119,16.15,9.38,181.56
104227,2026-08-23,سموذ,سلطان المالكي,مكة,الدفع عند الاستلام,تم التسليم,1,85,0,25,110,14.35,95.65,26,17.85,12.0,39.8
104226,2026-08-23,سموذ,تركي البقمي,الخبر,فيزا,تم التسليم,2,150,30,25,145,18.91,126.09,44,16.15,3.62,62.31
104225,2026-08-23,سموذ,نورة الجهني,الرياض,مدى,تم التسليم,2,334,0,0,334,43.57,290.43,110,16.0,3.34,161.09
104224,2026-08-23,سموذ,منيرة السالم,مكة,مدى,تم التسليم,3,265,26,25,264,34.43,229.57,82,17.85,2.64,127.08
104223,2026-08-23,سموذ,سارة الحربي,تبوك,تمارا,تم التسليم,1,120,12,25,133,17.35,115.65,41,20.4,8.64,45.61
104222,2026-08-23,سموذ,عبير المطيري,الدمام,Apple Pay,تم التسليم,2,290,0,0,290,37.83,252.17,96,21.28,5.8,129.09
104221,2026-08-23,سموذ,عبير الرشيدي,الرياض,تمارا,تم التسليم,1,145,0,25,170,22.17,147.83,48,12.48,11.05,76.3
104220,2026-08-23,سموذ,بندر الحربي,جدة,مدى,تم التسليم,2,190,0,25,215,28.04,186.96,60,16.15,2.15,108.66
104219,2026-08-23,سموذ,ريم العنزي,جدة,مدى,تم التسليم,1,120,0,25,145,18.91,126.09,41,19.0,1.45,64.64
104218,2026-08-23,سموذ,أمل الغامدي,الرياض,تمارا,تم التسليم,1,189,0,25,214,27.91,186.09,62,12.48,13.91,97.7
104217,2026-08-23,سموذ,جود البقمي,الدمام,مدى,تم التسليم,1,85,17,25,93,12.13,80.87,26,16.15,0.93,37.79
104216,2026-08-23,سموذ,تركي البقمي,مكة,مدى,تم التسليم,1,75,0,25,100,13.04,86.96,22,16.38,1.0,47.58
104215,2026-08-23,سموذ,راكان السبيعي,الرياض,مدى,تم التسليم,1,95,14,25,106,13.83,92.17,30,16.0,1.06,45.11
104214,2026-08-22,قلوريز,سلطان الحربي,جدة,Apple Pay,تم التسليم,1,39,0,20,59,7.7,51.3,9,19.0,1.18,22.12
104213,2026-08-22,قلوريز,ياسر الجهني,مكة,تمارا,تم التسليم,2,78,0,20,98,12.78,85.22,18,16.38,6.37,44.47
104212,2026-08-22,قلوريز,عبير الحربي,الرياض,مدى,تم التسليم,1,59,9,20,70,9.13,60.87,14,16.0,0.7,30.17
104211,2026-08-22,قلوريز,ريم العنزي,الرياض,مدى,تم التسليم,2,175,0,0,175,22.83,152.17,47,12.48,1.75,90.94
104210,2026-08-22,قلوريز,راكان السالم,الدمام,Apple Pay,تم التسليم,1,59,0,20,79,10.3,68.7,14,19.0,1.58,34.12
104209,2026-08-22,قلوريز,راكان السالم,الرياض,مدى,تم التسليم,2,90,0,20,110,14.35,95.65,21,13.6,1.1,59.95
104208,2026-08-22,قلوريز,محمد الرشيدي,جدة,الدفع عند الاستلام,تم التسليم,1,49,0,20,69,9.0,60.0,11,16.15,12.0,20.85
104207,2026-08-22,قلوريز,غادة القحطاني,الرياض,فيزا,تم التسليم,2,175,35,20,160,20.87,139.13,47,17.92,4.0,70.21
104206,2026-08-22,قلوريز,عبير المالكي,الرياض,الدفع عند الاستلام,تم التسليم,2,179,0,0,179,23.35,155.65,48,16.0,12.0,79.65
104205,2026-08-22,قلوريز,ريم الرشيدي,تبوك,فيزا,تم التسليم,4,224,0,0,224,29.22,194.78,53,20.4,5.6,115.78
104204,2026-08-22,قلوريز,دانة الغامدي,الدمام,مدى,تم التسليم,4,180,0,0,180,23.48,156.52,42,19.0,1.8,93.72
104203,2026-08-22,قلوريز,بندر البقمي,القصيم,مدى,تم التسليم,2,98,0,20,118,15.39,102.61,23,26.88,1.18,51.55
104202,2026-08-22,قلوريز,رهف الغامدي,جدة,الدفع عند الاستلام,تم التسليم,2,110,0,20,130,16.96,113.04,26,19.0,12.0,56.04
104201,2026-08-22,قلوريز,لمى البقمي,الرياض,Apple Pay,تم التسليم,3,153,0,0,153,19.96,133.04,36,13.6,3.06,80.38
104200,2026-08-22,قلوريز,عبير الرشيدي,الرياض,مدى,تم التسليم,1,35,5,20,50,6.52,43.48,8,16.0,0.5,18.98
104199,2026-08-22,قلوريز,نورة العتيبي,الرياض,مدى,تم التسليم,6,278,0,0,278,36.26,241.74,64,16.0,2.78,158.96
104198,2026-08-22,قلوريز,منيرة العتيبي,جدة,مدى,تم التسليم,2,84,0,20,104,13.57,90.43,19,14.82,1.04,55.57
104197,2026-08-22,قلوريز,تركي المطيري,جدة,Apple Pay,تم التسليم,2,84,13,20,91,11.87,79.13,19,19.0,1.82,39.31
104196,2026-08-22,قلوريز,لمى السالم,جدة,مدى,تم التسليم,3,117,23,20,114,14.87,99.13,27,19.0,1.14,51.99
104195,2026-08-22,قلوريز,محمد القحطاني,المدينة,مدى,تم التسليم,1,35,0,20,55,7.17,47.83,8,17.85,0.55,21.43
104194,2026-08-22,قلوريز,هند السالم,جدة,تمارا,تم التسليم,2,118,0,20,138,18.0,120.0,28,21.28,8.97,61.75
104193,2026-08-22,سموذ,فهد الدوسري,جدة,مدى,تم التسليم,3,419,0,0,419,54.65,364.35,136,14.82,4.19,209.34
104192,2026-08-22,سموذ,سلطان القحطاني,مكة,مدى,تم التسليم,4,642,128,0,514,67.04,446.96,208,23.52,5.14,210.3
104191,2026-08-22,سموذ,شهد المالكي,الرياض,تمارا,تم التسليم,5,485,0,0,485,63.26,421.74,152,17.92,31.53,220.29
104190,2026-08-22,سموذ,رهف القحطاني,جدة,مدى,تم التسليم,3,339,0,0,339,44.22,294.78,106,16.15,3.39,169.24
104189,2026-08-22,سموذ,عبدالله العتيبي,القصيم,مدى,تم التسليم,3,429,0,0,429,55.96,373.04,140,24.0,4.29,204.75
104188,2026-08-22,سموذ,سارة الجهني,الدمام,Apple Pay,تم التسليم,4,310,62,25,273,35.61,237.39,92,19.0,5.46,120.93
104187,2026-08-22,سموذ,جود العتيبي,الرياض,الدفع عند الاستلام,تم التسليم,2,334,0,0,334,43.57,290.43,110,16.0,12.0,152.43
104186,2026-08-22,سموذ,نايف الشمري,جدة,Apple Pay,تم التسليم,2,290,0,0,290,37.83,252.17,96,14.82,5.8,135.55
104185,2026-08-22,سموذ,فهد الزهراني,جدة,فيزا,تم التسليم,2,150,0,25,175,22.83,152.17,44,19.0,4.38,84.8
104184,2026-08-22,سموذ,سارة الشمري,جدة,Apple Pay,ملغي,2,205,0,25,230,0,0,0,0,0,0
104183,2026-08-22,سموذ,عبير السالم,الرياض,مدى,تم التسليم,1,85,8,25,102,13.3,88.7,26,13.6,1.02,48.08
104182,2026-08-22,سموذ,هند الرشيدي,الرياض,Apple Pay,تم التسليم,1,75,0,25,100,13.04,86.96,22,16.0,2.0,46.96
104181,2026-08-22,سموذ,عبدالله البقمي,الرياض,Apple Pay,تم التسليم,2,240,0,25,265,34.57,230.43,82,17.92,5.3,125.21
104180,2026-08-22,سموذ,لمى القحطاني,الرياض,مدى,تم التسليم,3,295,0,0,295,38.48,256.52,92,16.0,2.95,145.57
104179,2026-08-22,سموذ,أمل الشهري,جدة,فيزا,تم التسليم,1,145,14,25,156,20.35,135.65,48,16.15,3.9,67.6
104178,2026-08-22,سموذ,رهف الدوسري,مكة,Apple Pay,تم التسليم,2,230,0,25,255,33.26,221.74,74,23.52,5.1,119.12
104177,2026-08-21,قلوريز,منيرة الجهني,الرياض,مدى,تم التسليم,2,94,0,20,114,14.87,99.13,22,13.6,1.14,62.39
104176,2026-08-21,قلوريز,محمد القحطاني,القصيم,مدى,تم التسليم,6,343,0,0,343,44.74,298.26,86,24.0,3.43,184.83
104175,2026-08-21,قلوريز,ياسر الجهني,جدة,Apple Pay,تم التسليم,1,55,11,20,64,8.35,55.65,13,16.15,1.28,25.22
104174,2026-08-21,قلوريز,دانة الغامدي,مكة,مدى,تم التسليم,3,360,54,0,306,39.91,266.09,102,23.52,3.06,137.51
104173,2026-08-21,قلوريز,نايف المالكي,الدمام,تمارا,تم التسليم,2,88,0,20,108,14.09,93.91,20,21.28,7.02,45.61
104172,2026-08-21,قلوريز,جود الغامدي,الرياض,مدى,تم التسليم,1,59,0,20,79,10.3,68.7,14,16.0,0.79,37.91
104171,2026-08-21,قلوريز,نايف العنزي,القصيم,مدى,تم التسليم,2,179,0,0,179,23.35,155.65,48,18.72,1.79,87.14
104170,2026-08-21,قلوريز,منيرة المالكي,مكة,الدفع عند الاستلام,تم التسليم,5,251,0,0,251,32.74,218.26,58,21.0,12.0,127.26
104169,2026-08-21,قلوريز,رهف الرشيدي,تبوك,Apple Pay,تم التسليم,1,39,0,20,59,7.7,51.3,9,26.88,1.18,14.24
104168,2026-08-21,قلوريز,تركي الشهري,المدينة,فيزا,تم التسليم,3,360,0,0,360,46.96,313.04,102,16.38,9.0,185.66
104167,2026-08-21,قلوريز,محمد المطيري,المدينة,Apple Pay,تم التسليم,3,194,29,0,165,21.52,143.48,51,17.85,3.3,71.33
104166,2026-08-21,قلوريز,جود الجهني,الدمام,مدى,تم التسليم,2,114,11,20,123,16.04,106.96,27,19.0,1.23,59.73
104165,2026-08-21,قلوريز,نايف العتيبي,الرياض,Apple Pay,تم التسليم,4,196,20,0,176,22.96,153.04,45,13.6,3.52,90.92
104164,2026-08-21,قلوريز,أمل البقمي,جدة,مدى,تم التسليم,2,169,0,0,169,22.04,146.96,45,21.28,1.69,78.99
104163,2026-08-21,قلوريز,رهف القحطاني,القصيم,الدفع عند الاستلام,تم التسليم,3,153,23,20,150,19.57,130.43,36,20.4,12.0,62.03
104162,2026-08-21,قلوريز,دانة الغامدي,مكة,فيزا,تم التسليم,2,118,0,20,138,18.0,120.0,28,16.38,3.45,72.17
104161,2026-08-21,قلوريز,غادة الدوسري,الرياض,فيزا,تم التسليم,2,114,11,20,123,16.04,106.96,27,12.48,3.08,64.4
104160,2026-08-21,قلوريز,شهد الحربي,المدينة,تمارا,تم التسليم,1,35,0,20,55,7.17,47.83,8,21.0,3.58,15.25
104159,2026-08-21,قلوريز,محمد العتيبي,الرياض,مدى,تم التسليم,1,39,0,20,59,7.7,51.3,9,12.48,0.59,29.23
104158,2026-08-21,قلوريز,منيرة البقمي,المدينة,Apple Pay,تم التسليم,2,240,0,0,240,31.3,208.7,68,21.0,4.8,114.9
104157,2026-08-21,قلوريز,نورة الشمري,المدينة,مدى,تم التسليم,1,49,0,20,69,9.0,60.0,11,23.52,0.69,24.79
104156,2026-08-21,قلوريز,جود القحطاني,الرياض,تمارا,تم التسليم,2,98,0,20,118,15.39,102.61,23,16.0,7.67,55.94
104155,2026-08-21,قلوريز,ريم القحطاني,أبها,فيزا,تم التسليم,4,148,0,20,168,21.91,146.09,34,20.4,4.2,87.49
104154,2026-08-21,قلوريز,أمل الشهري,مكة,الدفع عند الاستلام,تم التسليم,1,49,0,20,69,9.0,60.0,11,17.85,12.0,19.15
104153,2026-08-21,قلوريز,رهف المطيري,الرياض,فيزا,تم التسليم,4,202,0,0,202,26.35,175.65,46,13.6,5.05,111.0
104152,2026-08-21,قلوريز,غادة الغامدي,الرياض,مدى,تم التسليم,2,70,0,20,90,11.74,78.26,16,16.0,0.9,45.36
104151,2026-08-21,قلوريز,نايف القحطاني,الرياض,تمارا,تم التسليم,1,59,12,20,67,8.74,58.26,14,16.0,4.36,23.91
104150,2026-08-21,سموذ,شهد الشمري,مكة,Apple Pay,تم التسليم,2,378,76,0,302,39.39,262.61,124,21.0,6.04,111.57
104149,2026-08-21,سموذ,هند العتيبي,الرياض,مدى,تم التسليم,2,240,0,25,265,34.57,230.43,82,13.6,2.65,132.18
104148,2026-08-21,سموذ,خالد الجهني,الرياض,تمارا,ملغي,3,315,47,0,268,0,0,0,0,0,0
104147,2026-08-21,سموذ,ماجد العنزي,القصيم,مدى,تم التسليم,2,190,0,25,215,28.04,186.96,60,26.88,2.15,97.93
104146,2026-08-21,سموذ,عبير الرشيدي,القصيم,مدى,تم التسليم,1,75,0,25,100,13.04,86.96,22,24.0,1.0,39.96
104145,2026-08-21,سموذ,شهد الشمري,الخبر,مدى,تم التسليم,1,95,0,25,120,15.65,104.35,30,19.0,1.2,54.15
104144,2026-08-21,سموذ,سارة الرشيدي,الرياض,مدى,تم التسليم,1,145,0,25,170,22.17,147.83,48,17.92,1.7,80.21
104143,2026-08-21,سموذ,تركي الشمري,مكة,الدفع عند الاستلام,تم التسليم,2,190,0,25,215,28.04,186.96,60,16.38,12.0,98.58
104142,2026-08-21,سموذ,ماجد الجهني,الرياض,مدى,تم التسليم,2,265,0,0,265,34.57,230.43,89,17.92,2.65,120.86
104141,2026-08-21,سموذ,تركي العنزي,مكة,تمارا,تم التسليم,1,95,10,25,110,14.35,95.65,30,16.38,7.15,42.12
104140,2026-08-21,سموذ,جود السالم,مكة,Apple Pay,تم التسليم,2,220,33,25,212,27.65,184.35,70,23.52,4.24,86.59
104139,2026-08-21,سموذ,شهد العنزي,جدة,فيزا,تم التسليم,3,360,0,0,360,46.96,313.04,123,16.15,9.0,164.89
104138,2026-08-21,سموذ,راكان الشمري,الرياض,مدى,تم التسليم,2,334,50,0,284,37.04,246.96,110,16.0,2.84,118.12
104137,2026-08-21,سموذ,خالد الشهري,الرياض,مدى,ملغي,1,95,0,25,120,0,0,0,0,0,0
104136,2026-08-21,سموذ,تركي البقمي,الخبر,فيزا,تم التسليم,2,150,22,25,153,19.96,133.04,44,14.82,3.83,70.4
104135,2026-08-21,سموذ,دانة البقمي,جدة,الدفع عند الاستلام,تم التسليم,1,145,0,25,170,22.17,147.83,48,19.0,12.0,68.83
104134,2026-08-21,سموذ,سارة السبيعي,الدمام,فيزا,تم التسليم,1,75,0,25,100,13.04,86.96,22,16.15,2.5,46.31
104133,2026-08-21,سموذ,ياسر العتيبي,المدينة,مدى,تم التسليم,3,339,0,0,339,44.22,294.78,106,21.0,3.39,164.39
104132,2026-08-21,سموذ,عبير الغامدي,الرياض,Apple Pay,تم التسليم,2,265,0,0,265,34.57,230.43,89,13.6,5.3,122.53
104131,2026-08-21,سموذ,سلطان العتيبي,الرياض,مدى,تم التسليم,2,290,0,0,290,37.83,252.17,96,16.0,2.9,137.27
104130,2026-08-20,قلوريز,راكان المالكي,الدمام,مدى,تم التسليم,2,240,36,0,204,26.61,177.39,68,14.82,2.04,92.53
104129,2026-08-20,قلوريز,هند القحطاني,الرياض,مدى,تم التسليم,3,165,33,20,152,19.83,132.17,39,13.6,1.52,78.05
104128,2026-08-20,قلوريز,دانة الزهراني,جدة,الدفع عند الاستلام,تم التسليم,3,218,0,0,218,28.43,189.57,57,16.15,12.0,104.42
104127,2026-08-20,قلوريز,دانة العنزي,مكة,تمارا,تم التسليم,1,120,0,20,140,18.26,121.74,34,23.52,9.1,55.12
104126,2026-08-20,قلوريز,عبدالله الرشيدي,تبوك,Apple Pay,تم التسليم,1,49,0,20,69,9.0,60.0,11,18.72,1.38,28.9
104125,2026-08-20,قلوريز,غادة السبيعي,الدمام,فيزا,تم التسليم,1,55,0,20,75,9.78,65.22,13,16.15,1.88,34.19
104124,2026-08-20,قلوريز,سلطان الشمري,المدينة,الدفع عند الاستلام,تم التسليم,1,120,0,20,140,18.26,121.74,34,17.85,12.0,57.89
104123,2026-08-20,قلوريز,خالد السبيعي,جدة,فيزا,تم التسليم,4,344,0,0,344,44.87,299.13,92,19.0,8.6,179.53
104122,2026-08-20,قلوريز,تركي الشمري,الخبر,مدى,تم التسليم,3,143,29,20,134,17.48,116.52,33,16.15,1.34,66.03
104121,2026-08-20,قلوريز,راكان السالم,الدمام,مدى,تم التسليم,1,39,0,20,59,7.7,51.3,9,14.82,0.59,26.89
104120,2026-08-20,قلوريز,لمى المالكي,الرياض,مدى,تم التسليم,1,39,6,20,53,6.91,46.09,9,17.92,0.53,18.64
104119,2026-08-20,قلوريز,ماجد المالكي,تبوك,Apple Pay,تم التسليم,2,104,0,20,124,16.17,107.83,24,20.4,2.48,60.95
104118,2026-08-20,قلوريز,جود الرشيدي,أبها,مدى,تم التسليم,3,173,0,0,173,22.57,150.43,41,26.88,1.73,80.82
104117,2026-08-20,قلوريز,بندر السالم,الرياض,مدى,تم التسليم,2,78,0,20,98,12.78,85.22,18,16.0,0.98,50.24
104116,2026-08-20,قلوريز,شهد البقمي,الرياض,مدى,تم التسليم,2,110,0,20,130,16.96,113.04,26,13.6,1.3,72.14
104115,2026-08-20,قلوريز,هند الشمري,الرياض,مدى,تم التسليم,3,163,0,0,163,21.26,141.74,38,17.92,1.63,84.19
104114,2026-08-20,قلوريز,فهد المالكي,الرياض,الدفع عند الاستلام,تم التسليم,1,59,12,20,67,8.74,58.26,14,13.6,12.0,18.66
104113,2026-08-20,قلوريز,ياسر المالكي,أبها,Apple Pay,تم التسليم,3,230,0,0,230,30.0,200.0,60,18.72,4.6,116.68
104112,2026-08-20,قلوريز,هند البقمي,الرياض,مدى,تم التسليم,2,179,27,0,152,19.83,132.17,48,17.92,1.52,64.73
104111,2026-08-20,سموذ,دانة الشهري,الرياض,مدى,تم التسليم,3,315,0,0,315,41.09,273.91,104,12.48,3.15,154.28
104110,2026-08-20,سموذ,محمد العتيبي,المدينة,الدفع عند الاستلام,ملغي,2,290,58,25,257,0,0,0,0,0,0
104109,2026-08-20,سموذ,راكان القحطاني,الرياض,مدى,تم التسليم,3,369,0,0,369,48.13,320.87,118,16.0,3.69,183.18
104108,2026-08-20,سموذ,نايف الدوسري,مكة,مدى,تم التسليم,1,189,0,25,214,27.91,186.09,62,23.52,2.14,98.43
104107,2026-08-20,سموذ,هند العنزي,الخبر,مدى,تم التسليم,1,120,0,25,145,18.91,126.09,41,19.0,1.45,64.64
104106,2026-08-20,سموذ,جود الدوسري,تبوك,فيزا,تم التسليم,4,395,0,0,395,51.52,343.48,127,24.0,9.88,182.6
104105,2026-08-20,سموذ,نايف المالكي,الرياض,Apple Pay,تم التسليم,1,85,0,25,110,14.35,95.65,26,13.6,2.2,53.85
104104,2026-08-20,سموذ,رهف القحطاني,المدينة,فيزا,تم التسليم,4,365,0,0,365,47.61,317.39,115,21.0,9.12,172.27
104103,2026-08-20,سموذ,غادة الغامدي,الدمام,فيزا,تم التسليم,2,180,0,25,205,26.74,178.26,56,21.28,5.12,95.86
104102,2026-08-20,سموذ,نايف العتيبي,جدة,مدى,تم التسليم,1,189,0,25,214,27.91,186.09,62,21.28,2.14,100.67
104101,2026-08-20,سموذ,سارة الغامدي,تبوك,Apple Pay,تم التسليم,5,727,109,0,618,80.61,537.39,234,24.0,12.36,267.03
104100,2026-08-20,سموذ,نايف السبيعي,القصيم,الدفع عند الاستلام,تم التسليم,3,385,0,0,385,50.22,334.78,126,24.0,12.0,172.78
104099,2026-08-20,سموذ,سلطان الحربي,الخبر,Apple Pay,تم التسليم,1,120,0,25,145,18.91,126.09,41,19.0,2.9,63.19
104098,2026-08-20,سموذ,راكان العتيبي,مكة,مدى,تم التسليم,2,378,0,0,378,49.3,328.7,124,17.85,3.78,183.07
104097,2026-08-20,سموذ,هند الجهني,جدة,مدى,تم التسليم,1,75,15,25,85,11.09,73.91,22,19.0,0.85,32.06
104096,2026-08-20,سموذ,ماجد السالم,الدمام,فيزا,تم التسليم,3,325,0,0,325,42.39,282.61,108,19.0,8.12,147.48
104095,2026-08-20,سموذ,ياسر الدوسري,الرياض,تمارا,تم التسليم,2,180,0,25,205,26.74,178.26,56,16.0,13.33,92.94
104094,2026-08-20,سموذ,تركي الحربي,جدة,Apple Pay,تم التسليم,2,240,36,25,229,29.87,199.13,78,14.82,4.58,101.73
104093,2026-08-20,سموذ,فهد الجهني,الرياض,فيزا,تم التسليم,4,624,0,0,624,81.39,542.61,206,13.6,15.6,307.41
104092,2026-08-20,سموذ,ياسر العتيبي,الرياض,فيزا,تم التسليم,3,265,0,0,265,34.57,230.43,82,16.0,6.62,125.81
104091,2026-08-19,قلوريز,راكان الغامدي,الخبر,مدى,تم التسليم,3,133,0,20,153,19.96,133.04,31,19.0,1.53,81.51
104090,2026-08-19,قلوريز,ماجد الشمري,الرياض,مدى,تم التسليم,4,289,0,0,289,37.7,251.3,74,13.6,2.89,160.81
104089,2026-08-19,قلوريز,فهد السالم,جدة,مدى,تم التسليم,2,118,0,20,138,18.0,120.0,28,19.0,1.38,71.62
104088,2026-08-19,قلوريز,خالد الشمري,الخبر,Apple Pay,تم التسليم,2,240,0,0,240,31.3,208.7,68,19.0,4.8,116.9
104087,2026-08-19,قلوريز,عبير السالم,مكة,الدفع عند الاستلام,تم التسليم,4,198,40,0,158,20.61,137.39,46,16.38,12.0,63.01
104086,2026-08-19,قلوريز,عبدالله السالم,جدة,مدى,تم التسليم,3,145,0,20,165,21.52,143.48,34,16.15,1.65,91.68
104085,2026-08-19,قلوريز,سلطان المالكي,مكة,تمارا,تم التسليم,4,269,0,0,269,35.09,233.91,69,21.0,17.48,126.43
104084,2026-08-19,قلوريز,هند الشمري,الخبر,مدى,تم التسليم,3,157,0,0,157,20.48,136.52,36,14.82,1.57,84.13
104083,2026-08-19,قلوريز,فهد المالكي,الرياض,تمارا,تم التسليم,1,39,0,20,59,7.7,51.3,9,12.48,3.83,25.99
104082,2026-08-19,قلوريز,بندر الرشيدي,الرياض,Apple Pay,تم التسليم,1,39,0,20,59,7.7,51.3,9,12.48,1.18,28.64
104081,2026-08-19,قلوريز,أمل السالم,أبها,مدى,تم التسليم,2,74,0,20,94,12.26,81.74,17,24.0,0.94,39.8
104080,2026-08-19,قلوريز,جود الزهراني,القصيم,تمارا,تم التسليم,1,59,0,20,79,10.3,68.7,14,24.0,5.13,25.56
104079,2026-08-19,قلوريز,سلطان القحطاني,مكة,مدى,تم التسليم,1,35,7,20,48,6.26,41.74,8,16.38,0.48,16.88
104078,2026-08-19,قلوريز,عبدالله العنزي,الرياض,مدى,تم التسليم,1,35,0,20,55,7.17,47.83,8,12.48,0.55,26.8
104077,2026-08-19,قلوريز,منيرة الغامدي,الدمام,تمارا,تم التسليم,1,120,0,20,140,18.26,121.74,34,21.28,9.1,57.36
104076,2026-08-19,قلوريز,فهد المالكي,الرياض,فيزا,تم التسليم,5,231,23,0,208,27.13,180.87,54,16.0,5.2,105.67
104075,2026-08-19,سموذ,رهف الزهراني,مكة,Apple Pay,تم التسليم,1,75,0,25,100,13.04,86.96,22,23.52,2.0,39.44
104074,2026-08-19,سموذ,ياسر الغامدي,الرياض,مدى,تم التسليم,1,189,38,25,176,22.96,153.04,62,13.6,1.76,75.68
104073,2026-08-19,سموذ,غادة السالم,الخبر,مدى,تم التسليم,2,190,0,25,215,28.04,186.96,60,21.28,2.15,103.53
104072,2026-08-19,سموذ,راكان المالكي,جدة,مدى,تم التسليم,2,378,0,0,378,49.3,328.7,124,21.28,3.78,179.64
104071,2026-08-19,سموذ,خالد البقمي,الرياض,تمارا,تم التسليم,1,120,0,25,145,18.91,126.09,41,13.6,9.43,62.06
104070,2026-08-19,سموذ,تركي البقمي,مكة,مدى,ملغي,1,189,0,25,214,0,0,0,0,0,0
104069,2026-08-19,سموذ,لمى المالكي,جدة,Apple Pay,تم التسليم,4,464,0,0,464,60.52,403.48,148,14.82,9.28,231.38
104068,2026-08-19,سموذ,بندر الغامدي,الدمام,تمارا,تم التسليم,1,145,0,25,170,22.17,147.83,48,19.0,11.05,69.78
104067,2026-08-19,سموذ,سارة السبيعي,الرياض,الدفع عند الاستلام,ملغي,6,610,61,0,549,0,0,0,0,0,0
104066,2026-08-19,سموذ,خالد السالم,الرياض,مدى,تم التسليم,4,712,0,0,712,92.87,619.13,234,13.6,7.12,364.41
104065,2026-08-19,سموذ,عبدالله الشمري,الدمام,تمارا,تم التسليم,1,120,0,25,145,18.91,126.09,41,19.0,9.43,56.66
104064,2026-08-19,سموذ,جود الشهري,جدة,تمارا,تم التسليم,3,384,38,0,346,45.13,300.87,125,16.15,22.49,137.23
104063,2026-08-19,سموذ,سارة المالكي,المدينة,تمارا,تم التسليم,5,807,161,0,646,84.26,561.74,264,23.52,41.99,232.23
104062,2026-08-19,سموذ,سلطان الغامدي,جدة,مدى,تم التسليم,2,309,0,0,309,40.3,268.7,103,19.0,3.09,143.61
104061,2026-08-19,سموذ,غادة العتيبي,الرياض,Apple Pay,تم التسليم,1,85,8,25,102,13.3,88.7,26,16.0,2.04,44.66
104060,2026-08-18,قلوريز,عبدالله العتيبي,المدينة,تمارا,تم التسليم,1,49,0,20,69,9.0,60.0,11,21.0,4.49,23.52
104059,2026-08-18,قلوريز,بندر الجهني,الرياض,فيزا,ملغي,3,299,0,0,299,0,0,0,0,0,0
104058,2026-08-18,قلوريز,فهد العنزي,الدمام,تمارا,تم التسليم,3,165,0,0,165,21.52,143.48,39,21.28,10.72,72.47
104057,2026-08-18,قلوريز,هند البقمي,الرياض,مدى,تم التسليم,1,39,0,20,59,7.7,51.3,9,17.92,0.59,23.79
104056,2026-08-18,قلوريز,عبدالله القحطاني,جدة,Apple Pay,تم التسليم,1,59,0,20,79,10.3,68.7,14,16.15,1.58,36.97
104055,2026-08-18,قلوريز,تركي الرشيدي,أبها,Apple Pay,تم التسليم,1,39,0,20,59,7.7,51.3,9,18.72,1.18,22.4
104054,2026-08-18,قلوريز,ماجد المالكي,جدة,مدى,تم التسليم,1,59,0,20,79,10.3,68.7,14,16.15,0.79,37.76
104053,2026-08-18,قلوريز,سارة القحطاني,الدمام,مدى,تم التسليم,1,55,6,20,69,9.0,60.0,13,19.0,0.69,27.31
104052,2026-08-18,قلوريز,رهف الدوسري,القصيم,فيزا,تم التسليم,1,35,0,20,55,7.17,47.83,8,26.88,1.38,11.57
104051,2026-08-18,قلوريز,لمى القحطاني,مكة,مدى,تم التسليم,3,137,0,20,157,20.48,136.52,32,23.52,1.57,79.43
104050,2026-08-18,قلوريز,نايف الشهري,جدة,مدى,تم التسليم,2,94,0,20,114,14.87,99.13,22,21.28,1.14,54.71
104049,2026-08-18,قلوريز,فهد العنزي,الرياض,مدى,ملغي,3,147,0,20,167,0,0,0,0,0,0
104048,2026-08-18,قلوريز,ماجد السبيعي,الدمام,Apple Pay,تم التسليم,1,59,0,20,79,10.3,68.7,14,21.28,1.58,31.84
104047,2026-08-18,قلوريز,سارة الشمري,تبوك,مدى,تم التسليم,5,221,22,0,199,25.96,173.04,51,18.72,1.99,101.33
104046,2026-08-18,قلوريز,نايف الجهني,الدمام,Apple Pay,تم التسليم,1,120,0,20,140,18.26,121.74,34,19.0,2.8,65.94
104045,2026-08-18,سموذ,عبدالله العتيبي,الرياض,مدى,تم التسليم,1,85,0,25,110,14.35,95.65,26,12.48,1.1,56.07
104044,2026-08-18,سموذ,جود المطيري,الرياض,Apple Pay,ملغي,1,75,0,25,100,0,0,0,0,0,0
104043,2026-08-18,سموذ,سارة القحطاني,الخبر,Apple Pay,تم التسليم,3,567,0,0,567,73.96,493.04,186,19.0,11.34,276.7
104042,2026-08-18,سموذ,تركي الحربي,جدة,الدفع عند الاستلام,تم التسليم,2,240,0,25,265,34.57,230.43,82,14.82,12.0,121.61
104041,2026-08-18,سموذ,خالد البقمي,الرياض,فيزا,تم التسليم,2,215,0,25,240,31.3,208.7,71,13.6,6.0,118.1
104040,2026-08-18,سموذ,دانة الغامدي,الرياض,مدى,تم التسليم,1,75,0,25,100,13.04,86.96,22,13.6,1.0,50.36
104039,2026-08-18,سموذ,أمل السالم,الدمام,تمارا,تم التسليم,1,189,0,25,214,27.91,186.09,62,19.0,13.91,91.18
104038,2026-08-18,سموذ,نورة القحطاني,مكة,تمارا,تم التسليم,1,85,0,25,110,14.35,95.65,26,17.85,7.15,44.65
104037,2026-08-18,سموذ,جود القحطاني,جدة,Apple Pay,ملغي,1,95,0,25,120,0,0,0,0,0,0
104036,2026-08-18,سموذ,عبير المالكي,الرياض,فيزا,تم التسليم,1,189,0,25,214,27.91,186.09,62,16.0,5.35,102.74
104035,2026-08-18,سموذ,شهد البقمي,القصيم,الدفع عند الاستلام,تم التسليم,2,378,0,0,378,49.3,328.7,124,20.4,12.0,172.3
104034,2026-08-17,قلوريز,ماجد القحطاني,جدة,الدفع عند الاستلام,تم التسليم,2,98,0,20,118,15.39,102.61,22,21.28,12.0,47.33
104033,2026-08-17,قلوريز,منيرة القحطاني,المدينة,مدى,تم التسليم,2,88,0,20,108,14.09,93.91,20,16.38,1.08,56.45
104032,2026-08-17,قلوريز,سارة البقمي,جدة,Apple Pay,تم التسليم,1,49,7,20,62,8.09,53.91,11,19.0,1.24,22.67
104031,2026-08-17,قلوريز,عبير الشهري,مكة,مدى,تم التسليم,2,155,23,20,152,19.83,132.17,42,23.52,1.52,65.13
104030,2026-08-17,قلوريز,ريم القحطاني,الرياض,Apple Pay,تم التسليم,3,119,24,20,115,15.0,100.0,27,13.6,2.3,57.1
104029,2026-08-17,قلوريز,سارة الزهراني,الدمام,مدى,تم التسليم,2,90,0,20,110,14.35,95.65,21,19.0,1.1,54.55
104028,2026-08-17,قلوريز,تركي الجهني,الرياض,مدى,تم التسليم,1,59,0,20,79,10.3,68.7,14,16.0,0.79,37.91
104027,2026-08-17,قلوريز,دانة السبيعي,الرياض,تمارا,تم التسليم,1,35,4,20,51,6.65,44.35,8,13.6,3.31,19.43
104026,2026-08-17,قلوريز,عبير الرشيدي,جدة,Apple Pay,تم التسليم,4,206,31,0,175,22.83,152.17,47,14.82,3.5,86.85
104025,2026-08-17,قلوريز,سلطان الرشيدي,مكة,مدى,تم التسليم,3,210,0,0,210,27.39,182.61,55,21.0,2.1,104.51
104024,2026-08-17,قلوريز,عبدالله القحطاني,مكة,الدفع عند الاستلام,تم التسليم,1,35,0,20,55,7.17,47.83,8,21.0,12.0,6.83
104023,2026-08-17,قلوريز,جود القحطاني,الرياض,مدى,تم التسليم,1,120,0,20,140,18.26,121.74,34,13.6,1.4,72.74
104022,2026-08-17,قلوريز,جود الغامدي,المدينة,Apple Pay,تم التسليم,5,229,0,0,229,29.87,199.13,53,17.85,4.58,123.7
104021,2026-08-17,قلوريز,ماجد العنزي,المدينة,تمارا,تم التسليم,2,118,0,20,138,18.0,120.0,28,16.38,8.97,66.65
104020,2026-08-17,قلوريز,راكان المطيري,الرياض,فيزا,تم التسليم,1,120,0,20,140,18.26,121.74,34,16.0,3.5,68.24
104019,2026-08-17,قلوريز,خالد الرشيدي,الرياض,فيزا,تم التسليم,2,98,15,20,103,13.43,89.57,22,17.92,2.58,47.07
104018,2026-08-17,قلوريز,لمى العنزي,جدة,مدى,تم التسليم,2,118,0,20,138,18.0,120.0,28,19.0,1.38,71.62
104017,2026-08-17,قلوريز,خالد السبيعي,الرياض,Apple Pay,تم التسليم,3,210,0,0,210,27.39,182.61,55,16.0,4.2,107.41
104016,2026-08-17,قلوريز,فهد الغامدي,الدمام,مدى,تم التسليم,5,247,0,0,247,32.22,214.78,58,19.0,2.47,135.31
104015,2026-08-17,قلوريز,عبير الحربي,الرياض,تمارا,تم التسليم,2,94,0,20,114,14.87,99.13,22,17.92,7.41,51.8
104014,2026-08-17,قلوريز,عبير الزهراني,جدة,مدى,تم التسليم,1,35,0,20,55,7.17,47.83,8,19.0,0.55,20.28
104013,2026-08-17,سموذ,منيرة السبيعي,الرياض,مدى,تم التسليم,3,335,0,0,335,43.7,291.3,112,16.0,3.35,159.95
104012,2026-08-17,سموذ,ماجد العنزي,الخبر,مدى,تم التسليم,2,378,0,0,378,49.3,328.7,124,19.0,3.78,181.92
104011,2026-08-17,سموذ,ياسر الرشيدي,الرياض,مدى,تم التسليم,1,189,0,25,214,27.91,186.09,62,17.92,2.14,104.03
104010,2026-08-17,سموذ,جود المطيري,الخبر,مدى,ملغي,2,220,0,25,245,0,0,0,0,0,0
104009,2026-08-17,سموذ,لمى الغامدي,مكة,الدفع عند الاستلام,تم التسليم,1,145,0,25,170,22.17,147.83,48,23.52,12.0,64.31
104008,2026-08-17,سموذ,عبدالله الحربي,الرياض,الدفع عند الاستلام,تم التسليم,1,145,14,25,156,20.35,135.65,48,16.0,12.0,59.65
104007,2026-08-17,سموذ,لمى السبيعي,المدينة,فيزا,تم التسليم,1,145,22,25,148,19.3,128.7,48,21.0,3.7,56.0
104006,2026-08-17,سموذ,غادة العتيبي,الرياض,الدفع عند الاستلام,تم التسليم,3,360,0,0,360,46.96,313.04,123,13.6,12.0,164.44
104005,2026-08-17,سموذ,دانة المالكي,مكة,مدى,تم التسليم,2,284,0,0,284,37.04,246.96,92,21.0,2.84,131.12
104004,2026-08-17,سموذ,عبدالله المالكي,تبوك,مدى,ملغي,1,189,0,25,214,0,0,0,0,0,0
104003,2026-08-17,سموذ,ماجد العتيبي,الرياض,Apple Pay,تم التسليم,2,378,0,0,378,49.3,328.7,124,16.0,7.56,181.14
104002,2026-08-17,سموذ,فهد البقمي,الدمام,فيزا,تم التسليم,3,255,26,25,254,33.13,220.87,78,19.0,6.35,117.52
104001,2026-08-17,سموذ,رهف القحطاني,أبها,مدى,تم التسليم,1,189,0,25,214,27.91,186.09,62,26.88,2.14,95.07
104000,2026-08-17,سموذ,نورة الدوسري,الرياض,مدى,تم التسليم,1,75,8,25,92,12.0,80.0,22,16.0,0.92,41.08
103999,2026-08-17,سموذ,أمل العتيبي,الرياض,Apple Pay,ملغي,1,120,0,25,145,0,0,0,0,0,0
103998,2026-08-17,سموذ,أمل المالكي,الدمام,Apple Pay,تم التسليم,1,95,0,25,120,15.65,104.35,30,16.15,2.4,55.8
103997,2026-08-17,سموذ,هند القحطاني,الرياض,مدى,ملغي,3,270,0,0,270,0,0,0,0,0,0
103996,2026-08-16,قلوريز,جود الحربي,الخبر,تمارا,تم التسليم,3,360,0,0,360,46.96,313.04,102,19.0,23.4,168.64
103995,2026-08-16,قلوريز,بندر الجهني,الرياض,فيزا,تم التسليم,4,168,25,20,163,21.26,141.74,39,16.0,4.08,82.66
103994,2026-08-16,قلوريز,هند السالم,جدة,Apple Pay,تم التسليم,1,39,4,20,55,7.17,47.83,9,19.0,1.1,18.73
103993,2026-08-16,قلوريز,سلطان العتيبي,جدة,مدى,تم التسليم,1,59,0,20,79,10.3,68.7,14,19.0,0.79,34.91
103992,2026-08-16,قلوريز,رهف العنزي,جدة,فيزا,تم التسليم,2,78,0,20,98,12.78,85.22,18,19.0,2.45,45.77
103991,2026-08-16,قلوريز,محمد السالم,مكة,مدى,تم التسليم,3,105,0,20,125,16.3,108.7,24,21.0,1.25,62.45
103990,2026-08-16,قلوريز,شهد السالم,أبها,مدى,تم التسليم,3,169,0,0,169,22.04,146.96,40,26.88,1.69,78.39
103989,2026-08-16,قلوريز,راكان الزهراني,الرياض,فيزا,تم التسليم,6,320,0,0,320,41.74,278.26,74,16.0,8.0,180.26
103988,2026-08-16,قلوريز,محمد السالم,الرياض,فيزا,تم التسليم,1,35,0,20,55,7.17,47.83,8,16.0,1.38,22.45
103987,2026-08-16,قلوريز,فهد البقمي,القصيم,الدفع عند الاستلام,تم التسليم,3,295,0,0,295,38.48,256.52,81,20.4,12.0,143.12
103986,2026-08-16,قلوريز,جود الرشيدي,الرياض,Apple Pay,تم التسليم,1,59,0,20,79,10.3,68.7,14,16.0,1.58,37.12
103985,2026-08-16,قلوريز,ماجد العنزي,الدمام,مدى,تم التسليم,3,117,0,20,137,17.87,119.13,27,14.82,1.37,75.94
103984,2026-08-16,قلوريز,عبير البقمي,الرياض,تمارا,تم التسليم,2,70,0,20,90,11.74,78.26,16,17.92,5.85,38.49
103983,2026-08-16,قلوريز,لمى الرشيدي,الرياض,الدفع عند الاستلام,تم التسليم,6,278,0,0,278,36.26,241.74,65,17.92,12.0,146.82
103982,2026-08-16,قلوريز,سارة الحربي,مكة,مدى,تم التسليم,4,318,0,0,318,41.48,276.52,86,17.85,3.18,169.49
103981,2026-08-16,قلوريز,محمد الرشيدي,جدة,تمارا,تم التسليم,2,94,0,20,114,14.87,99.13,22,19.0,7.41,50.72
103980,2026-08-16,سموذ,بندر السبيعي,جدة,تمارا,تم التسليم,3,523,0,0,523,68.22,454.78,172,21.28,34.0,227.51
103979,2026-08-16,سموذ,بندر البقمي,المدينة,مدى,تم التسليم,3,369,0,0,369,48.13,320.87,118,21.0,3.69,178.18
103978,2026-08-16,سموذ,غادة البقمي,جدة,Apple Pay,تم التسليم,1,120,24,25,121,15.78,105.22,41,21.28,2.42,40.52
103977,2026-08-16,سموذ,هند الرشيدي,أبها,مدى,تم التسليم,1,145,0,25,170,22.17,147.83,48,24.0,1.7,74.13
103976,2026-08-16,سموذ,هند المالكي,القصيم,مدى,تم التسليم,1,120,0,25,145,18.91,126.09,41,24.0,1.45,59.64
103975,2026-08-16,سموذ,محمد الحربي,أبها,مدى,تم التسليم,2,170,26,25,169,22.04,146.96,52,24.0,1.69,69.27
103974,2026-08-16,سموذ,محمد الحربي,الرياض,مدى,تم التسليم,1,75,8,25,92,12.0,80.0,22,16.0,0.92,41.08
103973,2026-08-16,سموذ,غادة العنزي,الرياض,مدى,تم التسليم,3,360,0,0,360,46.96,313.04,119,13.6,3.6,176.84
103972,2026-08-16,سموذ,راكان القحطاني,المدينة,تمارا,تم التسليم,1,95,0,25,120,15.65,104.35,30,17.85,7.8,48.7
103971,2026-08-16,سموذ,منيرة العنزي,الرياض,Apple Pay,تم التسليم,2,180,0,25,205,26.74,178.26,56,16.0,4.1,102.16
103970,2026-08-16,سموذ,سلطان الشمري,الدمام,تمارا,تم التسليم,5,633,0,0,633,82.57,550.43,202,19.0,41.15,288.29
103969,2026-08-16,سموذ,رهف الغامدي,جدة,تمارا,تم التسليم,2,220,0,25,245,31.96,213.04,70,21.28,15.93,105.84
103968,2026-08-16,سموذ,دانة الغامدي,الخبر,تمارا,تم التسليم,4,474,47,0,427,55.7,371.3,152,16.15,27.76,175.4
103967,2026-08-16,سموذ,هند المالكي,الرياض,Apple Pay,تم التسليم,2,309,46,0,263,34.3,228.7,103,12.48,5.26,107.96
103966,2026-08-15,قلوريز,بندر المطيري,الرياض,Apple Pay,ملغي,3,105,0,20,125,0,0,0,0,0,0
103965,2026-08-15,قلوريز,ماجد العتيبي,الرياض,Apple Pay,تم التسليم,1,59,0,20,79,10.3,68.7,14,17.92,1.58,35.2
103964,2026-08-15,قلوريز,خالد القحطاني,المدينة,مدى,تم التسليم,1,55,0,20,75,9.78,65.22,13,23.52,0.75,27.95
103963,2026-08-15,قلوريز,منيرة السالم,تبوك,مدى,تم التسليم,2,159,24,20,155,20.22,134.78,43,20.4,1.55,69.83
103962,2026-08-15,قلوريز,أمل الزهراني,الرياض,Apple Pay,تم التسليم,1,39,0,20,59,7.7,51.3,9,16.0,1.18,25.12
103961,2026-08-15,قلوريز,عبدالله الجهني,المدينة,فيزا,تم التسليم,2,98,0,20,118,15.39,102.61,23,21.0,2.95,55.66
103960,2026-08-15,قلوريز,أمل الحربي,الرياض,مدى,تم التسليم,2,70,0,20,90,11.74,78.26,16,12.48,0.9,48.88
103959,2026-08-15,قلوريز,عبدالله السبيعي,الدمام,مدى,تم التسليم,2,94,0,20,114,14.87,99.13,22,19.0,1.14,56.99
103958,2026-08-15,قلوريز,لمى السالم,المدينة,مدى,تم التسليم,1,35,0,20,55,7.17,47.83,8,16.38,0.55,22.9
103957,2026-08-15,قلوريز,منيرة المطيري,أبها,الدفع عند الاستلام,تم التسليم,1,35,7,20,48,6.26,41.74,8,26.88,12.0,-5.14
103956,2026-08-15,قلوريز,سارة العتيبي,الرياض,مدى,تم التسليم,2,114,0,20,134,17.48,116.52,27,17.92,1.34,70.26
103955,2026-08-15,قلوريز,شهد العنزي,الخبر,مدى,تم التسليم,4,166,17,20,169,22.04,146.96,38,21.28,1.69,85.99
103954,2026-08-15,قلوريز,غادة الشمري,جدة,تمارا,تم التسليم,3,147,29,20,138,18.0,120.0,33,19.0,8.97,59.03
103953,2026-08-15,قلوريز,نورة السبيعي,الرياض,فيزا,ملغي,2,88,0,20,108,0,0,0,0,0,0
103952,2026-08-15,قلوريز,تركي الشمري,جدة,مدى,تم التسليم,4,172,0,0,172,22.43,149.57,40,16.15,1.72,91.7
103951,2026-08-15,قلوريز,رهف الحربي,الرياض,Apple Pay,تم التسليم,1,35,0,20,55,7.17,47.83,8,13.6,1.1,25.13
103950,2026-08-15,قلوريز,دانة الزهراني,جدة,مدى,تم التسليم,1,120,18,20,122,15.91,106.09,34,14.82,1.22,56.05
103949,2026-08-15,قلوريز,لمى الشمري,الرياض,تمارا,تم التسليم,3,137,27,20,130,16.96,113.04,32,17.92,8.45,54.67
103948,2026-08-15,قلوريز,أمل القحطاني,تبوك,فيزا,تم التسليم,2,88,0,20,108,14.09,93.91,20,20.4,2.7,50.81
103947,2026-08-15,سموذ,سارة البقمي,الرياض,تمارا,ملغي,1,85,0,25,110,0,0,0,0,0,0
103946,2026-08-15,سموذ,منيرة الجهني,الرياض,مدى,تم التسليم,1,189,0,25,214,27.91,186.09,62,12.48,2.14,109.47
103945,2026-08-15,سموذ,بندر السبيعي,جدة,فيزا,تم التسليم,1,95,0,25,120,15.65,104.35,30,19.0,3.0,52.35
103944,2026-08-15,سموذ,شهد الرشيدي,الرياض,فيزا,تم التسليم,2,290,0,0,290,37.83,252.17,96,12.48,7.25,136.44
103943,2026-08-15,سموذ,خالد العنزي,الرياض,الدفع عند الاستلام,تم التسليم,5,480,0,0,480,62.61,417.39,153,17.92,12.0,234.47
103942,2026-08-15,سموذ,عبدالله الشهري,الرياض,مدى,تم التسليم,3,385,0,0,385,50.22,334.78,126,16.0,3.85,188.93
103941,2026-08-15,سموذ,سلطان القحطاني,الرياض,Apple Pay,تم التسليم,2,284,0,0,284,37.04,246.96,92,16.0,5.68,133.28
103940,2026-08-15,سموذ,دانة الغامدي,الرياض,Apple Pay,تم التسليم,1,75,0,25,100,13.04,86.96,22,16.0,2.0,46.96
103939,2026-08-15,سموذ,عبير الشمري,جدة,مدى,تم التسليم,2,284,0,0,284,37.04,246.96,92,16.15,2.84,135.97
103938,2026-08-15,سموذ,سارة الجهني,الدمام,Apple Pay,تم التسليم,1,75,0,25,100,13.04,86.96,22,16.15,2.0,46.81
103937,2026-08-15,سموذ,دانة السالم,الرياض,مدى,تم التسليم,1,85,0,25,110,14.35,95.65,26,13.6,1.1,54.95
103936,2026-08-15,سموذ,جود القحطاني,المدينة,مدى,ملغي,1,120,0,25,145,0,0,0,0,0,0
103935,2026-08-15,سموذ,محمد الحربي,الرياض,Apple Pay,تم التسليم,1,189,0,25,214,27.91,186.09,62,12.48,4.28,107.33
103934,2026-08-15,سموذ,سلطان المالكي,الرياض,فيزا,تم التسليم,1,95,0,25,120,15.65,104.35,30,13.6,3.0,57.75
103933,2026-08-15,سموذ,ريم العتيبي,جدة,مدى,ملغي,4,505,50,0,455,0,0,0,0,0,0
103932,2026-08-15,سموذ,سلطان الجهني,جدة,فيزا,تم التسليم,4,459,0,0,459,59.87,399.13,147,19.0,11.48,221.66
103931,2026-08-14,قلوريز,خالد السالم,مكة,الدفع عند الاستلام,تم التسليم,3,147,0,20,167,21.78,145.22,33,21.0,12.0,79.22
103930,2026-08-14,قلوريز,سلطان القحطاني,مكة,Apple Pay,تم التسليم,3,157,0,0,157,20.48,136.52,36,23.52,3.14,73.86
103929,2026-08-14,قلوريز,أمل البقمي,الرياض,Apple Pay,تم التسليم,1,49,5,20,64,8.35,55.65,11,16.0,1.28,27.37
103928,2026-08-14,قلوريز,سلطان البقمي,الرياض,تمارا,تم التسليم,1,55,0,20,75,9.78,65.22,13,13.6,4.88,33.74
103927,2026-08-14,قلوريز,شهد البقمي,الرياض,الدفع عند الاستلام,تم التسليم,4,200,0,0,200,26.09,173.91,47,17.92,12.0,96.99
103926,2026-08-14,قلوريز,بندر السبيعي,المدينة,مدى,ملغي,1,49,0,20,69,0,0,0,0,0,0
103925,2026-08-14,قلوريز,شهد السبيعي,تبوك,Apple Pay,تم التسليم,1,120,18,20,122,15.91,106.09,34,24.0,2.44,45.65
103924,2026-08-14,قلوريز,هند الرشيدي,الرياض,Apple Pay,تم التسليم,1,55,0,20,75,9.78,65.22,13,16.0,1.5,34.72
103923,2026-08-14,قلوريز,هند السالم,جدة,Apple Pay,تم التسليم,3,125,0,20,145,18.91,126.09,29,16.15,2.9,78.04
103922,2026-08-14,قلوريز,راكان القحطاني,الرياض,مدى,تم التسليم,4,148,15,20,153,19.96,133.04,34,16.0,1.53,81.51
103921,2026-08-14,قلوريز,دانة البقمي,جدة,مدى,تم التسليم,1,55,0,20,75,9.78,65.22,13,19.0,0.75,32.47
103920,2026-08-14,قلوريز,شهد السالم,أبها,فيزا,تم التسليم,1,35,0,20,55,7.17,47.83,8,20.4,1.38,18.05
103919,2026-08-14,قلوريز,تركي العنزي,مكة,مدى,تم التسليم,1,59,9,20,70,9.13,60.87,14,21.0,0.7,25.17
103918,2026-08-14,قلوريز,عبدالله البقمي,مكة,مدى,ملغي,2,94,0,20,114,0,0,0,0,0,0
103917,2026-08-14,قلوريز,لمى المطيري,جدة,Apple Pay,تم التسليم,3,169,25,20,164,21.39,142.61,40,16.15,3.28,83.18
103916,2026-08-14,قلوريز,سلطان السبيعي,جدة,مدى,ملغي,1,120,0,20,140,0,0,0,0,0,0
103915,2026-08-14,قلوريز,عبير الشهري,الدمام,Apple Pay,تم التسليم,1,59,12,20,67,8.74,58.26,14,19.0,1.34,23.92
103914,2026-08-14,قلوريز,شهد الجهني,تبوك,الدفع عند الاستلام,تم التسليم,2,104,0,20,124,16.17,107.83,24,20.4,12.0,51.43
103913,2026-08-14,قلوريز,لمى الحربي,الدمام,الدفع عند الاستلام,تم التسليم,3,145,0,20,165,21.52,143.48,34,19.0,12.0,78.48
103912,2026-08-14,سموذ,سارة القحطاني,الخبر,الدفع عند الاستلام,تم التسليم,2,180,0,25,205,26.74,178.26,56,16.15,12.0,94.11
103911,2026-08-14,سموذ,لمى العتيبي,مكة,مدى,تم التسليم,4,652,65,0,587,76.57,510.43,212,23.52,5.87,269.04
103910,2026-08-14,سموذ,سارة الزهراني,الرياض,تمارا,تم التسليم,1,75,0,25,100,13.04,86.96,22,16.0,6.5,42.46
103909,2026-08-14,سموذ,رهف المطيري,القصيم,Apple Pay,تم التسليم,2,240,48,25,217,28.3,188.7,82,24.0,4.34,78.36
103908,2026-08-14,سموذ,رهف الشمري,جدة,فيزا,تم التسليم,1,145,0,25,170,22.17,147.83,48,19.0,4.25,76.58
103907,2026-08-14,سموذ,عبير الشمري,مكة,الدفع عند الاستلام,تم التسليم,1,120,12,25,133,17.35,115.65,41,23.52,12.0,39.13
103906,2026-08-14,سموذ,نايف الجهني,الرياض,فيزا,تم التسليم,1,189,0,25,214,27.91,186.09,62,16.0,5.35,102.74
103905,2026-08-14,سموذ,نورة المطيري,مكة,مدى,تم التسليم,3,285,0,0,285,37.17,247.83,90,17.85,2.85,137.13
103904,2026-08-14,سموذ,محمد المطيري,مكة,Apple Pay,تم التسليم,2,215,32,25,208,27.13,180.87,71,16.38,4.16,89.33
103903,2026-08-14,سموذ,سلطان العنزي,الدمام,تمارا,تم التسليم,4,618,0,0,618,80.61,537.39,202,16.15,40.17,279.07
103902,2026-08-14,سموذ,جود البقمي,مكة,مدى,تم التسليم,2,284,0,0,284,37.04,246.96,92,23.52,2.84,128.6
103901,2026-08-14,سموذ,هند الحربي,الرياض,Apple Pay,تم التسليم,2,150,0,25,175,22.83,152.17,44,17.92,3.5,86.75
103900,2026-08-14,سموذ,تركي العنزي,الدمام,Apple Pay,تم التسليم,1,189,0,25,214,27.91,186.09,62,14.82,4.28,104.99
103899,2026-08-14,سموذ,بندر السبيعي,القصيم,مدى,تم التسليم,4,480,0,0,480,62.61,417.39,156,20.4,4.8,236.19
103898,2026-08-14,سموذ,رهف العنزي,جدة,Apple Pay,تم التسليم,2,180,0,25,205,26.74,178.26,56,21.28,4.1,96.88
103897,2026-08-13,قلوريز,ياسر البقمي,الرياض,مدى,تم التسليم,2,169,25,20,164,21.39,142.61,45,16.0,1.64,79.97
103896,2026-08-13,قلوريز,بندر الزهراني,الرياض,فيزا,تم التسليم,4,287,57,0,230,30.0,200.0,73,13.6,5.75,107.65
103895,2026-08-13,قلوريز,تركي المطيري,تبوك,Apple Pay,تم التسليم,4,208,0,0,208,27.13,180.87,49,18.72,4.16,108.99
103894,2026-08-13,قلوريز,لمى الجهني,مكة,مدى,تم التسليم,1,55,6,20,69,9.0,60.0,13,21.0,0.69,25.31
103893,2026-08-13,قلوريز,عبير الجهني,الرياض,الدفع عند الاستلام,تم التسليم,1,59,0,20,79,10.3,68.7,14,16.0,12.0,26.7
103892,2026-08-13,قلوريز,نايف الشهري,الرياض,مدى,تم التسليم,1,120,0,20,140,18.26,121.74,34,16.0,1.4,70.34
103891,2026-08-13,قلوريز,هند السالم,مكة,Apple Pay,تم التسليم,2,98,0,20,118,15.39,102.61,22,21.0,2.36,57.25
103890,2026-08-13,قلوريز,نورة المطيري,المدينة,الدفع عند الاستلام,ملغي,1,59,6,20,73,0,0,0,0,0,0
103889,2026-08-13,قلوريز,عبدالله المالكي,الرياض,تمارا,تم التسليم,1,59,0,20,79,10.3,68.7,14,13.6,5.13,35.96
103888,2026-08-13,قلوريز,نايف المالكي,الدمام,مدى,تم التسليم,2,70,7,20,83,10.83,72.17,16,16.15,0.83,39.19
103887,2026-08-13,قلوريز,غادة المطيري,الدمام,مدى,تم التسليم,5,324,0,0,324,42.26,281.74,82,16.15,3.24,180.35
103886,2026-08-13,قلوريز,لمى البقمي,مكة,مدى,تم التسليم,1,120,0,20,140,18.26,121.74,34,17.85,1.4,68.49
103885,2026-08-13,قلوريز,أمل الجهني,تبوك,Apple Pay,تم التسليم,2,114,0,20,134,17.48,116.52,27,24.0,2.68,62.84
103884,2026-08-13,قلوريز,رهف الشمري,الرياض,مدى,تم التسليم,1,35,0,20,55,7.17,47.83,8,16.0,0.55,23.28
103883,2026-08-13,قلوريز,ماجد الشهري,الرياض,Apple Pay,تم التسليم,3,204,20,0,184,24.0,160.0,53,13.6,3.68,89.72
103882,2026-08-13,قلوريز,ريم الحربي,الدمام,Apple Pay,تم التسليم,3,208,0,0,208,27.13,180.87,54,14.82,4.16,107.89
103881,2026-08-13,قلوريز,ياسر الحربي,مكة,مدى,تم التسليم,1,120,12,20,128,16.7,111.3,34,16.38,1.28,59.64
103880,2026-08-13,قلوريز,ماجد الشمري,الرياض,تمارا,تم التسليم,4,192,0,0,192,25.04,166.96,45,16.0,12.48,93.48
103879,2026-08-13,قلوريز,فهد العنزي,جدة,Apple Pay,تم التسليم,1,59,0,20,79,10.3,68.7,14,16.15,1.58,36.97
103878,2026-08-13,قلوريز,شهد الغامدي,الرياض,Apple Pay,تم التسليم,1,120,0,20,140,18.26,121.74,34,13.6,2.8,71.34
103877,2026-08-13,قلوريز,لمى السبيعي,الرياض,الدفع عند الاستلام,ملغي,2,104,0,20,124,0,0,0,0,0,0
103876,2026-08-13,قلوريز,نورة البقمي,مكة,Apple Pay,تم التسليم,1,49,0,20,69,9.0,60.0,11,21.0,1.38,26.62
103875,2026-08-13,قلوريز,رهف الجهني,المدينة,فيزا,تم التسليم,5,219,33,0,186,24.26,161.74,51,17.85,4.65,88.24
103874,2026-08-13,قلوريز,خالد الشهري,جدة,تمارا,تم التسليم,4,224,0,0,224,29.22,194.78,53,19.0,14.56,108.22
103873,2026-08-13,قلوريز,تركي القحطاني,الرياض,مدى,ملغي,1,35,0,20,55,0,0,0,0,0,0
103872,2026-08-13,سموذ,سارة الدوسري,الرياض,مدى,تم التسليم,1,145,0,25,170,22.17,147.83,48,13.6,1.7,84.53
103871,2026-08-13,سموذ,تركي العتيبي,أبها,تمارا,تم التسليم,1,189,0,25,214,27.91,186.09,62,18.72,13.91,91.46
103870,2026-08-13,سموذ,عبير الدوسري,المدينة,مدى,تم التسليم,1,145,0,25,170,22.17,147.83,48,17.85,1.7,80.28
103869,2026-08-13,سموذ,عبدالله الرشيدي,أبها,فيزا,تم التسليم,2,170,0,25,195,25.43,169.57,52,20.4,4.88,92.29
103868,2026-08-13,سموذ,بندر السالم,القصيم,مدى,تم التسليم,4,687,0,0,687,89.61,597.39,227,24.0,6.87,339.52
103867,2026-08-13,سموذ,لمى القحطاني,الرياض,مدى,تم التسليم,1,189,0,25,214,27.91,186.09,62,17.92,2.14,104.03
103866,2026-08-13,سموذ,هند الحربي,الرياض,فيزا,تم التسليم,2,378,38,0,340,44.35,295.65,124,16.0,8.5,147.15
103865,2026-08-13,سموذ,رهف الشمري,تبوك,مدى,تم التسليم,1,145,0,25,170,22.17,147.83,48,18.72,1.7,79.41
103864,2026-08-13,سموذ,عبير المطيري,مكة,فيزا,تم التسليم,1,85,0,25,110,14.35,95.65,26,21.0,2.75,45.9
103863,2026-08-13,سموذ,نايف السبيعي,الدمام,مدى,تم التسليم,2,240,0,25,265,34.57,230.43,82,14.82,2.65,130.96
103862,2026-08-13,سموذ,سارة الجهني,الرياض,Apple Pay,تم التسليم,4,524,0,0,524,68.35,455.65,174,13.6,10.48,257.57
103861,2026-08-13,سموذ,عبير القحطاني,الرياض,تمارا,ملغي,4,568,0,0,568,0,0,0,0,0,0
103860,2026-08-13,سموذ,غادة العتيبي,الرياض,مدى,تم التسليم,1,95,0,25,120,15.65,104.35,30,17.92,1.2,55.23
103859,2026-08-13,سموذ,راكان السبيعي,جدة,مدى,تم التسليم,1,95,0,25,120,15.65,104.35,30,19.0,1.2,54.15
103858,2026-08-13,سموذ,عبدالله السبيعي,القصيم,مدى,تم التسليم,1,189,0,25,214,27.91,186.09,62,26.88,2.14,95.07
103857,2026-08-13,سموذ,جود الحربي,الرياض,تمارا,تم التسليم,3,379,0,0,379,49.43,329.57,122,17.92,24.64,165.01
103856,2026-08-12,قلوريز,دانة البقمي,القصيم,تمارا,تم التسليم,3,105,0,20,125,16.3,108.7,24,20.4,8.12,56.17
103855,2026-08-12,قلوريز,عبدالله السبيعي,الخبر,مدى,تم التسليم,3,360,0,0,360,46.96,313.04,102,14.82,3.6,192.62
103854,2026-08-12,قلوريز,دانة المطيري,جدة,مدى,تم التسليم,3,360,0,0,360,46.96,313.04,102,19.0,3.6,188.44
103853,2026-08-12,قلوريز,سلطان المالكي,الرياض,مدى,تم التسليم,3,210,0,0,210,27.39,182.61,55,17.92,2.1,107.59
103852,2026-08-12,قلوريز,سلطان الغامدي,الرياض,مدى,تم التسليم,2,70,0,20,90,11.74,78.26,16,13.6,0.9,47.76
103851,2026-08-12,قلوريز,راكان الرشيدي,جدة,فيزا,تم التسليم,1,55,8,20,67,8.74,58.26,13,19.0,1.68,24.59
103850,2026-08-12,قلوريز,نايف الشهري,الرياض,مدى,تم التسليم,2,169,0,0,169,22.04,146.96,45,13.6,1.69,86.67
103849,2026-08-12,قلوريز,ريم الحربي,القصيم,مدى,تم التسليم,3,147,0,20,167,21.78,145.22,33,26.88,1.67,83.67
103848,2026-08-12,قلوريز,منيرة الزهراني,الرياض,مدى,تم التسليم,1,120,0,20,140,18.26,121.74,34,13.6,1.4,72.74
103847,2026-08-12,قلوريز,غادة الشمري,جدة,مدى,تم التسليم,1,120,0,20,140,18.26,121.74,34,19.0,1.4,67.34
103846,2026-08-12,قلوريز,راكان الشهري,مكة,الدفع عند الاستلام,تم التسليم,1,49,0,20,69,9.0,60.0,11,17.85,12.0,19.15
103845,2026-08-12,قلوريز,منيرة الجهني,جدة,تمارا,تم التسليم,1,55,0,20,75,9.78,65.22,13,21.28,4.88,26.06
103844,2026-08-12,قلوريز,ياسر الزهراني,الدمام,فيزا,ملغي,4,324,49,0,275,0,0,0,0,0,0
103843,2026-08-12,قلوريز,رهف الرشيدي,جدة,Apple Pay,تم التسليم,3,159,0,0,159,20.74,138.26,37,19.0,3.18,79.08
103842,2026-08-12,قلوريز,بندر السبيعي,جدة,Apple Pay,تم التسليم,2,78,0,20,98,12.78,85.22,18,19.0,1.96,46.26
103841,2026-08-12,قلوريز,نورة الجهني,المدينة,تمارا,تم التسليم,5,288,0,0,288,37.57,250.43,72,16.38,18.72,143.33
103840,2026-08-12,قلوريز,عبير الجهني,الرياض,تمارا,تم التسليم,1,59,0,20,79,10.3,68.7,14,16.0,5.13,33.56
103839,2026-08-12,قلوريز,لمى الرشيدي,جدة,فيزا,تم التسليم,3,289,0,0,289,37.7,251.3,79,14.82,7.23,150.26
103838,2026-08-12,قلوريز,نايف المطيري,جدة,تمارا,تم التسليم,3,147,0,20,167,21.78,145.22,33,21.28,10.86,80.08
103837,2026-08-12,قلوريز,بندر الغامدي,الرياض,مدى,تم التسليم,4,224,0,0,224,29.22,194.78,53,13.6,2.24,125.94
103836,2026-08-12,قلوريز,محمد الدوسري,الرياض,Apple Pay,تم التسليم,2,108,0,20,128,16.7,111.3,25,13.6,2.56,70.14
103835,2026-08-12,سموذ,ريم الدوسري,الرياض,مدى,تم التسليم,6,858,0,0,858,111.91,746.09,280,13.6,8.58,443.91
103834,2026-08-12,سموذ,عبير السالم,مكة,فيزا,تم التسليم,4,668,0,0,668,87.13,580.87,220,23.52,16.7,320.65
103833,2026-08-12,سموذ,سلطان السبيعي,الرياض,الدفع عند الاستلام,تم التسليم,4,390,78,0,312,40.7,271.3,122,12.48,12.0,124.82
103832,2026-08-12,سموذ,أمل المالكي,الدمام,مدى,تم التسليم,1,85,0,25,110,14.35,95.65,26,14.82,1.1,53.73
103831,2026-08-12,سموذ,ماجد الحربي,جدة,تمارا,تم التسليم,3,404,0,0,404,52.7,351.3,133,16.15,26.26,175.89
103830,2026-08-12,سموذ,منيرة السالم,تبوك,مدى,تم التسليم,2,190,0,25,215,28.04,186.96,60,20.4,2.15,104.41
103829,2026-08-12,سموذ,جود الجهني,الرياض,مدى,تم التسليم,2,309,0,0,309,40.3,268.7,103,13.6,3.09,149.01
103828,2026-08-12,سموذ,رهف الشمري,أبها,Apple Pay,تم التسليم,4,555,0,0,555,72.39,482.61,185,20.4,11.1,266.11
103827,2026-08-12,سموذ,خالد السبيعي,تبوك,مدى,تم التسليم,1,145,0,25,170,22.17,147.83,48,24.0,1.7,74.13
103826,2026-08-12,سموذ,خالد البقمي,أبها,مدى,تم التسليم,1,145,0,25,170,22.17,147.83,48,20.4,1.7,77.73
103825,2026-08-12,سموذ,منيرة الشهري,الرياض,مدى,تم التسليم,2,265,26,25,264,34.43,229.57,89,13.6,2.64,124.33
103824,2026-08-12,سموذ,لمى الرشيدي,الدمام,تمارا,تم التسليم,1,95,10,25,110,14.35,95.65,30,16.15,7.15,42.35
103823,2026-08-12,سموذ,ماجد القحطاني,الرياض,مدى,تم التسليم,2,195,39,25,181,23.61,157.39,63,12.48,1.81,80.1
103822,2026-08-12,سموذ,ريم السبيعي,الرياض,فيزا,تم التسليم,1,120,0,25,145,18.91,126.09,41,16.0,3.62,65.46
103821,2026-08-12,سموذ,منيرة الرشيدي,جدة,فيزا,تم التسليم,3,375,38,0,337,43.96,293.04,122,14.82,8.43,147.8
103820,2026-08-12,سموذ,ياسر السبيعي,تبوك,الدفع عند الاستلام,تم التسليم,3,285,28,0,257,33.52,223.48,90,24.0,12.0,97.48
103819,2026-08-11,قلوريز,نايف العتيبي,جدة,الدفع عند الاستلام,تم التسليم,1,55,0,20,75,9.78,65.22,13,19.0,12.0,21.22
103818,2026-08-11,قلوريز,تركي الشهري,المدينة,Apple Pay,تم التسليم,2,70,0,20,90,11.74,78.26,16,21.0,1.8,39.46
103817,2026-08-11,قلوريز,ياسر البقمي,الخبر,مدى,تم التسليم,3,214,0,0,214,27.91,186.09,56,21.28,2.14,106.67
103816,2026-08-11,قلوريز,ماجد المطيري,الرياض,تمارا,تم التسليم,2,155,23,20,152,19.83,132.17,42,12.48,9.88,67.81
103815,2026-08-11,قلوريز,سلطان الدوسري,جدة,مدى,تم التسليم,3,159,0,0,159,20.74,138.26,37,19.0,1.59,80.67
103814,2026-08-11,قلوريز,فهد الرشيدي,الرياض,مدى,تم التسليم,6,529,0,0,529,69.0,460.0,142,16.0,5.29,296.71
103813,2026-08-11,قلوريز,راكان المطيري,جدة,الدفع عند الاستلام,تم التسليم,3,153,0,0,153,19.96,133.04,35,14.82,12.0,71.22
103812,2026-08-11,قلوريز,تركي العنزي,الخبر,Apple Pay,تم التسليم,1,39,0,20,59,7.7,51.3,9,19.0,1.18,22.12
103811,2026-08-11,قلوريز,غادة المطيري,مكة,مدى,تم التسليم,3,228,0,0,228,29.74,198.26,59,21.0,2.28,115.98
103810,2026-08-11,قلوريز,فهد الزهراني,تبوك,مدى,تم التسليم,1,39,0,20,59,7.7,51.3,9,26.88,0.59,14.83
103809,2026-08-11,قلوريز,فهد الزهراني,القصيم,Apple Pay,تم التسليم,2,88,13,20,95,12.39,82.61,20,26.88,1.9,33.83
103808,2026-08-11,قلوريز,خالد المطيري,الرياض,تمارا,تم التسليم,2,104,0,20,124,16.17,107.83,24,16.0,8.06,59.77
103807,2026-08-11,قلوريز,تركي الدوسري,الدمام,فيزا,تم التسليم,1,49,0,20,69,9.0,60.0,11,16.15,1.73,31.12
103806,2026-08-11,قلوريز,لمى الرشيدي,أبها,مدى,تم التسليم,2,175,0,0,175,22.83,152.17,47,18.72,1.75,84.7
103805,2026-08-11,قلوريز,رهف المطيري,جدة,تمارا,تم التسليم,1,39,0,20,59,7.7,51.3,9,14.82,3.83,23.65
103804,2026-08-11,قلوريز,منيرة الشمري,الخبر,Apple Pay,تم التسليم,2,98,0,20,118,15.39,102.61,22,19.0,2.36,59.25
103803,2026-08-11,قلوريز,هند الشمري,مكة,الدفع عند الاستلام,ملغي,2,155,0,0,155,0,0,0,0,0,0
103802,2026-08-11,قلوريز,ماجد الغامدي,الرياض,مدى,تم التسليم,4,178,0,0,178,23.22,154.78,41,16.0,1.78,96.0
103801,2026-08-11,قلوريز,غادة السبيعي,الرياض,مدى,تم التسليم,3,163,0,0,163,21.26,141.74,38,12.48,1.63,89.63
103800,2026-08-11,قلوريز,أمل السالم,الرياض,الدفع عند الاستلام,ملغي,4,273,0,0,273,0,0,0,0,0,0
103799,2026-08-11,قلوريز,أمل القحطاني,الخبر,مدى,تم التسليم,1,120,0,20,140,18.26,121.74,34,19.0,1.4,67.34
103798,2026-08-11,سموذ,تركي المالكي,المدينة,Apple Pay,تم التسليم,2,180,0,25,205,26.74,178.26,56,21.0,4.1,97.16
103797,2026-08-11,سموذ,نورة الدوسري,الرياض,فيزا,تم التسليم,4,410,0,0,410,53.48,356.52,134,16.0,10.25,196.27
103796,2026-08-11,سموذ,منيرة الجهني,الدمام,Apple Pay,تم التسليم,1,75,15,25,85,11.09,73.91,22,16.15,1.7,34.06
103795,2026-08-11,سموذ,نايف الحربي,جدة,تمارا,تم التسليم,7,630,126,0,504,65.74,438.26,197,16.15,32.76,192.35
103794,2026-08-11,سموذ,محمد الدوسري,الدمام,مدى,تم التسليم,2,170,26,25,169,22.04,146.96,52,16.15,1.69,77.12
103793,2026-08-11,سموذ,أمل البقمي,مكة,مدى,تم التسليم,2,150,0,25,175,22.83,152.17,44,17.85,1.75,88.57
103792,2026-08-11,سموذ,سلطان الغامدي,المدينة,الدفع عند الاستلام,تم التسليم,1,145,0,25,170,22.17,147.83,48,17.85,12.0,69.98
103791,2026-08-11,سموذ,محمد السبيعي,الرياض,مدى,تم التسليم,2,205,0,25,230,30.0,200.0,67,16.0,2.3,114.7
103790,2026-08-11,سموذ,ياسر البقمي,أبها,Apple Pay,تم التسليم,1,75,0,25,100,13.04,86.96,22,24.0,2.0,38.96
103789,2026-08-11,سموذ,دانة الغامدي,جدة,تمارا,ملغي,1,75,0,25,100,0,0,0,0,0,0
103788,2026-08-11,سموذ,جود المطيري,مكة,تمارا,تم التسليم,3,305,46,0,259,33.78,225.22,96,16.38,16.84,96.0
103787,2026-08-11,سموذ,هند السبيعي,الخبر,مدى,تم التسليم,1,95,0,25,120,15.65,104.35,30,21.28,1.2,51.87
103786,2026-08-10,قلوريز,نورة السالم,جدة,مدى,تم التسليم,4,188,0,0,188,24.52,163.48,44,19.0,1.88,98.6
103785,2026-08-10,قلوريز,سلطان الزهراني,الرياض,مدى,تم التسليم,1,35,0,20,55,7.17,47.83,8,16.0,0.55,23.28
103784,2026-08-10,قلوريز,خالد الشمري,جدة,مدى,تم التسليم,1,35,0,20,55,7.17,47.83,8,21.28,0.55,18.0
103783,2026-08-10,قلوريز,بندر القحطاني,الخبر,الدفع عند الاستلام,تم التسليم,3,190,0,0,190,24.78,165.22,50,19.0,12.0,84.22
103782,2026-08-10,قلوريز,سلطان الدوسري,جدة,مدى,تم التسليم,1,55,0,20,75,9.78,65.22,13,16.15,0.75,35.32
103781,2026-08-10,قلوريز,رهف الجهني,المدينة,Apple Pay,تم التسليم,2,78,0,20,98,12.78,85.22,18,17.85,1.96,47.41
103780,2026-08-10,قلوريز,رهف الرشيدي,جدة,مدى,تم التسليم,2,70,0,20,90,11.74,78.26,16,19.0,0.9,42.36
103779,2026-08-10,قلوريز,ماجد الحربي,مكة,مدى,تم التسليم,4,172,0,0,172,22.43,149.57,40,23.52,1.72,84.33
103778,2026-08-10,قلوريز,عبدالله الدوسري,جدة,الدفع عند الاستلام,ملغي,1,59,0,20,79,0,0,0,0,0,0
103777,2026-08-10,قلوريز,لمى المطيري,الرياض,فيزا,تم التسليم,1,35,7,20,48,6.26,41.74,8,16.0,1.2,16.54
103776,2026-08-10,قلوريز,راكان المالكي,الدمام,الدفع عند الاستلام,تم التسليم,5,326,0,0,326,42.52,283.48,81,19.0,12.0,171.48
103775,2026-08-10,قلوريز,دانة الغامدي,مكة,فيزا,تم التسليم,2,88,0,20,108,14.09,93.91,20,23.52,2.7,47.69
103774,2026-08-10,قلوريز,شهد الشمري,مكة,مدى,تم التسليم,2,70,0,20,90,11.74,78.26,16,16.38,0.9,44.98
103773,2026-08-10,قلوريز,ماجد المطيري,جدة,Apple Pay,ملغي,2,84,0,20,104,0,0,0,0,0,0
103772,2026-08-10,قلوريز,خالد الغامدي,الرياض,مدى,تم التسليم,1,49,0,20,69,9.0,60.0,11,16.0,0.69,32.31
103771,2026-08-10,قلوريز,محمد العتيبي,الرياض,مدى,تم التسليم,1,55,0,20,75,9.78,65.22,13,16.0,0.75,35.47
103770,2026-08-10,قلوريز,نورة الشمري,المدينة,الدفع عند الاستلام,تم التسليم,1,35,0,20,55,7.17,47.83,8,21.0,12.0,6.83
103769,2026-08-10,قلوريز,ماجد العنزي,جدة,مدى,تم التسليم,1,55,0,20,75,9.78,65.22,13,21.28,0.75,30.19
103768,2026-08-10,قلوريز,شهد العنزي,الرياض,مدى,تم التسليم,2,110,0,20,130,16.96,113.04,26,16.0,1.3,69.74
103767,2026-08-10,قلوريز,سلطان الرشيدي,الرياض,تمارا,تم التسليم,1,120,0,20,140,18.26,121.74,34,17.92,9.1,60.72
103766,2026-08-10,قلوريز,رهف البقمي,الرياض,Apple Pay,تم التسليم,2,110,0,20,130,16.96,113.04,26,16.0,2.6,68.44
103765,2026-08-10,قلوريز,سارة الغامدي,الرياض,Apple Pay,تم التسليم,1,49,0,20,69,9.0,60.0,11,17.92,1.38,29.7
103764,2026-08-10,قلوريز,بندر القحطاني,القصيم,مدى,تم التسليم,4,419,63,0,356,46.43,309.57,116,24.0,3.56,166.01
103763,2026-08-10,سموذ,بندر الدوسري,الرياض,مدى,تم التسليم,4,460,0,0,460,60.0,400.0,152,13.6,4.6,229.8
103762,2026-08-10,سموذ,شهد العتيبي,الرياض,مدى,تم التسليم,2,265,0,0,265,34.57,230.43,89,12.48,2.65,126.3
103761,2026-08-10,سموذ,هند المطيري,جدة,مدى,تم التسليم,3,429,0,0,429,55.96,373.04,140,14.82,4.29,213.93
103760,2026-08-10,سموذ,عبير الرشيدي,الخبر,مدى,تم التسليم,1,75,0,25,100,13.04,86.96,22,14.82,1.0,49.14
103759,2026-08-10,سموذ,دانة العنزي,الرياض,Apple Pay,تم التسليم,1,85,13,25,97,12.65,84.35,26,13.6,1.94,42.81
103758,2026-08-10,سموذ,ريم المطيري,جدة,Apple Pay,تم التسليم,3,245,0,25,270,35.22,234.78,74,19.0,5.4,136.38
103757,2026-08-10,سموذ,لمى الرشيدي,الرياض,فيزا,تم التسليم,1,145,0,25,170,22.17,147.83,48,16.0,4.25,79.58
103756,2026-08-10,سموذ,سارة الحربي,الرياض,مدى,تم التسليم,1,189,0,25,214,27.91,186.09,62,17.92,2.14,104.03
103755,2026-08-10,سموذ,محمد المالكي,المدينة,فيزا,تم التسليم,1,75,0,25,100,13.04,86.96,22,21.0,2.5,41.46
103754,2026-08-10,سموذ,نورة الشمري,جدة,الدفع عند الاستلام,ملغي,1,120,12,25,133,0,0,0,0,0,0
103753,2026-08-10,سموذ,ريم الحربي,الرياض,مدى,تم التسليم,1,189,0,25,214,27.91,186.09,62,17.92,2.14,104.03
103752,2026-08-10,سموذ,ياسر الشمري,الرياض,Apple Pay,تم التسليم,1,120,0,25,145,18.91,126.09,41,17.92,2.9,64.27
103751,2026-08-10,سموذ,شهد العنزي,الخبر,مدى,تم التسليم,2,170,0,25,195,25.43,169.57,52,16.15,1.95,99.47
103750,2026-08-10,سموذ,جود الشهري,أبها,Apple Pay,ملغي,1,75,11,25,89,0,0,0,0,0,0
103749,2026-08-10,سموذ,ريم العتيبي,جدة,فيزا,تم التسليم,3,454,0,0,454,59.22,394.78,151,21.28,11.35,211.15
103748,2026-08-10,سموذ,راكان السبيعي,الرياض,الدفع عند الاستلام,تم التسليم,1,189,28,25,186,24.26,161.74,62,16.0,12.0,71.74
103747,2026-08-10,سموذ,غادة الرشيدي,جدة,مدى,تم التسليم,1,85,0,25,110,14.35,95.65,26,16.15,1.1,52.4
103746,2026-08-09,قلوريز,محمد العنزي,الرياض,فيزا,تم التسليم,2,114,0,20,134,17.48,116.52,27,16.0,3.35,70.17
103745,2026-08-09,قلوريز,غادة الشمري,الرياض,الدفع عند الاستلام,تم التسليم,3,137,27,20,130,16.96,113.04,32,16.0,12.0,53.04
103744,2026-08-09,قلوريز,عبدالله السالم,الرياض,مدى,تم التسليم,1,59,0,20,79,10.3,68.7,14,16.0,0.79,37.91
103743,2026-08-09,قلوريز,شهد العتيبي,الرياض,Apple Pay,تم التسليم,4,184,0,0,184,24.0,160.0,43,16.0,3.68,97.32
103742,2026-08-09,قلوريز,خالد الشمري,الرياض,فيزا,تم التسليم,1,59,0,20,79,10.3,68.7,14,12.48,1.98,40.24
103741,2026-08-09,قلوريز,هند الرشيدي,الرياض,مدى,تم التسليم,1,49,0,20,69,9.0,60.0,11,12.48,0.69,35.83
103740,2026-08-09,قلوريز,غادة المالكي,جدة,تمارا,تم التسليم,1,120,18,20,122,15.91,106.09,34,19.0,7.93,45.16
103739,2026-08-09,قلوريز,هند الحربي,مكة,فيزا,تم التسليم,2,94,0,20,114,14.87,99.13,22,21.0,2.85,53.28
103738,2026-08-09,قلوريز,جود الغامدي,الرياض,فيزا,تم التسليم,4,279,0,0,279,36.39,242.61,71,17.92,6.98,146.71
103737,2026-08-09,قلوريز,أمل العتيبي,جدة,تمارا,تم التسليم,4,233,0,0,233,30.39,202.61,60,19.0,15.15,108.46
103736,2026-08-09,قلوريز,رهف الزهراني,القصيم,مدى,تم التسليم,2,90,0,20,110,14.35,95.65,21,24.0,1.1,49.55
103735,2026-08-09,قلوريز,سلطان الشمري,الرياض,مدى,تم التسليم,3,177,0,0,177,23.09,153.91,42,16.0,1.77,94.14
103734,2026-08-09,قلوريز,لمى المالكي,مكة,فيزا,تم التسليم,4,188,0,0,188,24.52,163.48,44,16.38,4.7,98.4
103733,2026-08-09,قلوريز,غادة الشمري,الرياض,مدى,تم التسليم,1,59,12,20,67,8.74,58.26,14,16.0,0.67,27.59
103732,2026-08-09,قلوريز,ريم الحربي,الرياض,مدى,تم التسليم,2,240,36,0,204,26.61,177.39,68,13.6,2.04,93.75
103731,2026-08-09,قلوريز,غادة الجهني,الرياض,مدى,تم التسليم,2,78,0,20,98,12.78,85.22,18,12.48,0.98,53.76
103730,2026-08-09,قلوريز,محمد الغامدي,جدة,فيزا,تم التسليم,2,104,0,20,124,16.17,107.83,24,14.82,3.1,65.91
103729,2026-08-09,قلوريز,دانة الزهراني,تبوك,مدى,تم التسليم,1,59,0,20,79,10.3,68.7,14,24.0,0.79,29.91
103728,2026-08-09,قلوريز,عبدالله المطيري,القصيم,Apple Pay,تم التسليم,1,39,6,20,53,6.91,46.09,9,20.4,1.06,15.63
103727,2026-08-09,قلوريز,فهد الدوسري,القصيم,تمارا,تم التسليم,2,84,0,20,104,13.57,90.43,19,20.4,6.76,44.27
103726,2026-08-09,قلوريز,ماجد السبيعي,مكة,Apple Pay,تم التسليم,2,78,0,20,98,12.78,85.22,18,21.0,1.96,44.26
103725,2026-08-09,قلوريز,راكان العتيبي,مكة,تمارا,تم التسليم,3,149,0,20,169,22.04,146.96,35,16.38,10.99,84.59
103724,2026-08-09,سموذ,تركي المالكي,الرياض,الدفع عند الاستلام,تم التسليم,3,429,0,0,429,55.96,373.04,140,13.6,12.0,207.44
103723,2026-08-09,سموذ,فهد الشمري,الرياض,تمارا,تم التسليم,2,378,0,0,378,49.3,328.7,124,16.0,24.57,164.13
103722,2026-08-09,سموذ,خالد الزهراني,جدة,Apple Pay,تم التسليم,4,564,0,0,564,73.57,490.43,184,19.0,11.28,276.15
103721,2026-08-09,سموذ,محمد السالم,جدة,الدفع عند الاستلام,ملغي,5,545,54,0,491,0,0,0,0,0,0
103720,2026-08-09,سموذ,ياسر الشمري,الرياض,مدى,تم التسليم,1,145,0,25,170,22.17,147.83,48,16.0,1.7,82.13
103719,2026-08-09,سموذ,نايف العنزي,تبوك,تمارا,تم التسليم,2,170,0,25,195,25.43,169.57,52,18.72,12.68,86.17
103718,2026-08-09,سموذ,ماجد العنزي,الخبر,تمارا,تم التسليم,1,189,38,25,176,22.96,153.04,62,21.28,11.44,58.32
103717,2026-08-09,سموذ,جود الجهني,مكة,تمارا,تم التسليم,1,85,0,25,110,14.35,95.65,26,16.38,7.15,46.12
103716,2026-08-09,سموذ,تركي الجهني,الرياض,مدى,تم التسليم,2,284,0,0,284,37.04,246.96,92,17.92,2.84,134.2
103715,2026-08-09,سموذ,نايف القحطاني,مكة,مدى,تم التسليم,4,405,0,0,405,52.83,352.17,131,21.0,4.05,196.12
103714,2026-08-09,سموذ,عبير الشهري,الرياض,مدى,تم التسليم,1,95,0,25,120,15.65,104.35,30,16.0,1.2,57.15
103713,2026-08-09,سموذ,ياسر الجهني,تبوك,فيزا,تم التسليم,1,145,0,25,170,22.17,147.83,48,24.0,4.25,71.58
103712,2026-08-09,سموذ,محمد الحربي,الرياض,تمارا,ملغي,1,85,8,25,102,0,0,0,0,0,0
103711,2026-08-09,سموذ,بندر العنزي,مكة,مدى,ملغي,1,85,17,25,93,0,0,0,0,0,0
103710,2026-08-09,سموذ,غادة الجهني,الرياض,Apple Pay,تم التسليم,2,150,0,25,175,22.83,152.17,44,13.6,3.5,91.07
103709,2026-08-09,سموذ,خالد الشهري,الرياض,مدى,تم التسليم,1,145,0,25,170,22.17,147.83,48,16.0,1.7,82.13
103708,2026-08-09,سموذ,عبير المالكي,الدمام,Apple Pay,تم التسليم,1,145,0,25,170,22.17,147.83,48,21.28,3.4,75.15
103707,2026-08-08,قلوريز,نورة الشهري,الرياض,فيزا,تم التسليم,2,94,0,20,114,14.87,99.13,22,16.0,2.85,58.28
103706,2026-08-08,قلوريز,خالد العنزي,الرياض,مدى,تم التسليم,3,119,0,20,139,18.13,120.87,27,16.0,1.39,76.48
103705,2026-08-08,قلوريز,سلطان الرشيدي,الدمام,مدى,تم التسليم,3,218,0,0,218,28.43,189.57,56,16.15,2.18,115.24
103704,2026-08-08,قلوريز,رهف الدوسري,مكة,Apple Pay,تم التسليم,1,55,11,20,64,8.35,55.65,13,17.85,1.28,23.52
103703,2026-08-08,قلوريز,لمى البقمي,جدة,تمارا,تم التسليم,5,287,0,0,287,37.43,249.57,68,16.15,18.66,146.76
103702,2026-08-08,قلوريز,ياسر الجهني,مكة,تمارا,ملغي,2,78,0,20,98,0,0,0,0,0,0
103701,2026-08-08,قلوريز,جود الرشيدي,المدينة,مدى,تم التسليم,6,310,0,0,310,40.43,269.57,73,21.0,3.1,172.47
103700,2026-08-08,قلوريز,أمل الجهني,جدة,الدفع عند الاستلام,تم التسليم,1,35,5,20,50,6.52,43.48,8,19.0,12.0,4.48
103699,2026-08-08,قلوريز,نورة العنزي,المدينة,مدى,تم التسليم,2,94,19,20,95,12.39,82.61,22,17.85,0.95,41.81
103698,2026-08-08,قلوريز,تركي الرشيدي,الرياض,Apple Pay,تم التسليم,1,120,24,20,116,15.13,100.87,34,17.92,2.32,46.63
103697,2026-08-08,قلوريز,عبدالله الرشيدي,الخبر,مدى,ملغي,1,49,0,20,69,0,0,0,0,0,0
103696,2026-08-08,قلوريز,فهد المطيري,جدة,مدى,تم التسليم,1,49,7,20,62,8.09,53.91,11,19.0,0.62,23.29
103695,2026-08-08,قلوريز,ريم المالكي,مكة,مدى,تم التسليم,2,98,0,20,118,15.39,102.61,23,23.52,1.18,54.91
103694,2026-08-08,قلوريز,جود العتيبي,الرياض,Apple Pay,تم التسليم,1,55,0,20,75,9.78,65.22,13,13.6,1.5,37.12
103693,2026-08-08,قلوريز,لمى المالكي,الرياض,الدفع عند الاستلام,تم التسليم,5,268,0,0,268,34.96,233.04,68,17.92,12.0,135.12
103692,2026-08-08,قلوريز,دانة الجهني,أبها,مدى,تم التسليم,2,118,0,20,138,18.0,120.0,28,24.0,1.38,66.62
103691,2026-08-08,قلوريز,عبدالله الغامدي,الرياض,مدى,تم التسليم,1,35,0,20,55,7.17,47.83,8,17.92,0.55,21.36
103690,2026-08-08,قلوريز,ريم السبيعي,الرياض,تمارا,تم التسليم,4,237,0,0,237,30.91,206.09,61,17.92,15.41,111.76
103689,2026-08-08,قلوريز,ريم القحطاني,الرياض,فيزا,تم التسليم,1,55,6,20,69,9.0,60.0,13,17.92,1.73,27.35
103688,2026-08-08,سموذ,جود الرشيدي,مكة,فيزا,تم التسليم,2,378,0,0,378,49.3,328.7,124,16.38,9.45,178.87
103687,2026-08-08,سموذ,ماجد المالكي,القصيم,فيزا,تم التسليم,1,75,8,25,92,12.0,80.0,22,24.0,2.3,31.7
103686,2026-08-08,سموذ,بندر العنزي,المدينة,مدى,تم التسليم,1,95,10,25,110,14.35,95.65,30,17.85,1.1,46.7
103685,2026-08-08,سموذ,هند السالم,الرياض,Apple Pay,تم التسليم,1,145,0,25,170,22.17,147.83,48,12.48,3.4,83.95
103684,2026-08-08,سموذ,هند العنزي,الرياض,مدى,تم التسليم,1,189,0,25,214,27.91,186.09,62,16.0,2.14,105.95
103683,2026-08-08,سموذ,ماجد السالم,جدة,مدى,تم التسليم,1,189,0,25,214,27.91,186.09,62,19.0,2.14,102.95
103682,2026-08-08,سموذ,دانة الرشيدي,القصيم,الدفع عند الاستلام,تم التسليم,2,290,0,0,290,37.83,252.17,96,24.0,12.0,120.17
103681,2026-08-08,سموذ,نورة القحطاني,جدة,مدى,تم التسليم,2,160,0,25,185,24.13,160.87,48,16.15,1.85,94.87
103680,2026-08-08,سموذ,بندر القحطاني,تبوك,مدى,تم التسليم,3,265,0,0,265,34.57,230.43,82,26.88,2.65,118.9
103679,2026-08-08,سموذ,شهد الشمري,الدمام,الدفع عند الاستلام,تم التسليم,3,290,29,0,261,34.04,226.96,93,19.0,12.0,102.96
103678,2026-08-08,سموذ,سارة القحطاني,الخبر,مدى,تم التسليم,1,120,0,25,145,18.91,126.09,41,21.28,1.45,62.36
103677,2026-08-08,سموذ,منيرة المطيري,الرياض,Apple Pay,تم التسليم,2,215,22,25,218,28.43,189.57,71,17.92,4.36,96.29
103676,2026-08-08,سموذ,بندر المالكي,الدمام,مدى,تم التسليم,5,772,0,0,772,100.7,671.3,253,19.0,7.72,391.58
103675,2026-08-08,سموذ,غادة الحربي,الرياض,Apple Pay,تم التسليم,2,180,0,25,205,26.74,178.26,56,16.0,4.1,102.16
103674,2026-08-07,قلوريز,راكان الشهري,الدمام,Apple Pay,تم التسليم,1,55,0,20,75,9.78,65.22,13,21.28,1.5,29.44
103673,2026-08-07,قلوريز,فهد الزهراني,الرياض,مدى,تم التسليم,1,59,0,20,79,10.3,68.7,14,16.0,0.79,37.91
103672,2026-08-07,قلوريز,نايف المالكي,الرياض,الدفع عند الاستلام,تم التسليم,1,59,0,20,79,10.3,68.7,14,17.92,12.0,24.78
103671,2026-08-07,قلوريز,دانة المطيري,مكة,فيزا,تم التسليم,3,153,0,0,153,19.96,133.04,36,21.0,3.83,72.22
103670,2026-08-07,قلوريز,ماجد السالم,الرياض,Apple Pay,تم التسليم,4,212,0,0,212,27.65,184.35,50,16.0,4.24,114.11
103669,2026-08-07,قلوريز,منيرة العنزي,الدمام,مدى,تم التسليم,4,188,0,0,188,24.52,163.48,44,16.15,1.88,101.45
103668,2026-08-07,قلوريز,سلطان العنزي,مكة,Apple Pay,تم التسليم,5,434,0,0,434,56.61,377.39,119,16.38,8.68,233.33
103667,2026-08-07,قلوريز,عبير الزهراني,الدمام,الدفع عند الاستلام,تم التسليم,4,285,57,0,228,29.74,198.26,73,19.0,12.0,94.26
103666,2026-08-07,قلوريز,فهد الشهري,أبها,مدى,تم التسليم,1,35,0,20,55,7.17,47.83,8,26.88,0.55,12.4
103665,2026-08-07,قلوريز,بندر العتيبي,أبها,فيزا,تم التسليم,1,55,0,20,75,9.78,65.22,13,20.4,1.88,29.94
103664,2026-08-07,قلوريز,عبير الدوسري,الرياض,مدى,تم التسليم,2,94,0,20,114,14.87,99.13,22,16.0,1.14,59.99
103663,2026-08-07,قلوريز,راكان المالكي,الرياض,فيزا,تم التسليم,1,55,8,20,67,8.74,58.26,13,13.6,1.68,29.99
103662,2026-08-07,قلوريز,عبدالله الشمري,الرياض,فيزا,تم التسليم,5,235,0,0,235,30.65,204.35,55,17.92,5.88,125.55
103661,2026-08-07,قلوريز,تركي السالم,الرياض,Apple Pay,تم التسليم,3,157,0,0,157,20.48,136.52,36,13.6,3.14,83.78
103660,2026-08-07,قلوريز,عبير المالكي,الرياض,مدى,تم التسليم,1,59,9,20,70,9.13,60.87,14,17.92,0.7,28.25
103659,2026-08-07,قلوريز,جود المالكي,الرياض,Apple Pay,تم التسليم,1,49,0,20,69,9.0,60.0,11,13.6,1.38,34.02
103658,2026-08-07,قلوريز,عبير البقمي,الرياض,Apple Pay,تم التسليم,3,133,0,20,153,19.96,133.04,30,12.48,3.06,87.5
103657,2026-08-07,قلوريز,راكان العتيبي,الرياض,Apple Pay,تم التسليم,4,419,0,0,419,54.65,364.35,116,12.48,8.38,227.49
103656,2026-08-07,قلوريز,خالد الشمري,المدينة,Apple Pay,تم التسليم,1,49,0,20,69,9.0,60.0,11,16.38,1.38,31.24
103655,2026-08-07,قلوريز,شهد السبيعي,الرياض,مدى,تم التسليم,3,165,0,0,165,21.52,143.48,39,16.0,1.65,86.83
103654,2026-08-07,قلوريز,نايف الحربي,الرياض,فيزا,تم التسليم,1,55,0,20,75,9.78,65.22,13,12.48,1.88,37.86
103653,2026-08-07,قلوريز,ريم السبيعي,الخبر,Apple Pay,تم التسليم,1,39,6,20,53,6.91,46.09,9,19.0,1.06,17.03
103652,2026-08-07,سموذ,دانة الدوسري,المدينة,Apple Pay,تم التسليم,1,145,14,25,156,20.35,135.65,48,17.85,3.12,66.68
103651,2026-08-07,سموذ,راكان الشهري,تبوك,مدى,تم التسليم,3,325,0,0,325,42.39,282.61,108,24.0,3.25,147.36
103650,2026-08-07,سموذ,عبير العنزي,الرياض,فيزا,تم التسليم,1,95,0,25,120,15.65,104.35,30,17.92,3.0,53.43
103649,2026-08-07,سموذ,أمل العنزي,الرياض,Apple Pay,تم التسليم,1,85,0,25,110,14.35,95.65,26,16.0,2.2,51.45
103648,2026-08-07,سموذ,بندر السبيعي,الرياض,مدى,تم التسليم,2,378,0,0,378,49.3,328.7,124,16.0,3.78,184.92
103647,2026-08-07,سموذ,راكان المطيري,مكة,مدى,تم التسليم,4,460,46,0,414,54.0,360.0,148,17.85,4.14,190.01
103646,2026-08-07,سموذ,نايف الشمري,مكة,الدفع عند الاستلام,تم التسليم,1,75,0,25,100,13.04,86.96,22,17.85,12.0,35.11
103645,2026-08-07,سموذ,شهد الجهني,الرياض,Apple Pay,تم التسليم,3,265,40,25,250,32.61,217.39,82,17.92,5.0,112.47
103644,2026-08-07,سموذ,بندر العتيبي,جدة,مدى,تم التسليم,8,1012,0,0,1012,132.0,880.0,324,19.0,10.12,526.88
103643,2026-08-07,سموذ,رهف السبيعي,جدة,فيزا,تم التسليم,1,120,0,25,145,18.91,126.09,41,19.0,3.62,62.46
103642,2026-08-07,سموذ,دانة المطيري,الرياض,مدى,تم التسليم,1,85,0,25,110,14.35,95.65,26,17.92,1.1,50.63
103641,2026-08-07,سموذ,ريم الحربي,الرياض,مدى,تم التسليم,4,555,0,0,555,72.39,482.61,185,16.0,5.55,276.06
103640,2026-08-07,سموذ,نايف الجهني,الرياض,Apple Pay,ملغي,3,385,0,0,385,0,0,0,0,0,0
103639,2026-08-07,سموذ,راكان الجهني,الخبر,مدى,تم التسليم,1,120,0,25,145,18.91,126.09,41,14.82,1.45,68.82
103638,2026-08-07,سموذ,دانة العتيبي,المدينة,تمارا,تم التسليم,1,95,0,25,120,15.65,104.35,30,23.52,7.8,43.03
103637,2026-08-07,سموذ,هند العنزي,الخبر,تمارا,تم التسليم,1,75,8,25,92,12.0,80.0,22,16.15,5.98,35.87
103636,2026-08-07,سموذ,ياسر السبيعي,جدة,مدى,تم التسليم,2,170,0,25,195,25.43,169.57,52,19.0,1.95,96.62
103635,2026-08-06,قلوريز,بندر الرشيدي,الرياض,Apple Pay,تم التسليم,4,224,0,0,224,29.22,194.78,53,13.6,4.48,123.7
103634,2026-08-06,قلوريز,ياسر الحربي,جدة,مدى,تم التسليم,1,59,0,20,79,10.3,68.7,14,19.0,0.79,34.91
103633,2026-08-06,قلوريز,راكان المطيري,الدمام,فيزا,تم التسليم,2,155,0,0,155,20.22,134.78,42,14.82,3.88,74.09
103632,2026-08-06,قلوريز,راكان المطيري,الدمام,Apple Pay,تم التسليم,4,310,0,0,310,40.43,269.57,84,19.0,6.2,160.37
103631,2026-08-06,قلوريز,بندر السالم,المدينة,Apple Pay,تم التسليم,3,133,0,20,153,19.96,133.04,30,17.85,3.06,82.13
103630,2026-08-06,قلوريز,جود المطيري,جدة,Apple Pay,تم التسليم,1,49,0,20,69,9.0,60.0,11,21.28,1.38,26.34
103629,2026-08-06,قلوريز,نايف السالم,الدمام,Apple Pay,تم التسليم,1,49,0,20,69,9.0,60.0,11,21.28,1.38,26.34
103628,2026-08-06,قلوريز,محمد الحربي,مكة,فيزا,تم التسليم,2,240,0,0,240,31.3,208.7,68,23.52,6.0,111.18
103627,2026-08-06,قلوريز,خالد البقمي,مكة,فيزا,تم التسليم,5,241,0,0,241,31.43,209.57,55,23.52,6.03,125.02
103626,2026-08-06,قلوريز,ريم الدوسري,الدمام,مدى,تم التسليم,2,74,11,20,83,10.83,72.17,17,14.82,0.83,39.52
103625,2026-08-06,قلوريز,خالد الشهري,الرياض,الدفع عند الاستلام,تم التسليم,2,78,12,20,86,11.22,74.78,18,17.92,12.0,26.86
103624,2026-08-06,قلوريز,هند العنزي,الدمام,مدى,تم التسليم,5,219,0,0,219,28.57,190.43,51,19.0,2.19,118.24
103623,2026-08-06,قلوريز,لمى البقمي,جدة,Apple Pay,تم التسليم,4,237,0,0,237,30.91,206.09,61,21.28,4.74,119.07
103622,2026-08-06,قلوريز,بندر البقمي,الدمام,مدى,تم التسليم,1,35,5,20,50,6.52,43.48,8,19.0,0.5,15.98
103621,2026-08-06,قلوريز,رهف العتيبي,الخبر,Apple Pay,تم التسليم,1,35,0,20,55,7.17,47.83,8,14.82,1.1,23.91
103620,2026-08-06,قلوريز,خالد الشمري,الرياض,تمارا,تم التسليم,3,147,0,20,167,21.78,145.22,33,17.92,10.86,83.44
103619,2026-08-06,قلوريز,راكان السبيعي,الرياض,Apple Pay,تم التسليم,2,78,0,20,98,12.78,85.22,18,13.6,1.96,51.66
103618,2026-08-06,قلوريز,تركي الجهني,الرياض,Apple Pay,تم التسليم,1,55,11,20,64,8.35,55.65,13,16.0,1.28,25.37
103617,2026-08-06,قلوريز,عبير المالكي,الرياض,تمارا,تم التسليم,2,94,0,20,114,14.87,99.13,22,16.0,7.41,53.72
103616,2026-08-06,قلوريز,نورة الشهري,الرياض,Apple Pay,تم التسليم,5,249,37,0,212,27.65,184.35,58,16.0,4.24,106.11
103615,2026-08-06,قلوريز,عبير الحربي,الرياض,مدى,تم التسليم,2,118,0,20,138,18.0,120.0,28,13.6,1.38,77.02
103614,2026-08-06,قلوريز,هند الحربي,جدة,مدى,تم التسليم,3,147,0,20,167,21.78,145.22,33,19.0,1.67,91.55
103613,2026-08-06,قلوريز,عبدالله المطيري,الخبر,فيزا,تم التسليم,2,78,0,20,98,12.78,85.22,18,19.0,2.45,45.77
103612,2026-08-06,قلوريز,نورة القحطاني,الرياض,تمارا,تم التسليم,3,163,0,0,163,21.26,141.74,38,16.0,10.6,77.14
103611,2026-08-06,قلوريز,بندر الحربي,مكة,مدى,تم التسليم,3,117,0,20,137,17.87,119.13,27,23.52,1.37,67.24
103610,2026-08-06,قلوريز,عبدالله العتيبي,تبوك,مدى,تم التسليم,1,39,0,20,59,7.7,51.3,9,26.88,0.59,14.83
103609,2026-08-06,قلوريز,سلطان الجهني,الرياض,مدى,تم التسليم,2,88,0,20,108,14.09,93.91,20,16.0,1.08,56.83
103608,2026-08-06,سموذ,منيرة السبيعي,المدينة,الدفع عند الاستلام,تم التسليم,2,265,26,25,264,34.43,229.57,89,17.85,12.0,110.72
103607,2026-08-06,سموذ,منيرة المطيري,جدة,مدى,تم التسليم,1,189,0,25,214,27.91,186.09,62,14.82,2.14,107.13
103606,2026-08-06,سموذ,تركي العتيبي,أبها,مدى,تم التسليم,1,145,0,25,170,22.17,147.83,48,26.88,1.7,71.25
103605,2026-08-06,سموذ,دانة الزهراني,الرياض,تمارا,تم التسليم,3,498,0,0,498,64.96,433.04,165,13.6,32.37,222.07
103604,2026-08-06,سموذ,عبدالله الرشيدي,أبها,مدى,تم التسليم,1,75,0,25,100,13.04,86.96,22,24.0,1.0,39.96
103603,2026-08-06,سموذ,خالد القحطاني,الرياض,تمارا,تم التسليم,5,644,0,0,644,84.0,560.0,215,13.6,41.86,289.54
103602,2026-08-06,سموذ,دانة العتيبي,الرياض,مدى,تم التسليم,2,205,0,25,230,30.0,200.0,67,13.6,2.3,117.1
103601,2026-08-06,سموذ,محمد المالكي,الخبر,Apple Pay,تم التسليم,1,189,0,25,214,27.91,186.09,62,21.28,4.28,98.53
103600,2026-08-06,سموذ,راكان الجهني,الدمام,مدى,تم التسليم,3,360,0,0,360,46.96,313.04,119,19.0,3.6,171.44
103599,2026-08-06,سموذ,ماجد الدوسري,المدينة,Apple Pay,تم التسليم,1,75,15,25,85,11.09,73.91,22,21.0,1.7,29.21
103598,2026-08-06,سموذ,غادة المالكي,الرياض,Apple Pay,تم التسليم,3,340,0,0,340,44.35,295.65,111,12.48,6.8,165.37
103597,2026-08-06,سموذ,ريم الجهني,الرياض,الدفع عند الاستلام,تم التسليم,2,378,38,0,340,44.35,295.65,124,13.6,12.0,146.05
103596,2026-08-06,سموذ,عبير المطيري,الدمام,Apple Pay,تم التسليم,3,305,0,0,305,39.78,265.22,96,19.0,6.1,144.12
103595,2026-08-06,سموذ,ياسر الدوسري,الرياض,مدى,تم التسليم,1,85,0,25,110,14.35,95.65,26,12.48,1.1,56.07
103594,2026-08-06,سموذ,غادة الرشيدي,القصيم,الدفع عند الاستلام,تم التسليم,4,564,0,0,564,73.57,490.43,184,26.88,12.0,267.55
103593,2026-08-06,سموذ,شهد الزهراني,الرياض,مدى,تم التسليم,3,325,0,0,325,42.39,282.61,108,13.6,3.25,157.76
103592,2026-08-05,قلوريز,دانة الجهني,أبها,مدى,ملغي,2,90,0,20,110,0,0,0,0,0,0
103591,2026-08-05,قلوريز,تركي البقمي,الرياض,مدى,ملغي,1,49,0,20,69,0,0,0,0,0,0
103590,2026-08-05,قلوريز,راكان السالم,مكة,الدفع عند الاستلام,ملغي,1,49,0,20,69,0,0,0,0,0,0
103589,2026-08-05,قلوريز,سارة الرشيدي,جدة,Apple Pay,تم التسليم,1,39,6,20,53,6.91,46.09,9,16.15,1.06,19.88
103588,2026-08-05,قلوريز,ماجد السالم,جدة,Apple Pay,تم التسليم,4,348,0,0,348,45.39,302.61,93,19.0,6.96,183.65
103587,2026-08-05,قلوريز,بندر السبيعي,الدمام,تمارا,تم التسليم,1,35,0,20,55,7.17,47.83,8,21.28,3.58,14.97
103586,2026-08-05,قلوريز,خالد الجهني,مكة,مدى,تم التسليم,3,275,0,0,275,35.87,239.13,76,21.0,2.75,139.38
103585,2026-08-05,قلوريز,لمى الشمري,الدمام,Apple Pay,تم التسليم,1,39,0,20,59,7.7,51.3,9,19.0,1.18,22.12
103584,2026-08-05,قلوريز,شهد الرشيدي,القصيم,مدى,تم التسليم,4,358,0,0,358,46.7,311.3,96,24.0,3.58,187.72
103583,2026-08-05,قلوريز,راكان الغامدي,مكة,Apple Pay,تم التسليم,5,261,0,0,261,34.04,226.96,61,23.52,5.22,137.22
103582,2026-08-05,قلوريز,رهف العتيبي,الخبر,مدى,تم التسليم,1,39,0,20,59,7.7,51.3,9,19.0,0.59,22.71
103581,2026-08-05,قلوريز,خالد الشمري,الرياض,مدى,تم التسليم,1,35,0,20,55,7.17,47.83,8,16.0,0.55,23.28
103580,2026-08-05,قلوريز,سلطان القحطاني,الدمام,تمارا,تم التسليم,3,169,25,20,164,21.39,142.61,40,14.82,10.66,77.13
103579,2026-08-05,قلوريز,محمد العنزي,جدة,مدى,تم التسليم,2,94,14,20,100,13.04,86.96,22,16.15,1.0,47.81
103578,2026-08-05,قلوريز,ياسر الزهراني,مكة,مدى,تم التسليم,4,253,0,0,253,33.0,220.0,65,17.85,2.53,134.62
103577,2026-08-05,قلوريز,عبدالله المطيري,الرياض,تمارا,تم التسليم,3,224,22,0,202,26.35,175.65,58,13.6,13.13,90.92
103576,2026-08-05,سموذ,غادة القحطاني,الخبر,فيزا,تم التسليم,1,95,0,25,120,15.65,104.35,30,21.28,3.0,50.07
103575,2026-08-05,سموذ,ريم الغامدي,الرياض,مدى,تم التسليم,1,85,0,25,110,14.35,95.65,26,12.48,1.1,56.07
103574,2026-08-05,سموذ,سارة البقمي,الخبر,مدى,تم التسليم,1,75,0,25,100,13.04,86.96,22,19.0,1.0,44.96
103573,2026-08-05,سموذ,هند البقمي,الرياض,مدى,تم التسليم,1,189,19,25,195,25.43,169.57,62,13.6,1.95,92.02
103572,2026-08-05,سموذ,محمد المالكي,الرياض,مدى,تم التسليم,2,240,0,25,265,34.57,230.43,82,13.6,2.65,132.18
103571,2026-08-05,سموذ,جود الشهري,الرياض,مدى,تم التسليم,5,505,0,0,505,65.87,439.13,160,16.0,5.05,258.08
103570,2026-08-05,سموذ,أمل السالم,الرياض,تمارا,تم التسليم,2,230,0,25,255,33.26,221.74,74,13.6,16.57,117.56
103569,2026-08-05,سموذ,رهف المطيري,الدمام,مدى,تم التسليم,1,75,0,25,100,13.04,86.96,22,19.0,1.0,44.96
103568,2026-08-05,سموذ,فهد العتيبي,الرياض,مدى,تم التسليم,2,190,28,25,187,24.39,162.61,60,12.48,1.87,88.26
103567,2026-08-05,سموذ,ريم الدوسري,الدمام,مدى,تم التسليم,1,85,0,25,110,14.35,95.65,26,21.28,1.1,47.27
103566,2026-08-05,سموذ,خالد المطيري,الدمام,تمارا,تم التسليم,1,189,38,25,176,22.96,153.04,62,16.15,11.44,63.45
103565,2026-08-05,سموذ,رهف الجهني,جدة,الدفع عند الاستلام,تم التسليم,2,220,0,25,245,31.96,213.04,70,19.0,12.0,112.04
103564,2026-08-05,سموذ,بندر الحربي,الخبر,فيزا,تم التسليم,1,95,0,25,120,15.65,104.35,30,19.0,3.0,52.35
103563,2026-08-05,سموذ,دانة الحربي,القصيم,مدى,تم التسليم,1,189,0,25,214,27.91,186.09,62,24.0,2.14,97.95
103562,2026-08-05,سموذ,فهد العتيبي,الرياض,مدى,تم التسليم,2,190,0,25,215,28.04,186.96,60,13.6,2.15,111.21
103561,2026-08-04,قلوريز,أمل السالم,الرياض,مدى,تم التسليم,4,186,0,0,186,24.26,161.74,42,12.48,1.86,105.4
103560,2026-08-04,قلوريز,ياسر الجهني,مكة,Apple Pay,ملغي,3,129,0,20,149,0,0,0,0,0,0
103559,2026-08-04,قلوريز,نورة القحطاني,الرياض,مدى,تم التسليم,1,39,0,20,59,7.7,51.3,9,16.0,0.59,25.71
103558,2026-08-04,قلوريز,أمل المطيري,جدة,فيزا,تم التسليم,2,179,0,0,179,23.35,155.65,48,21.28,4.48,81.9
103557,2026-08-04,قلوريز,تركي الغامدي,الرياض,Apple Pay,تم التسليم,3,238,48,0,190,24.78,165.22,62,13.6,3.8,85.82
103556,2026-08-04,قلوريز,دانة الرشيدي,الرياض,الدفع عند الاستلام,تم التسليم,1,55,0,20,75,9.78,65.22,13,16.0,12.0,24.22
103555,2026-08-04,قلوريز,أمل الرشيدي,الرياض,مدى,تم التسليم,3,137,0,20,157,20.48,136.52,32,12.48,1.57,90.47
103554,2026-08-04,قلوريز,عبدالله الرشيدي,جدة,الدفع عند الاستلام,تم التسليم,1,35,0,20,55,7.17,47.83,8,21.28,12.0,6.55
103553,2026-08-04,قلوريز,محمد الزهراني,الدمام,تمارا,تم التسليم,2,179,0,0,179,23.35,155.65,48,19.0,11.63,77.02
103552,2026-08-04,قلوريز,لمى العتيبي,الرياض,الدفع عند الاستلام,تم التسليم,1,39,0,20,59,7.7,51.3,9,17.92,12.0,12.38
103551,2026-08-04,قلوريز,ماجد المطيري,جدة,Apple Pay,تم التسليم,1,55,0,20,75,9.78,65.22,13,21.28,1.5,29.44
103550,2026-08-04,قلوريز,تركي العنزي,جدة,فيزا,تم التسليم,3,210,0,0,210,27.39,182.61,55,19.0,5.25,103.36
103549,2026-08-04,قلوريز,سارة الدوسري,مكة,فيزا,تم التسليم,2,90,14,20,96,12.52,83.48,21,17.85,2.4,42.23
103548,2026-08-04,قلوريز,ريم المطيري,أبها,الدفع عند الاستلام,تم التسليم,1,35,0,20,55,7.17,47.83,8,24.0,12.0,3.83
103547,2026-08-04,قلوريز,ريم المالكي,جدة,الدفع عند الاستلام,تم التسليم,4,318,0,0,318,41.48,276.52,86,19.0,12.0,159.52
103546,2026-08-04,قلوريز,لمى السالم,مكة,مدى,تم التسليم,1,59,0,20,79,10.3,68.7,14,21.0,0.79,32.91
103545,2026-08-04,قلوريز,فهد العنزي,الرياض,مدى,تم التسليم,3,117,0,20,137,17.87,119.13,27,16.0,1.37,74.76
103544,2026-08-04,قلوريز,هند العنزي,الرياض,تمارا,تم التسليم,2,98,0,20,118,15.39,102.61,22,17.92,7.67,55.02
103543,2026-08-04,سموذ,محمد الشمري,الدمام,Apple Pay,تم التسليم,1,145,0,25,170,22.17,147.83,48,16.15,3.4,80.28
103542,2026-08-04,سموذ,نايف الزهراني,تبوك,مدى,تم التسليم,2,240,0,25,265,34.57,230.43,78,20.4,2.65,129.38
103541,2026-08-04,سموذ,نايف المالكي,الرياض,الدفع عند الاستلام,تم التسليم,1,75,0,25,100,13.04,86.96,22,13.6,12.0,39.36
103540,2026-08-04,سموذ,منيرة السبيعي,مكة,Apple Pay,تم التسليم,3,315,63,0,252,32.87,219.13,100,17.85,5.04,96.24
103539,2026-08-04,سموذ,تركي الجهني,الرياض,الدفع عند الاستلام,تم التسليم,1,145,0,25,170,22.17,147.83,48,16.0,12.0,71.83
103538,2026-08-04,سموذ,منيرة السالم,الرياض,Apple Pay,تم التسليم,1,95,0,25,120,15.65,104.35,30,13.6,2.4,58.35
103537,2026-08-04,سموذ,جود الجهني,الخبر,تمارا,تم التسليم,1,95,0,25,120,15.65,104.35,30,16.15,7.8,50.4
103536,2026-08-04,سموذ,رهف الزهراني,جدة,تمارا,تم التسليم,3,360,0,0,360,46.96,313.04,123,16.15,23.4,150.49
103535,2026-08-04,سموذ,منيرة العتيبي,الرياض,مدى,تم التسليم,2,284,0,0,284,37.04,246.96,92,16.0,2.84,136.12
103534,2026-08-04,سموذ,رهف الرشيدي,القصيم,فيزا,تم التسليم,1,75,0,25,100,13.04,86.96,22,24.0,2.5,38.46
103533,2026-08-04,سموذ,تركي الزهراني,جدة,تمارا,تم التسليم,1,120,0,25,145,18.91,126.09,41,16.15,9.43,59.51
103532,2026-08-04,سموذ,شهد الجهني,الرياض,فيزا,تم التسليم,3,419,0,0,419,54.65,364.35,136,13.6,10.48,204.27
103531,2026-08-04,سموذ,راكان المطيري,الرياض,فيزا,تم التسليم,3,335,0,0,335,43.7,291.3,112,16.0,8.38,154.93
103530,2026-08-04,سموذ,محمد القحطاني,الرياض,مدى,تم التسليم,5,668,0,0,668,87.13,580.87,217,13.6,6.68,343.59
103529,2026-08-03,قلوريز,نورة الشمري,المدينة,Apple Pay,تم التسليم,2,98,0,20,118,15.39,102.61,22,21.0,2.36,57.25
103528,2026-08-03,قلوريز,لمى القحطاني,الرياض,الدفع عند الاستلام,تم التسليم,4,148,0,20,168,21.91,146.09,34,17.92,12.0,82.17
103527,2026-08-03,قلوريز,ماجد العتيبي,الرياض,الدفع عند الاستلام,تم التسليم,2,114,0,20,134,17.48,116.52,27,17.92,12.0,59.6
103526,2026-08-03,قلوريز,نورة الشمري,جدة,مدى,تم التسليم,1,59,6,20,73,9.52,63.48,14,19.0,0.73,29.75
103525,2026-08-03,قلوريز,رهف الشهري,الخبر,Apple Pay,تم التسليم,2,108,0,20,128,16.7,111.3,25,14.82,2.56,68.92
103524,2026-08-03,قلوريز,عبدالله العتيبي,الرياض,فيزا,تم التسليم,1,59,0,20,79,10.3,68.7,14,12.48,1.98,40.24
103523,2026-08-03,قلوريز,ريم المالكي,جدة,مدى,ملغي,1,120,0,20,140,0,0,0,0,0,0
103522,2026-08-03,قلوريز,محمد الزهراني,أبها,Apple Pay,ملغي,3,238,0,0,238,0,0,0,0,0,0
103521,2026-08-03,قلوريز,بندر الجهني,الرياض,فيزا,تم التسليم,2,114,0,20,134,17.48,116.52,27,17.92,3.35,68.25
103520,2026-08-03,قلوريز,رهف العنزي,الرياض,مدى,تم التسليم,1,35,0,20,55,7.17,47.83,8,16.0,0.55,23.28
103519,2026-08-03,قلوريز,عبير الحربي,الرياض,تمارا,تم التسليم,3,167,0,0,167,21.78,145.22,39,17.92,10.86,77.44
103518,2026-08-03,قلوريز,تركي الرشيدي,الرياض,مدى,تم التسليم,3,153,23,20,150,19.57,130.43,36,17.92,1.5,75.01
103517,2026-08-03,قلوريز,أمل البقمي,الرياض,تمارا,تم التسليم,2,98,0,20,118,15.39,102.61,22,13.6,7.67,59.34
103516,2026-08-03,قلوريز,فهد الشمري,الرياض,مدى,ملغي,2,70,0,20,90,0,0,0,0,0,0
103515,2026-08-03,قلوريز,عبير الحربي,الرياض,فيزا,تم التسليم,2,110,0,20,130,16.96,113.04,26,17.92,3.25,65.87
103514,2026-08-03,قلوريز,رهف الشمري,الرياض,Apple Pay,تم التسليم,4,415,0,0,415,54.13,360.87,115,16.0,8.3,221.57
103513,2026-08-03,قلوريز,غادة العنزي,مكة,Apple Pay,تم التسليم,1,35,4,20,51,6.65,44.35,8,17.85,1.02,17.48
103512,2026-08-03,قلوريز,ماجد السالم,مكة,تمارا,تم التسليم,1,55,0,20,75,9.78,65.22,13,21.0,4.88,26.34
103511,2026-08-03,قلوريز,عبير المالكي,جدة,مدى,تم التسليم,2,108,0,20,128,16.7,111.3,25,21.28,1.28,63.74
103510,2026-08-03,قلوريز,عبير الشمري,الرياض,تمارا,تم التسليم,2,70,0,20,90,11.74,78.26,16,16.0,5.85,40.41
103509,2026-08-03,سموذ,لمى السبيعي,المدينة,Apple Pay,تم التسليم,1,189,0,25,214,27.91,186.09,62,17.85,4.28,101.96
103508,2026-08-03,سموذ,منيرة الرشيدي,الخبر,Apple Pay,تم التسليم,1,120,12,25,133,17.35,115.65,41,21.28,2.66,50.71
103507,2026-08-03,سموذ,سلطان العتيبي,الرياض,مدى,تم التسليم,2,195,20,25,200,26.09,173.91,63,16.0,2.0,92.91
103506,2026-08-03,سموذ,خالد العنزي,الرياض,تمارا,تم التسليم,1,145,0,25,170,22.17,147.83,48,17.92,11.05,70.86
103505,2026-08-03,سموذ,عبدالله السالم,جدة,مدى,تم التسليم,1,145,14,25,156,20.35,135.65,48,19.0,1.56,67.09
103504,2026-08-03,سموذ,غادة البقمي,مكة,مدى,تم التسليم,2,150,0,25,175,22.83,152.17,44,21.0,1.75,85.42
103503,2026-08-03,سموذ,محمد الزهراني,الخبر,Apple Pay,تم التسليم,1,120,24,25,121,15.78,105.22,41,19.0,2.42,42.8
103502,2026-08-03,سموذ,هند السبيعي,مكة,مدى,تم التسليم,2,240,24,25,241,31.43,209.57,82,21.0,2.41,104.16
103501,2026-08-03,سموذ,بندر المالكي,مكة,مدى,تم التسليم,4,510,0,0,510,66.52,443.48,166,16.38,5.1,256.0
103500,2026-08-03,سموذ,هند الشهري,الخبر,مدى,تم التسليم,2,264,26,25,263,34.3,228.7,84,19.0,2.63,123.07
103499,2026-08-03,سموذ,هند السبيعي,جدة,الدفع عند الاستلام,تم التسليم,2,195,0,25,220,28.7,191.3,63,19.0,12.0,97.3
103498,2026-08-02,قلوريز,بندر الغامدي,الخبر,مدى,تم التسليم,1,49,0,20,69,9.0,60.0,11,14.82,0.69,33.49
103497,2026-08-02,قلوريز,تركي الدوسري,جدة,مدى,تم التسليم,2,84,0,20,104,13.57,90.43,19,19.0,1.04,51.39
103496,2026-08-02,قلوريز,لمى الشمري,الدمام,مدى,تم التسليم,1,55,11,20,64,8.35,55.65,13,19.0,0.64,23.01
103495,2026-08-02,قلوريز,ياسر الدوسري,الرياض,مدى,تم التسليم,5,199,0,0,199,25.96,173.04,46,16.0,1.99,109.05
103494,2026-08-02,قلوريز,أمل القحطاني,الرياض,مدى,تم التسليم,2,169,0,0,169,22.04,146.96,45,16.0,1.69,84.27
103493,2026-08-02,قلوريز,فهد الشمري,مكة,مدى,تم التسليم,3,224,22,0,202,26.35,175.65,58,21.0,2.02,94.63
103492,2026-08-02,قلوريز,جود البقمي,الرياض,Apple Pay,تم التسليم,4,310,0,0,310,40.43,269.57,84,13.6,6.2,165.77
103491,2026-08-02,قلوريز,ماجد الدوسري,الخبر,مدى,تم التسليم,1,49,0,20,69,9.0,60.0,11,16.15,0.69,32.16
103490,2026-08-02,قلوريز,دانة الشمري,الرياض,تمارا,تم التسليم,4,225,0,0,225,29.35,195.65,58,12.48,14.62,110.55
103489,2026-08-02,قلوريز,راكان العتيبي,جدة,مدى,تم التسليم,2,169,0,0,169,22.04,146.96,45,14.82,1.69,85.45
103488,2026-08-02,قلوريز,دانة الحربي,أبها,الدفع عند الاستلام,تم التسليم,1,59,12,20,67,8.74,58.26,14,26.88,12.0,5.38
103487,2026-08-02,قلوريز,محمد العنزي,الرياض,تمارا,تم التسليم,1,55,0,20,75,9.78,65.22,13,13.6,4.88,33.74
103486,2026-08-02,قلوريز,نايف الدوسري,الدمام,Apple Pay,تم التسليم,5,227,0,0,227,29.61,197.39,53,19.0,4.54,120.85
103485,2026-08-02,قلوريز,ماجد المالكي,جدة,تمارا,تم التسليم,2,110,0,20,130,16.96,113.04,26,16.15,8.45,62.44
103484,2026-08-02,قلوريز,شهد القحطاني,الدمام,مدى,تم التسليم,3,127,0,20,147,19.17,127.83,29,21.28,1.47,76.08
103483,2026-08-02,قلوريز,راكان العتيبي,الرياض,مدى,تم التسليم,1,55,0,20,75,9.78,65.22,13,13.6,0.75,37.87
103482,2026-08-02,قلوريز,منيرة الشهري,الدمام,مدى,تم التسليم,1,39,0,20,59,7.7,51.3,9,16.15,0.59,25.56
103481,2026-08-02,قلوريز,رهف السالم,الرياض,تمارا,تم التسليم,1,59,9,20,70,9.13,60.87,14,16.0,4.55,26.32
103480,2026-08-02,قلوريز,سارة العتيبي,الخبر,Apple Pay,تم التسليم,5,322,32,0,290,37.83,252.17,80,16.15,5.8,150.22
103479,2026-08-02,قلوريز,لمى الزهراني,أبها,Apple Pay,تم التسليم,3,167,25,20,162,21.13,140.87,39,24.0,3.24,74.63
103478,2026-08-02,سموذ,ريم البقمي,القصيم,فيزا,تم التسليم,2,274,41,25,258,33.65,224.35,88,24.0,6.45,105.9
103477,2026-08-02,سموذ,غادة الدوسري,القصيم,Apple Pay,تم التسليم,5,648,0,0,648,84.52,563.48,209,18.72,12.96,322.8
103476,2026-08-02,سموذ,ريم العنزي,جدة,مدى,تم التسليم,3,235,0,25,260,33.91,226.09,70,16.15,2.6,137.34
103475,2026-08-02,سموذ,سلطان الرشيدي,الرياض,Apple Pay,تم التسليم,1,75,0,25,100,13.04,86.96,22,16.0,2.0,46.96
103474,2026-08-02,سموذ,محمد الشهري,مكة,فيزا,تم التسليم,1,189,0,25,214,27.91,186.09,62,21.0,5.35,97.74
103473,2026-08-02,سموذ,عبدالله الشهري,الخبر,مدى,تم التسليم,1,75,0,25,100,13.04,86.96,22,19.0,1.0,44.96
103472,2026-08-02,سموذ,شهد الحربي,الرياض,تمارا,تم التسليم,1,95,10,25,110,14.35,95.65,30,16.0,7.15,42.5
103471,2026-08-02,سموذ,تركي المالكي,الدمام,تمارا,تم التسليم,4,668,0,0,668,87.13,580.87,220,14.82,43.42,302.63
103470,2026-08-02,سموذ,جود الشهري,أبها,فيزا,تم التسليم,1,145,0,25,170,22.17,147.83,48,24.0,4.25,71.58
103469,2026-08-02,سموذ,عبدالله الشهري,الخبر,مدى,تم التسليم,3,454,0,0,454,59.22,394.78,151,19.0,4.54,220.24
103468,2026-08-02,سموذ,ريم الجهني,الدمام,مدى,تم التسليم,2,170,0,25,195,25.43,169.57,52,19.0,1.95,96.62
103467,2026-08-02,سموذ,رهف السبيعي,تبوك,تمارا,ملغي,3,567,0,0,567,0,0,0,0,0,0
103466,2026-08-02,سموذ,هند المطيري,المدينة,الدفع عند الاستلام,تم التسليم,4,548,0,0,548,71.48,476.52,176,17.85,12.0,270.67
103465,2026-08-02,سموذ,شهد الشمري,الدمام,Apple Pay,تم التسليم,3,255,0,0,255,33.26,221.74,78,21.28,5.1,117.36
103464,2026-08-02,سموذ,عبير الدوسري,مكة,Apple Pay,تم التسليم,2,284,57,25,252,32.87,219.13,92,21.0,5.04,101.09
103463,2026-08-02,سموذ,جود الجهني,أبها,تمارا,تم التسليم,2,215,0,25,240,31.3,208.7,71,26.88,15.6,95.22
103462,2026-08-01,قلوريز,تركي السبيعي,الرياض,مدى,تم التسليم,1,55,8,20,67,8.74,58.26,13,16.0,0.67,28.59
103461,2026-08-01,قلوريز,ماجد الشهري,القصيم,مدى,تم التسليم,1,49,7,20,62,8.09,53.91,11,24.0,0.62,18.29
103460,2026-08-01,قلوريز,غادة العنزي,جدة,الدفع عند الاستلام,تم التسليم,2,175,0,0,175,22.83,152.17,47,21.28,12.0,71.89
103459,2026-08-01,قلوريز,نايف القحطاني,القصيم,مدى,تم التسليم,3,230,0,0,230,30.0,200.0,60,20.4,2.3,117.3
103458,2026-08-01,قلوريز,جود الغامدي,الرياض,مدى,تم التسليم,1,55,0,20,75,9.78,65.22,13,13.6,0.75,37.87
103457,2026-08-01,قلوريز,رهف العنزي,مكة,تمارا,تم التسليم,2,78,0,20,98,12.78,85.22,18,17.85,6.37,43.0
103456,2026-08-01,قلوريز,ماجد الحربي,المدينة,الدفع عند الاستلام,تم التسليم,1,39,0,20,59,7.7,51.3,9,21.0,12.0,9.3
103455,2026-08-01,قلوريز,أمل الشهري,الرياض,مدى,تم التسليم,1,120,0,20,140,18.26,121.74,34,16.0,1.4,70.34
103454,2026-08-01,قلوريز,فهد المالكي,الرياض,Apple Pay,تم التسليم,4,144,0,20,164,21.39,142.61,33,13.6,3.28,92.73
103453,2026-08-01,قلوريز,أمل العنزي,جدة,تمارا,تم التسليم,3,228,0,0,228,29.74,198.26,59,14.82,14.82,109.62
103452,2026-08-01,قلوريز,عبدالله الشهري,الخبر,Apple Pay,تم التسليم,3,165,0,0,165,21.52,143.48,39,16.15,3.3,85.03
103451,2026-08-01,قلوريز,لمى الجهني,القصيم,مدى,تم التسليم,2,179,27,0,152,19.83,132.17,48,18.72,1.52,63.93
103450,2026-08-01,قلوريز,منيرة العتيبي,الرياض,مدى,تم التسليم,4,344,0,0,344,44.87,299.13,92,16.0,3.44,187.69
103449,2026-08-01,قلوريز,خالد البقمي,الدمام,تمارا,تم التسليم,1,49,0,20,69,9.0,60.0,11,19.0,4.49,25.52
103448,2026-08-01,قلوريز,بندر العنزي,الدمام,فيزا,تم التسليم,2,70,0,20,90,11.74,78.26,16,19.0,2.25,41.01
103447,2026-08-01,قلوريز,سارة البقمي,المدينة,مدى,تم التسليم,3,145,0,20,165,21.52,143.48,34,23.52,1.65,84.31
103446,2026-08-01,قلوريز,منيرة الجهني,الدمام,تمارا,تم التسليم,1,35,0,20,55,7.17,47.83,8,21.28,3.58,14.97
103445,2026-08-01,قلوريز,منيرة الشهري,القصيم,مدى,تم التسليم,2,78,0,20,98,12.78,85.22,18,20.4,0.98,45.84
103444,2026-08-01,قلوريز,ياسر السبيعي,الرياض,فيزا,تم التسليم,1,35,0,20,55,7.17,47.83,8,17.92,1.38,20.53
103443,2026-08-01,قلوريز,فهد القحطاني,الدمام,فيزا,تم التسليم,3,163,0,0,163,21.26,141.74,38,16.15,4.08,83.51
103442,2026-08-01,سموذ,فهد الرشيدي,جدة,فيزا,تم التسليم,3,365,36,0,329,42.91,286.09,118,16.15,8.22,143.71
103441,2026-08-01,سموذ,ماجد السبيعي,الدمام,تمارا,تم التسليم,1,75,0,25,100,13.04,86.96,22,16.15,6.5,42.31
103440,2026-08-01,سموذ,فهد الغامدي,أبها,Apple Pay,تم التسليم,1,145,0,25,170,22.17,147.83,48,24.0,3.4,72.43
103439,2026-08-01,سموذ,دانة العتيبي,الرياض,مدى,تم التسليم,2,170,0,25,195,25.43,169.57,52,16.0,1.95,99.62
103438,2026-08-01,سموذ,سلطان العتيبي,جدة,مدى,تم التسليم,1,145,0,25,170,22.17,147.83,48,19.0,1.7,79.13
103437,2026-08-01,سموذ,سارة الغامدي,جدة,مدى,تم التسليم,2,284,0,0,284,37.04,246.96,92,16.15,2.84,135.97
103436,2026-08-01,سموذ,محمد الغامدي,مكة,Apple Pay,تم التسليم,2,274,0,0,274,35.74,238.26,88,23.52,5.48,121.26
103435,2026-08-01,سموذ,دانة المالكي,الرياض,فيزا,تم التسليم,1,145,0,25,170,22.17,147.83,48,12.48,4.25,83.1
103434,2026-08-01,سموذ,سارة العتيبي,الرياض,تمارا,تم التسليم,4,435,0,0,435,56.74,378.26,145,12.48,28.28,192.51
103433,2026-08-01,سموذ,غادة الزهراني,الدمام,تمارا,تم التسليم,1,85,0,25,110,14.35,95.65,26,14.82,7.15,47.68
103432,2026-08-01,سموذ,ماجد القحطاني,أبها,مدى,تم التسليم,1,120,0,25,145,18.91,126.09,41,24.0,1.45,59.64
103431,2026-08-01,سموذ,دانة الدوسري,الرياض,الدفع عند الاستلام,تم التسليم,4,505,0,0,505,65.87,439.13,167,13.6,12.0,246.53
103430,2026-08-01,سموذ,سارة السالم,مكة,مدى,تم التسليم,4,385,58,0,327,42.65,284.35,123,21.0,3.27,137.08
103429,2026-08-01,سموذ,عبدالله الرشيدي,الرياض,مدى,تم التسليم,1,189,19,25,195,25.43,169.57,62,12.48,1.95,93.14
103428,2026-08-01,سموذ,تركي السبيعي,القصيم,مدى,تم التسليم,2,264,0,0,264,34.43,229.57,84,24.0,2.64,118.93
103427,2026-08-01,سموذ,بندر السبيعي,القصيم,مدى,تم التسليم,2,284,57,25,252,32.87,219.13,92,26.88,2.52,97.73
103426,2026-08-01,سموذ,راكان الزهراني,أبها,Apple Pay,تم التسليم,1,120,0,25,145,18.91,126.09,41,26.88,2.9,55.31
