رقم الطلب,التاريخ,المتجر,العميل,المدينة,طريقة الدفع,الحالة,عدد القطع,المنتجات قبل الخصم,الخصم,الشحن المحصّل,الإجمالي شامل الضريبة,ضريبة القيمة المضافة,الصافي بدون ضريبة,تكلفة البضاعة,تكلفة الشحن,رسوم الدفع,الربح التقديري
103425,2026-07-31,قلوريز,سلطان الغامدي,الدمام,Apple Pay,تم التسليم,1,35,0,20,55,7.17,47.83,8,19.0,1.1,19.73
103424,2026-07-31,قلوريز,لمى السبيعي,الرياض,تمارا,تم التسليم,2,70,7,20,83,10.83,72.17,16,13.6,5.4,37.18
103423,2026-07-31,قلوريز,خالد القحطاني,القصيم,فيزا,تم التسليم,2,104,0,20,124,16.17,107.83,24,24.0,3.1,56.73
103422,2026-07-31,قلوريز,عبير العتيبي,جدة,مدى,تم التسليم,1,120,12,20,128,16.7,111.3,34,16.15,1.28,59.87
103421,2026-07-31,قلوريز,منيرة الجهني,الرياض,Apple Pay,تم التسليم,3,125,0,20,145,18.91,126.09,29,17.92,2.9,76.27
103420,2026-07-31,قلوريز,سارة الشهري,الدمام,فيزا,تم التسليم,3,137,14,20,143,18.65,124.35,31,14.82,3.58,74.95
103419,2026-07-31,قلوريز,رهف البقمي,جدة,فيزا,تم التسليم,1,49,0,20,69,9.0,60.0,11,19.0,1.73,28.27
103418,2026-07-31,قلوريز,بندر الدوسري,أبها,فيزا,تم التسليم,5,251,0,0,251,32.74,218.26,59,26.88,6.28,126.11
103417,2026-07-31,قلوريز,فهد العنزي,الرياض,Apple Pay,تم التسليم,1,59,12,20,67,8.74,58.26,14,16.0,1.34,26.92
103416,2026-07-31,قلوريز,راكان المالكي,الرياض,مدى,تم التسليم,1,55,0,20,75,9.78,65.22,13,16.0,0.75,35.47
103415,2026-07-31,قلوريز,سلطان الحربي,الخبر,فيزا,تم التسليم,1,49,0,20,69,9.0,60.0,11,21.28,1.73,25.99
103414,2026-07-31,قلوريز,نورة الرشيدي,الرياض,مدى,تم التسليم,2,108,0,20,128,16.7,111.3,25,13.6,1.28,71.42
103413,2026-07-31,قلوريز,محمد الشمري,الرياض,تمارا,تم التسليم,2,169,0,0,169,22.04,146.96,45,16.0,10.99,74.97
103412,2026-07-31,قلوريز,هند الزهراني,الخبر,Apple Pay,تم التسليم,1,49,0,20,69,9.0,60.0,11,14.82,1.38,32.8
103411,2026-07-31,قلوريز,تركي العنزي,جدة,تمارا,تم التسليم,1,49,7,20,62,8.09,53.91,11,16.15,4.03,22.73
103410,2026-07-31,قلوريز,نايف الزهراني,المدينة,Apple Pay,تم التسليم,1,39,0,20,59,7.7,51.3,9,16.38,1.18,24.74
103409,2026-07-31,قلوريز,شهد السالم,أبها,Apple Pay,تم التسليم,3,105,0,20,125,16.3,108.7,24,24.0,2.5,58.2
103408,2026-07-31,قلوريز,ماجد الدوسري,الرياض,Apple Pay,تم التسليم,2,94,0,20,114,14.87,99.13,22,17.92,2.28,56.93
103407,2026-07-31,قلوريز,هند المطيري,المدينة,تمارا,تم التسليم,1,39,8,20,51,6.65,44.35,9,21.0,3.31,11.03
103406,2026-07-31,قلوريز,خالد الرشيدي,مكة,فيزا,تم التسليم,5,265,0,0,265,34.57,230.43,61,23.52,6.62,139.29
103405,2026-07-31,قلوريز,ريم السالم,الرياض,مدى,تم التسليم,2,240,36,0,204,26.61,177.39,68,16.0,2.04,91.35
103404,2026-07-31,قلوريز,رهف الزهراني,الرياض,Apple Pay,تم التسليم,1,55,0,20,75,9.78,65.22,13,16.0,1.5,34.72
103403,2026-07-31,قلوريز,سارة المالكي,الرياض,مدى,تم التسليم,1,59,0,20,79,10.3,68.7,14,16.0,0.79,37.91
103402,2026-07-31,سموذ,رهف الرشيدي,جدة,مدى,تم التسليم,2,378,38,0,340,44.35,295.65,124,14.82,3.4,153.43
103401,2026-07-31,سموذ,رهف الغامدي,جدة,Apple Pay,تم التسليم,1,189,0,25,214,27.91,186.09,62,19.0,4.28,100.81
103400,2026-07-31,سموذ,محمد الشمري,أبها,Apple Pay,تم التسليم,3,360,0,0,360,46.96,313.04,123,18.72,7.2,164.12
103399,2026-07-31,سموذ,نورة الحربي,الرياض,الدفع عند الاستلام,تم التسليم,1,75,0,25,100,13.04,86.96,22,12.48,12.0,40.48
103398,2026-07-31,سموذ,شهد العتيبي,الرياض,فيزا,تم التسليم,1,189,0,25,214,27.91,186.09,62,13.6,5.35,105.14
103397,2026-07-31,سموذ,سارة الغامدي,أبها,Apple Pay,تم التسليم,3,360,0,0,360,46.96,313.04,119,24.0,7.2,162.84
103396,2026-07-31,سموذ,محمد المالكي,المدينة,مدى,تم التسليم,2,290,0,0,290,37.83,252.17,96,23.52,2.9,129.75
103395,2026-07-31,سموذ,بندر السالم,القصيم,Apple Pay,تم التسليم,1,145,0,25,170,22.17,147.83,48,24.0,3.4,72.43
103394,2026-07-31,سموذ,دانة السبيعي,الرياض,فيزا,تم التسليم,1,75,8,25,92,12.0,80.0,22,16.0,2.3,39.7
103393,2026-07-31,سموذ,جود السالم,أبها,تمارا,تم التسليم,3,394,39,0,355,46.3,308.7,129,26.88,23.07,129.74
103392,2026-07-31,سموذ,هند الرشيدي,جدة,Apple Pay,تم التسليم,1,85,8,25,102,13.3,88.7,26,14.82,2.04,45.84
103391,2026-07-31,سموذ,منيرة الحربي,القصيم,تمارا,تم التسليم,2,334,50,0,284,37.04,246.96,110,24.0,18.46,94.5
103390,2026-07-31,سموذ,شهد السبيعي,الدمام,مدى,تم التسليم,2,170,34,25,161,21.0,140.0,52,14.82,1.61,71.57
103389,2026-07-31,سموذ,بندر المطيري,الرياض,مدى,تم التسليم,3,385,0,0,385,50.22,334.78,126,17.92,3.85,187.01
103388,2026-07-31,سموذ,دانة المالكي,مكة,تمارا,تم التسليم,2,170,0,25,195,25.43,169.57,52,16.38,12.68,88.51
103387,2026-07-31,سموذ,فهد المالكي,الرياض,مدى,تم التسليم,4,555,0,0,555,72.39,482.61,185,16.0,5.55,276.06
103386,2026-07-31,سموذ,دانة الرشيدي,جدة,تمارا,تم التسليم,2,230,0,25,255,33.26,221.74,74,19.0,16.57,112.16
103385,2026-07-31,سموذ,سلطان الزهراني,الدمام,مدى,تم التسليم,1,95,0,25,120,15.65,104.35,30,14.82,1.2,58.33
103384,2026-07-30,قلوريز,بندر العنزي,الرياض,تمارا,تم التسليم,2,98,0,20,118,15.39,102.61,22,17.92,7.67,55.02
103383,2026-07-30,قلوريز,جود العتيبي,مكة,Apple Pay,تم التسليم,2,110,0,20,130,16.96,113.04,26,16.38,2.6,68.06
103382,2026-07-30,قلوريز,رهف المالكي,الرياض,مدى,تم التسليم,1,39,0,20,59,7.7,51.3,9,17.92,0.59,23.79
103381,2026-07-30,قلوريز,سلطان الدوسري,جدة,الدفع عند الاستلام,تم التسليم,3,149,0,20,169,22.04,146.96,35,21.28,12.0,78.68
103380,2026-07-30,قلوريز,جود الرشيدي,الرياض,الدفع عند الاستلام,تم التسليم,2,90,0,20,110,14.35,95.65,21,16.0,12.0,46.65
103379,2026-07-30,قلوريز,خالد الحربي,جدة,Apple Pay,تم التسليم,1,49,7,20,62,8.09,53.91,11,16.15,1.24,25.52
103378,2026-07-30,قلوريز,أمل الرشيدي,مكة,تمارا,تم التسليم,1,49,10,20,59,7.7,51.3,11,21.0,3.83,15.47
103377,2026-07-30,قلوريز,نايف العتيبي,جدة,Apple Pay,تم التسليم,2,110,0,20,130,16.96,113.04,26,21.28,2.6,63.16
103376,2026-07-30,قلوريز,دانة البقمي,مكة,مدى,ملغي,1,39,4,20,55,0,0,0,0,0,0
103375,2026-07-30,قلوريز,منيرة الجهني,مكة,مدى,تم التسليم,1,35,0,20,55,7.17,47.83,8,17.85,0.55,21.43
103374,2026-07-30,قلوريز,لمى الرشيدي,الرياض,Apple Pay,تم التسليم,2,98,0,20,118,15.39,102.61,23,16.0,2.36,61.25
103373,2026-07-30,قلوريز,هند القحطاني,الرياض,فيزا,تم التسليم,2,114,17,20,117,15.26,101.74,27,13.6,2.93,58.21
103372,2026-07-30,قلوريز,دانة المالكي,جدة,Apple Pay,تم التسليم,3,169,0,0,169,22.04,146.96,40,19.0,3.38,84.58
103371,2026-07-30,قلوريز,دانة المالكي,الرياض,الدفع عند الاستلام,تم التسليم,5,197,0,0,197,25.7,171.3,45,13.6,12.0,100.7
103370,2026-07-30,قلوريز,غادة المالكي,المدينة,الدفع عند الاستلام,تم التسليم,1,35,4,20,51,6.65,44.35,8,21.0,12.0,3.35
103369,2026-07-30,قلوريز,تركي السالم,جدة,مدى,تم التسليم,6,332,50,0,282,36.78,245.22,78,21.28,2.82,143.12
103368,2026-07-30,قلوريز,بندر الجهني,الرياض,مدى,تم التسليم,4,184,0,0,184,24.0,160.0,43,16.0,1.84,99.16
103367,2026-07-30,قلوريز,لمى السالم,الرياض,مدى,تم التسليم,2,155,31,20,144,18.78,125.22,42,12.48,1.44,69.3
103366,2026-07-30,قلوريز,نايف الرشيدي,مكة,فيزا,تم التسليم,5,324,32,0,292,38.09,253.91,82,16.38,7.3,148.23
103365,2026-07-30,قلوريز,ماجد الرشيدي,أبها,Apple Pay,تم التسليم,5,227,0,0,227,29.61,197.39,53,26.88,4.54,112.97
103364,2026-07-30,قلوريز,راكان السبيعي,الرياض,مدى,تم التسليم,2,155,0,0,155,20.22,134.78,42,16.0,1.55,75.23
103363,2026-07-30,قلوريز,عبدالله الرشيدي,جدة,Apple Pay,تم التسليم,3,129,0,20,149,19.43,129.57,30,14.82,2.98,81.77
103362,2026-07-30,قلوريز,رهف القحطاني,الدمام,مدى,تم التسليم,3,214,0,0,214,27.91,186.09,56,21.28,2.14,106.67
103361,2026-07-30,قلوريز,راكان الزهراني,الرياض,مدى,تم التسليم,1,39,0,20,59,7.7,51.3,9,16.0,0.59,25.71
103360,2026-07-30,قلوريز,شهد المطيري,الرياض,Apple Pay,تم التسليم,3,139,21,20,138,18.0,120.0,32,13.6,2.76,71.64
103359,2026-07-30,قلوريز,منيرة الجهني,الرياض,Apple Pay,تم التسليم,1,39,0,20,59,7.7,51.3,9,17.92,1.18,23.2
103358,2026-07-30,قلوريز,ريم القحطاني,جدة,فيزا,تم التسليم,3,133,0,20,153,19.96,133.04,31,16.15,3.83,82.07
103357,2026-07-30,سموذ,ريم الجهني,مكة,مدى,تم التسليم,5,757,0,0,757,98.74,658.26,246,21.0,7.57,383.69
103356,2026-07-30,سموذ,راكان السالم,جدة,فيزا,تم التسليم,2,378,0,0,378,49.3,328.7,124,19.0,9.45,176.25
103355,2026-07-30,سموذ,أمل الشمري,الدمام,الدفع عند الاستلام,تم التسليم,1,145,22,25,148,19.3,128.7,48,14.82,12.0,53.88
103354,2026-07-30,سموذ,عبير العتيبي,الرياض,Apple Pay,تم التسليم,2,290,0,0,290,37.83,252.17,96,16.0,5.8,134.37
103353,2026-07-30,سموذ,ماجد الرشيدي,مكة,تمارا,تم التسليم,1,145,0,25,170,22.17,147.83,48,17.85,11.05,70.93
103352,2026-07-30,سموذ,ياسر الرشيدي,الخبر,مدى,ملغي,1,145,0,25,170,0,0,0,0,0,0
103351,2026-07-30,سموذ,ماجد الحربي,الرياض,تمارا,تم التسليم,4,390,0,0,390,50.87,339.13,126,17.92,25.35,169.86
103350,2026-07-30,سموذ,محمد الحربي,الرياض,الدفع عند الاستلام,ملغي,3,310,0,0,310,0,0,0,0,0,0
103349,2026-07-30,سموذ,نايف الشهري,أبها,Apple Pay,تم التسليم,1,189,0,25,214,27.91,186.09,62,24.0,4.28,95.81
103348,2026-07-30,سموذ,أمل البقمي,الدمام,فيزا,تم التسليم,5,625,0,0,625,81.52,543.48,204,14.82,15.62,309.03
103347,2026-07-30,سموذ,نورة المالكي,جدة,Apple Pay,تم التسليم,2,290,0,0,290,37.83,252.17,96,21.28,5.8,129.09
103346,2026-07-30,سموذ,منيرة الجهني,الرياض,Apple Pay,تم التسليم,2,150,22,25,153,19.96,133.04,44,16.0,3.06,69.98
103345,2026-07-30,سموذ,ماجد الحربي,أبها,فيزا,تم التسليم,2,265,0,0,265,34.57,230.43,89,26.88,6.62,107.93
103344,2026-07-30,سموذ,غادة الحربي,جدة,تمارا,تم التسليم,3,295,0,0,295,38.48,256.52,92,19.0,19.18,126.35
103343,2026-07-29,قلوريز,ماجد الجهني,مكة,مدى,تم التسليم,2,175,0,0,175,22.83,152.17,47,17.85,1.75,85.57
103342,2026-07-29,قلوريز,ياسر المالكي,القصيم,الدفع عند الاستلام,تم التسليم,1,59,0,20,79,10.3,68.7,14,24.0,12.0,18.7
103341,2026-07-29,قلوريز,ياسر الدوسري,مكة,Apple Pay,تم التسليم,1,39,0,20,59,7.7,51.3,9,17.85,1.18,23.27
103340,2026-07-29,قلوريز,هند الشمري,الرياض,الدفع عند الاستلام,تم التسليم,2,169,0,0,169,22.04,146.96,45,16.0,12.0,73.96
103339,2026-07-29,قلوريز,ريم الدوسري,الرياض,فيزا,تم التسليم,1,49,0,20,69,9.0,60.0,11,16.0,1.73,31.27
103338,2026-07-29,قلوريز,ريم القحطاني,مكة,فيزا,تم التسليم,2,118,0,20,138,18.0,120.0,28,16.38,3.45,72.17
103337,2026-07-29,قلوريز,منيرة العتيبي,جدة,Apple Pay,تم التسليم,1,59,0,20,79,10.3,68.7,14,14.82,1.58,38.3
103336,2026-07-29,قلوريز,أمل المطيري,جدة,مدى,تم التسليم,2,98,15,20,103,13.43,89.57,22,19.0,1.03,47.54
103335,2026-07-29,قلوريز,سارة السالم,الخبر,Apple Pay,تم التسليم,3,299,60,0,239,31.17,207.83,82,19.0,4.78,102.05
103334,2026-07-29,قلوريز,سارة الرشيدي,جدة,تمارا,تم التسليم,1,35,0,20,55,7.17,47.83,8,21.28,3.58,14.97
103333,2026-07-29,قلوريز,لمى القحطاني,مكة,Apple Pay,تم التسليم,3,194,0,0,194,25.3,168.7,51,21.0,3.88,92.82
103332,2026-07-29,قلوريز,أمل الزهراني,الرياض,مدى,تم التسليم,2,159,0,0,159,20.74,138.26,43,16.0,1.59,77.67
103331,2026-07-29,قلوريز,عبير البقمي,الخبر,Apple Pay,تم التسليم,3,218,0,0,218,28.43,189.57,57,16.15,4.36,112.06
103330,2026-07-29,قلوريز,هند المطيري,الخبر,مدى,تم التسليم,5,243,0,0,243,31.7,211.3,56,14.82,2.43,138.05
103329,2026-07-29,قلوريز,سارة الزهراني,جدة,مدى,تم التسليم,3,153,0,0,153,19.96,133.04,36,19.0,1.53,76.51
103328,2026-07-29,قلوريز,غادة الدوسري,الرياض,فيزا,تم التسليم,2,94,0,20,114,14.87,99.13,22,12.48,2.85,61.8
103327,2026-07-29,قلوريز,أمل السبيعي,جدة,Apple Pay,تم التسليم,1,120,18,20,122,15.91,106.09,34,14.82,2.44,54.83
103326,2026-07-29,قلوريز,دانة الغامدي,الرياض,الدفع عند الاستلام,تم التسليم,2,88,13,20,95,12.39,82.61,20,13.6,12.0,37.01
103325,2026-07-29,قلوريز,عبير الحربي,الرياض,Apple Pay,تم التسليم,4,233,0,0,233,30.39,202.61,60,12.48,4.66,125.47
103324,2026-07-29,قلوريز,سارة المالكي,الرياض,Apple Pay,تم التسليم,3,169,0,0,169,22.04,146.96,40,13.6,3.38,89.98
103323,2026-07-29,قلوريز,شهد المطيري,الرياض,مدى,تم التسليم,5,405,0,0,405,52.83,352.17,107,17.92,4.05,223.2
103322,2026-07-29,قلوريز,غادة البقمي,الرياض,الدفع عند الاستلام,تم التسليم,3,143,21,20,142,18.52,123.48,33,13.6,12.0,64.88
103321,2026-07-29,سموذ,جود الشهري,جدة,فيزا,تم التسليم,1,145,0,25,170,22.17,147.83,48,21.28,4.25,74.3
103320,2026-07-29,سموذ,ماجد الرشيدي,مكة,مدى,تم التسليم,4,420,84,0,336,43.83,292.17,134,23.52,3.36,131.29
103319,2026-07-29,سموذ,رهف الشمري,الدمام,مدى,تم التسليم,2,180,0,25,205,26.74,178.26,56,14.82,2.05,105.39
103318,2026-07-29,سموذ,تركي الزهراني,جدة,فيزا,تم التسليم,1,75,0,25,100,13.04,86.96,22,14.82,2.5,47.64
103317,2026-07-29,سموذ,نورة الدوسري,الخبر,تمارا,تم التسليم,2,290,58,25,257,33.52,223.48,96,19.0,16.71,91.77
103316,2026-07-29,سموذ,سارة الشمري,جدة,Apple Pay,تم التسليم,4,712,0,0,712,92.87,619.13,234,19.0,14.24,351.89
103315,2026-07-29,سموذ,دانة الحربي,مكة,مدى,تم التسليم,3,285,0,0,285,37.17,247.83,90,17.85,2.85,137.13
103314,2026-07-29,سموذ,خالد الرشيدي,أبها,فيزا,تم التسليم,3,350,0,0,350,45.65,304.35,115,20.4,8.75,160.2
103313,2026-07-29,سموذ,ماجد القحطاني,جدة,مدى,تم التسليم,1,95,0,25,120,15.65,104.35,30,16.15,1.2,57.0
103312,2026-07-29,سموذ,بندر الشمري,المدينة,مدى,تم التسليم,2,240,0,25,265,34.57,230.43,78,23.52,2.65,126.26
103311,2026-07-29,سموذ,دانة المطيري,جدة,مدى,تم التسليم,3,435,0,0,435,56.74,378.26,144,19.0,4.35,210.91
103310,2026-07-29,سموذ,محمد الرشيدي,الدمام,مدى,تم التسليم,1,95,0,25,120,15.65,104.35,30,19.0,1.2,54.15
103309,2026-07-29,سموذ,أمل المالكي,جدة,تمارا,تم التسليم,4,528,0,0,528,68.87,459.13,168,19.0,34.32,237.81
103308,2026-07-29,سموذ,لمى الدوسري,الدمام,Apple Pay,تم التسليم,5,525,52,0,473,61.7,411.3,172,19.0,9.46,210.84
103307,2026-07-28,قلوريز,غادة السبيعي,الرياض,مدى,تم التسليم,2,94,0,20,114,14.87,99.13,22,17.92,1.14,58.07
103306,2026-07-28,قلوريز,عبير العتيبي,جدة,مدى,تم التسليم,3,234,0,0,234,30.52,203.48,61,19.0,2.34,121.14
103305,2026-07-28,قلوريز,دانة الغامدي,الرياض,الدفع عند الاستلام,تم التسليم,3,147,0,20,167,21.78,145.22,33,16.0,12.0,84.22
103304,2026-07-28,قلوريز,هند السالم,جدة,مدى,تم التسليم,2,70,0,20,90,11.74,78.26,16,19.0,0.9,42.36
103303,2026-07-28,قلوريز,رهف الشمري,أبها,الدفع عند الاستلام,تم التسليم,2,159,32,20,147,19.17,127.83,43,26.88,12.0,45.95
103302,2026-07-28,قلوريز,أمل المطيري,جدة,تمارا,تم التسليم,1,59,0,20,79,10.3,68.7,14,19.0,5.13,30.56
103301,2026-07-28,قلوريز,رهف السبيعي,الرياض,مدى,ملغي,1,49,0,20,69,0,0,0,0,0,0
103300,2026-07-28,قلوريز,شهد العتيبي,الرياض,Apple Pay,تم التسليم,2,240,0,0,240,31.3,208.7,68,17.92,4.8,117.98
103299,2026-07-28,قلوريز,بندر القحطاني,مكة,الدفع عند الاستلام,تم التسليم,3,279,0,0,279,36.39,242.61,77,21.0,12.0,132.61
103298,2026-07-28,قلوريز,سارة الزهراني,جدة,Apple Pay,تم التسليم,3,198,0,0,198,25.83,172.17,52,21.28,3.96,94.93
103297,2026-07-28,قلوريز,محمد الدوسري,الرياض,مدى,تم التسليم,1,39,0,20,59,7.7,51.3,9,13.6,0.59,28.11
103296,2026-07-28,قلوريز,بندر السالم,المدينة,Apple Pay,تم التسليم,3,360,0,0,360,46.96,313.04,102,23.52,7.2,180.32
103295,2026-07-28,قلوريز,راكان الدوسري,القصيم,مدى,تم التسليم,3,169,0,0,169,22.04,146.96,40,24.0,1.69,81.27
103294,2026-07-28,قلوريز,بندر الغامدي,القصيم,مدى,تم التسليم,1,49,0,20,69,9.0,60.0,11,20.4,0.69,27.91
103293,2026-07-28,قلوريز,سلطان القحطاني,جدة,Apple Pay,تم التسليم,1,59,0,20,79,10.3,68.7,14,19.0,1.58,34.12
103292,2026-07-28,قلوريز,غادة الغامدي,الرياض,الدفع عند الاستلام,تم التسليم,5,397,0,0,397,51.78,345.22,105,13.6,12.0,214.62
103291,2026-07-28,قلوريز,منيرة العنزي,الرياض,Apple Pay,تم التسليم,3,214,32,0,182,23.74,158.26,56,16.0,3.64,82.62
103290,2026-07-28,قلوريز,بندر العنزي,الرياض,مدى,تم التسليم,2,175,0,0,175,22.83,152.17,47,13.6,1.75,89.82
103289,2026-07-28,قلوريز,غادة الزهراني,جدة,فيزا,تم التسليم,2,110,0,20,130,16.96,113.04,26,21.28,3.25,62.51
103288,2026-07-28,قلوريز,راكان الدوسري,جدة,تمارا,تم التسليم,1,35,0,20,55,7.17,47.83,8,14.82,3.58,21.43
103287,2026-07-28,قلوريز,خالد الحربي,الرياض,مدى,تم التسليم,4,232,0,0,232,30.26,201.74,55,16.0,2.32,128.42
103286,2026-07-28,سموذ,هند السالم,جدة,Apple Pay,تم التسليم,1,145,14,25,156,20.35,135.65,48,21.28,3.12,63.25
103285,2026-07-28,سموذ,عبير العنزي,المدينة,مدى,تم التسليم,3,335,0,0,335,43.7,291.3,112,16.38,3.35,159.57
103284,2026-07-28,سموذ,عبير الزهراني,القصيم,فيزا,تم التسليم,3,365,36,0,329,42.91,286.09,118,24.0,8.22,135.86
103283,2026-07-28,سموذ,نايف الغامدي,أبها,فيزا,تم التسليم,1,95,0,25,120,15.65,104.35,30,26.88,3.0,44.47
103282,2026-07-28,سموذ,خالد العتيبي,الرياض,فيزا,تم التسليم,2,160,0,25,185,24.13,160.87,48,17.92,4.62,90.32
103281,2026-07-28,سموذ,رهف السالم,أبها,Apple Pay,ملغي,2,240,0,25,265,0,0,0,0,0,0
103280,2026-07-28,سموذ,نورة العنزي,الرياض,تمارا,تم التسليم,3,350,0,0,350,45.65,304.35,115,16.0,22.75,150.6
103279,2026-07-28,سموذ,محمد المالكي,الرياض,مدى,تم التسليم,1,85,0,25,110,14.35,95.65,26,16.0,1.1,52.55
103278,2026-07-28,سموذ,ريم المالكي,أبها,الدفع عند الاستلام,تم التسليم,1,85,0,25,110,14.35,95.65,26,20.4,12.0,37.25
103277,2026-07-28,سموذ,بندر الشمري,القصيم,مدى,تم التسليم,5,603,90,0,513,66.91,446.09,190,20.4,5.13,230.56
103276,2026-07-28,سموذ,رهف الرشيدي,الخبر,مدى,تم التسليم,3,255,0,0,255,33.26,221.74,78,19.0,2.55,122.19
103275,2026-07-28,سموذ,نايف السالم,جدة,مدى,تم التسليم,1,145,14,25,156,20.35,135.65,48,19.0,1.56,67.09
103274,2026-07-28,سموذ,سارة الرشيدي,الخبر,مدى,تم التسليم,2,170,17,25,178,23.22,154.78,52,21.28,1.78,79.72
103273,2026-07-27,قلوريز,راكان العتيبي,مكة,تمارا,تم التسليم,4,334,0,0,334,43.57,290.43,90,17.85,21.71,160.87
103272,2026-07-27,قلوريز,دانة الجهني,تبوك,فيزا,تم التسليم,3,147,0,20,167,21.78,145.22,34,26.88,4.17,80.16
103271,2026-07-27,قلوريز,أمل الشمري,جدة,تمارا,تم التسليم,1,59,0,20,79,10.3,68.7,14,19.0,5.13,30.56
103270,2026-07-27,قلوريز,لمى المالكي,الرياض,Apple Pay,تم التسليم,2,90,0,20,110,14.35,95.65,21,17.92,2.2,54.53
103269,2026-07-27,قلوريز,دانة الدوسري,أبها,مدى,تم التسليم,2,110,22,20,108,14.09,93.91,26,26.88,1.08,39.95
103268,2026-07-27,قلوريز,عبدالله السبيعي,الرياض,Apple Pay,تم التسليم,3,153,0,0,153,19.96,133.04,36,16.0,3.06,77.98
103267,2026-07-27,قلوريز,هند السبيعي,أبها,Apple Pay,تم التسليم,2,88,0,20,108,14.09,93.91,20,24.0,2.16,47.75
103266,2026-07-27,قلوريز,خالد الشمري,مكة,مدى,تم التسليم,2,110,0,20,130,16.96,113.04,26,17.85,1.3,67.89
103265,2026-07-27,قلوريز,ياسر السبيعي,الدمام,تمارا,تم التسليم,3,228,0,0,228,29.74,198.26,59,16.15,14.82,108.29
103264,2026-07-27,قلوريز,ماجد القحطاني,الرياض,Apple Pay,تم التسليم,1,59,0,20,79,10.3,68.7,14,13.6,1.58,39.52
103263,2026-07-27,قلوريز,عبدالله الزهراني,جدة,مدى,تم التسليم,1,39,0,20,59,7.7,51.3,9,21.28,0.59,20.43
103262,2026-07-27,قلوريز,بندر الدوسري,الرياض,Apple Pay,تم التسليم,3,214,0,0,214,27.91,186.09,56,16.0,4.28,109.81
103261,2026-07-27,قلوريز,جود الجهني,الرياض,مدى,تم التسليم,1,120,0,20,140,18.26,121.74,34,16.0,1.4,70.34
103260,2026-07-27,قلوريز,جود الشمري,الرياض,مدى,تم التسليم,1,120,18,20,122,15.91,106.09,34,17.92,1.22,52.95
103259,2026-07-27,قلوريز,سلطان الغامدي,جدة,Apple Pay,تم التسليم,3,194,0,0,194,25.3,168.7,51,16.15,3.88,97.67
103258,2026-07-27,قلوريز,بندر السالم,جدة,Apple Pay,تم التسليم,1,120,24,20,116,15.13,100.87,34,19.0,2.32,45.55
103257,2026-07-27,قلوريز,ياسر الشمري,الرياض,مدى,تم التسليم,1,59,9,20,70,9.13,60.87,14,17.92,0.7,28.25
103256,2026-07-27,قلوريز,تركي العنزي,جدة,Apple Pay,تم التسليم,2,179,0,0,179,23.35,155.65,48,16.15,3.58,87.92
103255,2026-07-27,سموذ,هند الشمري,الرياض,مدى,تم التسليم,3,255,0,0,255,33.26,221.74,78,12.48,2.55,128.71
103254,2026-07-27,سموذ,فهد الشمري,الرياض,مدى,تم التسليم,3,479,0,0,479,62.48,416.52,158,13.6,4.79,240.13
103253,2026-07-27,سموذ,فهد المالكي,مكة,فيزا,تم التسليم,1,189,0,25,214,27.91,186.09,62,21.0,5.35,97.74
103252,2026-07-27,سموذ,أمل العنزي,الدمام,Apple Pay,تم التسليم,1,95,14,25,106,13.83,92.17,30,14.82,2.12,45.23
103251,2026-07-27,سموذ,خالد المطيري,الرياض,تمارا,تم التسليم,1,95,0,25,120,15.65,104.35,30,16.0,7.8,50.55
103250,2026-07-27,سموذ,تركي الشمري,المدينة,فيزا,تم التسليم,2,190,0,25,215,28.04,186.96,60,23.52,5.38,98.06
103249,2026-07-27,سموذ,تركي القحطاني,الرياض,Apple Pay,تم التسليم,3,295,59,25,261,34.04,226.96,92,13.6,5.22,116.14
103248,2026-07-27,سموذ,رهف القحطاني,الرياض,فيزا,تم التسليم,2,378,0,0,378,49.3,328.7,124,16.0,9.45,179.25
103247,2026-07-27,سموذ,عبدالله العنزي,جدة,Apple Pay,تم التسليم,2,205,0,25,230,30.0,200.0,67,16.15,4.6,112.25
103246,2026-07-27,سموذ,سلطان السبيعي,المدينة,تمارا,تم التسليم,5,580,0,0,580,75.65,504.35,193,21.0,37.7,252.65
103245,2026-07-27,سموذ,دانة الشهري,الخبر,مدى,تم التسليم,3,235,24,25,236,30.78,205.22,70,14.82,2.36,118.04
103244,2026-07-27,سموذ,محمد المطيري,الرياض,مدى,تم التسليم,1,95,0,25,120,15.65,104.35,30,13.6,1.2,59.55
103243,2026-07-27,سموذ,أمل السالم,الرياض,مدى,ملغي,1,189,0,25,214,0,0,0,0,0,0
103242,2026-07-27,سموذ,ماجد البقمي,الرياض,الدفع عند الاستلام,تم التسليم,3,385,0,0,385,50.22,334.78,130,13.6,12.0,179.18
103241,2026-07-26,قلوريز,دانة الغامدي,الرياض,الدفع عند الاستلام,تم التسليم,3,299,0,0,299,39.0,260.0,82,16.0,12.0,150.0
103240,2026-07-26,قلوريز,لمى القحطاني,جدة,Apple Pay,تم التسليم,1,59,0,20,79,10.3,68.7,14,21.28,1.58,31.84
103239,2026-07-26,قلوريز,لمى السبيعي,جدة,فيزا,تم التسليم,1,55,0,20,75,9.78,65.22,13,19.0,1.88,31.34
103238,2026-07-26,قلوريز,تركي الشهري,المدينة,مدى,تم التسليم,2,74,0,20,94,12.26,81.74,17,21.0,0.94,42.8
103237,2026-07-26,قلوريز,ماجد الرشيدي,أبها,Apple Pay,تم التسليم,4,350,0,0,350,45.65,304.35,94,18.72,7.0,184.63
103236,2026-07-26,قلوريز,عبدالله العتيبي,الدمام,الدفع عند الاستلام,تم التسليم,3,289,0,0,289,37.7,251.3,79,21.28,12.0,139.02
103235,2026-07-26,قلوريز,لمى الشمري,الرياض,مدى,تم التسليم,3,137,0,20,157,20.48,136.52,32,17.92,1.57,85.03
103234,2026-07-26,قلوريز,خالد البقمي,الدمام,فيزا,تم التسليم,3,147,0,20,167,21.78,145.22,33,16.15,4.17,91.89
103233,2026-07-26,قلوريز,لمى الجهني,المدينة,مدى,تم التسليم,2,98,0,20,118,15.39,102.61,22,17.85,1.18,61.58
103232,2026-07-26,قلوريز,نورة السبيعي,جدة,الدفع عند الاستلام,ملغي,1,59,0,20,79,0,0,0,0,0,0
103231,2026-07-26,قلوريز,خالد الحربي,الدمام,فيزا,تم التسليم,3,238,24,0,214,27.91,186.09,62,19.0,5.35,99.74
103230,2026-07-26,قلوريز,ياسر السبيعي,الرياض,الدفع عند الاستلام,ملغي,1,59,0,20,79,0,0,0,0,0,0
103229,2026-07-26,قلوريز,نورة الغامدي,الدمام,Apple Pay,تم التسليم,1,49,0,20,69,9.0,60.0,11,19.0,1.38,28.62
103228,2026-07-26,قلوريز,نورة القحطاني,الرياض,مدى,تم التسليم,2,179,27,0,152,19.83,132.17,48,16.0,1.52,66.65
103227,2026-07-26,قلوريز,ياسر القحطاني,جدة,مدى,تم التسليم,1,49,7,20,62,8.09,53.91,11,14.82,0.62,27.47
103226,2026-07-26,قلوريز,محمد المالكي,الرياض,تمارا,تم التسليم,3,238,24,0,214,27.91,186.09,62,16.0,13.91,94.18
103225,2026-07-26,قلوريز,لمى الشمري,الرياض,تمارا,تم التسليم,2,110,0,20,130,16.96,113.04,26,13.6,8.45,64.99
103224,2026-07-26,قلوريز,أمل الدوسري,القصيم,مدى,تم التسليم,2,98,0,20,118,15.39,102.61,23,24.0,1.18,54.43
103223,2026-07-26,سموذ,دانة الدوسري,الخبر,فيزا,تم التسليم,6,490,0,0,490,63.91,426.09,148,16.15,12.25,249.69
103222,2026-07-26,سموذ,أمل السالم,المدينة,فيزا,ملغي,3,290,0,0,290,0,0,0,0,0,0
103221,2026-07-26,سموذ,سلطان الشمري,جدة,الدفع عند الاستلام,تم التسليم,2,265,0,0,265,34.57,230.43,89,19.0,12.0,110.43
103220,2026-07-26,سموذ,بندر السبيعي,جدة,الدفع عند الاستلام,تم التسليم,1,95,10,25,110,14.35,95.65,30,21.28,12.0,32.37
103219,2026-07-26,سموذ,راكان السالم,الرياض,فيزا,تم التسليم,2,240,48,25,217,28.3,188.7,82,13.6,5.43,87.67
103218,2026-07-26,سموذ,ماجد السبيعي,الرياض,Apple Pay,تم التسليم,1,75,0,25,100,13.04,86.96,22,16.0,2.0,46.96
103217,2026-07-26,سموذ,عبير الزهراني,الرياض,تمارا,تم التسليم,4,365,0,0,365,47.61,317.39,115,16.0,23.73,162.67
103216,2026-07-26,سموذ,منيرة الحربي,القصيم,الدفع عند الاستلام,تم التسليم,1,85,0,25,110,14.35,95.65,26,26.88,12.0,30.77
103215,2026-07-26,سموذ,فهد العتيبي,جدة,Apple Pay,تم التسليم,1,75,8,25,92,12.0,80.0,22,19.0,1.84,37.16
103214,2026-07-26,سموذ,منيرة الجهني,جدة,تمارا,تم التسليم,5,624,62,0,562,73.3,488.7,207,21.28,36.53,223.89
103213,2026-07-26,سموذ,خالد السالم,أبها,Apple Pay,تم التسليم,1,85,0,25,110,14.35,95.65,26,20.4,2.2,47.05
103212,2026-07-26,سموذ,بندر السالم,الرياض,الدفع عند الاستلام,ملغي,1,189,38,25,176,0,0,0,0,0,0
103211,2026-07-26,سموذ,أمل الشهري,الدمام,تمارا,تم التسليم,1,189,0,25,214,27.91,186.09,62,19.0,13.91,91.18
103210,2026-07-26,سموذ,نورة السالم,الدمام,مدى,تم التسليم,1,75,0,25,100,13.04,86.96,22,19.0,1.0,44.96
103209,2026-07-25,قلوريز,راكان الشهري,مكة,فيزا,تم التسليم,1,59,0,20,79,10.3,68.7,14,17.85,1.98,34.87
103208,2026-07-25,قلوريز,نايف الدوسري,مكة,Apple Pay,تم التسليم,1,55,6,20,69,9.0,60.0,13,21.0,1.38,24.62
103207,2026-07-25,قلوريز,عبير الحربي,الدمام,Apple Pay,تم التسليم,3,149,0,20,169,22.04,146.96,35,19.0,3.38,89.58
103206,2026-07-25,قلوريز,نايف الدوسري,القصيم,Apple Pay,تم التسليم,3,214,0,0,214,27.91,186.09,56,20.4,4.28,105.41
103205,2026-07-25,قلوريز,رهف الحربي,جدة,مدى,تم التسليم,2,169,25,20,164,21.39,142.61,45,14.82,1.64,81.15
103204,2026-07-25,قلوريز,سارة المالكي,جدة,مدى,تم التسليم,1,35,5,20,50,6.52,43.48,8,16.15,0.5,18.83
103203,2026-07-25,قلوريز,ياسر الشهري,الدمام,مدى,تم التسليم,2,159,0,0,159,20.74,138.26,43,19.0,1.59,74.67
103202,2026-07-25,قلوريز,محمد الغامدي,الرياض,Apple Pay,تم التسليم,1,120,0,20,140,18.26,121.74,34,13.6,2.8,71.34
103201,2026-07-25,قلوريز,تركي الدوسري,جدة,مدى,تم التسليم,1,59,0,20,79,10.3,68.7,14,19.0,0.79,34.91
103200,2026-07-25,قلوريز,غادة المطيري,مكة,تمارا,تم التسليم,3,360,0,0,360,46.96,313.04,102,23.52,23.4,164.12
103199,2026-07-25,قلوريز,بندر المالكي,القصيم,Apple Pay,تم التسليم,1,120,0,20,140,18.26,121.74,34,26.88,2.8,58.06
103198,2026-07-25,قلوريز,ياسر البقمي,الرياض,مدى,تم التسليم,2,90,0,20,110,14.35,95.65,21,16.0,1.1,57.55
103197,2026-07-25,قلوريز,ريم العتيبي,تبوك,مدى,تم التسليم,1,49,0,20,69,9.0,60.0,11,26.88,0.69,21.43
103196,2026-07-25,قلوريز,ماجد القحطاني,جدة,تمارا,تم التسليم,4,202,0,0,202,26.35,175.65,46,19.0,13.13,97.52
103195,2026-07-25,قلوريز,ياسر العنزي,الرياض,الدفع عند الاستلام,تم التسليم,1,35,7,20,48,6.26,41.74,8,13.6,12.0,8.14
103194,2026-07-25,قلوريز,منيرة الغامدي,المدينة,تمارا,تم التسليم,4,358,0,0,358,46.7,311.3,96,17.85,23.27,174.18
103193,2026-07-25,قلوريز,ريم الجهني,تبوك,Apple Pay,تم التسليم,3,133,0,20,153,19.96,133.04,31,20.4,3.06,78.58
103192,2026-07-25,قلوريز,ماجد المطيري,الرياض,فيزا,تم التسليم,1,35,0,20,55,7.17,47.83,8,16.0,1.38,22.45
103191,2026-07-25,قلوريز,ياسر الزهراني,الدمام,تمارا,تم التسليم,2,155,0,0,155,20.22,134.78,42,21.28,10.08,61.43
103190,2026-07-25,سموذ,فهد العتيبي,الخبر,مدى,تم التسليم,2,378,0,0,378,49.3,328.7,124,19.0,3.78,181.92
103189,2026-07-25,سموذ,أمل القحطاني,الخبر,تمارا,تم التسليم,2,220,0,25,245,31.96,213.04,70,16.15,15.93,110.97
103188,2026-07-25,سموذ,راكان الشهري,تبوك,مدى,تم التسليم,3,463,46,0,417,54.39,362.61,150,18.72,4.17,189.72
103187,2026-07-25,سموذ,عبدالله الحربي,المدينة,Apple Pay,تم التسليم,6,600,0,0,600,78.26,521.74,194,21.0,12.0,294.74
103186,2026-07-25,سموذ,ماجد الدوسري,جدة,Apple Pay,تم التسليم,2,284,0,0,284,37.04,246.96,92,19.0,5.68,130.28
103185,2026-07-25,سموذ,عبير الحربي,الرياض,Apple Pay,تم التسليم,1,85,0,25,110,14.35,95.65,26,12.48,2.2,54.97
103184,2026-07-25,سموذ,ياسر البقمي,أبها,مدى,ملغي,1,120,12,25,133,0,0,0,0,0,0
103183,2026-07-25,سموذ,عبير المطيري,الرياض,تمارا,تم التسليم,1,75,15,25,85,11.09,73.91,22,16.0,5.53,30.39
103182,2026-07-25,سموذ,رهف القحطاني,مكة,مدى,تم التسليم,3,255,51,25,229,29.87,199.13,78,21.0,2.29,97.84
103181,2026-07-25,سموذ,شهد الرشيدي,الرياض,تمارا,تم التسليم,3,384,38,0,346,45.13,300.87,125,12.48,22.49,140.9
103180,2026-07-25,سموذ,عبير الزهراني,القصيم,Apple Pay,تم التسليم,3,295,0,0,295,38.48,256.52,92,26.88,5.9,131.74
103179,2026-07-25,سموذ,نايف السبيعي,الدمام,مدى,تم التسليم,1,95,0,25,120,15.65,104.35,30,16.15,1.2,57.0
103178,2026-07-25,سموذ,جود الرشيدي,الرياض,Apple Pay,تم التسليم,1,75,0,25,100,13.04,86.96,22,16.0,2.0,46.96
103177,2026-07-25,سموذ,راكان الرشيدي,تبوك,مدى,تم التسليم,4,454,0,0,454,59.22,394.78,144,20.4,4.54,225.84
103176,2026-07-25,سموذ,سارة السالم,الرياض,Apple Pay,تم التسليم,1,95,0,25,120,15.65,104.35,30,16.0,2.4,55.95
103175,2026-07-25,سموذ,غادة الدوسري,الخبر,Apple Pay,تم التسليم,3,359,36,0,323,42.13,280.87,114,19.0,6.46,141.41
103174,2026-07-24,قلوريز,أمل العنزي,جدة,Apple Pay,تم التسليم,3,147,0,20,167,21.78,145.22,33,19.0,3.34,89.88
103173,2026-07-24,قلوريز,رهف العنزي,الرياض,مدى,تم التسليم,4,222,22,0,200,26.09,173.91,52,17.92,2.0,101.99
103172,2026-07-24,قلوريز,لمى المطيري,الرياض,فيزا,تم التسليم,3,129,0,20,149,19.43,129.57,30,12.48,3.73,83.36
103171,2026-07-24,قلوريز,خالد السالم,الرياض,مدى,تم التسليم,1,120,18,20,122,15.91,106.09,34,13.6,1.22,57.27
103170,2026-07-24,قلوريز,عبير البقمي,الرياض,مدى,تم التسليم,1,55,0,20,75,9.78,65.22,13,17.92,0.75,33.55
103169,2026-07-24,قلوريز,نورة المالكي,جدة,الدفع عند الاستلام,تم التسليم,1,55,0,20,75,9.78,65.22,13,14.82,12.0,25.4
103168,2026-07-24,قلوريز,لمى الدوسري,الرياض,تمارا,تم التسليم,3,123,0,20,143,18.65,124.35,28,12.48,9.29,74.57
103167,2026-07-24,قلوريز,لمى العتيبي,الرياض,مدى,تم التسليم,1,39,6,20,53,6.91,46.09,9,17.92,0.53,18.64
103166,2026-07-24,قلوريز,ياسر الجهني,القصيم,مدى,تم التسليم,1,120,18,20,122,15.91,106.09,34,24.0,1.22,46.87
103165,2026-07-24,قلوريز,محمد المطيري,الخبر,Apple Pay,تم التسليم,2,104,0,20,124,16.17,107.83,24,16.15,2.48,65.2
103164,2026-07-24,قلوريز,فهد الشمري,مكة,فيزا,تم التسليم,1,49,10,20,59,7.7,51.3,11,21.0,1.48,17.83
103163,2026-07-24,قلوريز,ماجد الحربي,أبها,Apple Pay,تم التسليم,1,55,6,20,69,9.0,60.0,13,24.0,1.38,21.62
103162,2026-07-24,قلوريز,منيرة الحربي,مكة,مدى,تم التسليم,3,299,45,0,254,33.13,220.87,82,21.0,2.54,115.33
103161,2026-07-24,قلوريز,رهف الزهراني,القصيم,فيزا,تم التسليم,2,108,0,20,128,16.7,111.3,25,18.72,3.2,64.38
103160,2026-07-24,قلوريز,ياسر الشمري,الرياض,Apple Pay,تم التسليم,2,104,0,20,124,16.17,107.83,24,16.0,2.48,65.35
103159,2026-07-24,قلوريز,عبير الرشيدي,الرياض,Apple Pay,تم التسليم,1,120,0,20,140,18.26,121.74,34,13.6,2.8,71.34
103158,2026-07-24,قلوريز,شهد الرشيدي,مكة,مدى,تم التسليم,1,39,0,20,59,7.7,51.3,9,17.85,0.59,23.86
103157,2026-07-24,قلوريز,لمى السبيعي,مكة,فيزا,ملغي,1,49,0,20,69,0,0,0,0,0,0
103156,2026-07-24,قلوريز,هند الشهري,المدينة,Apple Pay,تم التسليم,1,120,0,20,140,18.26,121.74,34,16.38,2.8,68.56
103155,2026-07-24,قلوريز,لمى العنزي,مكة,Apple Pay,تم التسليم,2,78,8,20,90,11.74,78.26,18,17.85,1.8,40.61
103154,2026-07-24,قلوريز,سلطان الحربي,الخبر,تمارا,تم التسليم,1,35,7,20,48,6.26,41.74,8,16.15,3.12,14.47
103153,2026-07-24,قلوريز,جود الزهراني,القصيم,فيزا,تم التسليم,6,302,0,0,302,39.39,262.61,71,20.4,7.55,163.66
103152,2026-07-24,قلوريز,بندر المالكي,الرياض,الدفع عند الاستلام,تم التسليم,2,175,0,0,175,22.83,152.17,47,16.0,12.0,77.17
103151,2026-07-24,قلوريز,عبدالله الغامدي,جدة,فيزا,تم التسليم,2,94,9,20,105,13.7,91.3,22,19.0,2.62,47.68
103150,2026-07-24,قلوريز,سارة الدوسري,الرياض,تمارا,تم التسليم,5,241,0,0,241,31.43,209.57,55,16.0,15.67,122.9
103149,2026-07-24,قلوريز,محمد المطيري,الدمام,Apple Pay,تم التسليم,2,84,0,20,104,13.57,90.43,19,21.28,2.08,48.07
103148,2026-07-24,سموذ,ياسر القحطاني,المدينة,تمارا,تم التسليم,2,230,0,25,255,33.26,221.74,74,17.85,16.57,113.31
103147,2026-07-24,سموذ,سارة السالم,المدينة,مدى,تم التسليم,3,350,0,0,350,45.65,304.35,115,23.52,3.5,162.33
103146,2026-07-24,سموذ,شهد الشمري,الرياض,مدى,تم التسليم,2,309,0,0,309,40.3,268.7,103,17.92,3.09,144.69
103145,2026-07-24,سموذ,لمى السالم,المدينة,مدى,تم التسليم,1,120,0,25,145,18.91,126.09,41,23.52,1.45,60.12
103144,2026-07-24,سموذ,جود السالم,مكة,فيزا,تم التسليم,1,120,12,25,133,17.35,115.65,41,16.38,3.33,54.95
103143,2026-07-24,سموذ,نورة الرشيدي,الرياض,مدى,تم التسليم,1,120,0,25,145,18.91,126.09,41,16.0,1.45,67.64
103142,2026-07-24,سموذ,ريم العنزي,الرياض,الدفع عند الاستلام,تم التسليم,1,189,0,25,214,27.91,186.09,62,16.0,12.0,96.09
103141,2026-07-24,سموذ,ماجد المطيري,مكة,Apple Pay,تم التسليم,2,170,0,25,195,25.43,169.57,52,16.38,3.9,97.29
103140,2026-07-24,سموذ,نايف الجهني,جدة,Apple Pay,تم التسليم,1,145,0,25,170,22.17,147.83,48,19.0,3.4,77.43
103139,2026-07-24,سموذ,جود الجهني,مكة,Apple Pay,ملغي,3,335,0,0,335,0,0,0,0,0,0
103138,2026-07-24,سموذ,خالد البقمي,الرياض,تمارا,تم التسليم,3,479,0,0,479,62.48,416.52,158,12.48,31.14,214.91
103137,2026-07-24,سموذ,محمد البقمي,الرياض,Apple Pay,تم التسليم,2,264,26,25,263,34.3,228.7,84,16.0,5.26,123.44
103136,2026-07-24,سموذ,فهد الشمري,مكة,مدى,تم التسليم,3,245,0,25,270,35.22,234.78,74,17.85,2.7,140.23
103135,2026-07-24,سموذ,تركي العنزي,الخبر,مدى,تم التسليم,1,145,0,25,170,22.17,147.83,48,14.82,1.7,83.31
103134,2026-07-24,سموذ,سارة الغامدي,مكة,Apple Pay,تم التسليم,1,75,0,25,100,13.04,86.96,22,21.0,2.0,41.96
103133,2026-07-24,سموذ,نايف القحطاني,جدة,مدى,تم التسليم,2,240,24,25,241,31.43,209.57,82,21.28,2.41,103.88
103132,2026-07-24,سموذ,دانة الحربي,مكة,مدى,تم التسليم,3,419,0,0,419,54.65,364.35,136,23.52,4.19,200.64
103131,2026-07-24,سموذ,أمل السالم,الدمام,تمارا,تم التسليم,4,474,47,0,427,55.7,371.3,152,14.82,27.76,176.73
103130,2026-07-24,سموذ,ياسر الشمري,الرياض,الدفع عند الاستلام,ملغي,1,85,0,25,110,0,0,0,0,0,0
103129,2026-07-24,سموذ,سلطان القحطاني,تبوك,Apple Pay,ملغي,1,120,0,25,145,0,0,0,0,0,0
103128,2026-07-24,سموذ,شهد العنزي,جدة,مدى,تم التسليم,4,440,0,0,440,57.39,382.61,140,21.28,4.4,216.93
103127,2026-07-23,قلوريز,سلطان العنزي,الرياض,تمارا,تم التسليم,3,299,45,0,254,33.13,220.87,82,13.6,16.51,108.76
103126,2026-07-23,قلوريز,تركي السالم,القصيم,فيزا,تم التسليم,2,78,0,20,98,12.78,85.22,18,20.4,2.45,44.37
103125,2026-07-23,قلوريز,لمى الشمري,جدة,الدفع عند الاستلام,تم التسليم,3,149,22,20,147,19.17,127.83,35,19.0,12.0,61.83
103124,2026-07-23,قلوريز,راكان البقمي,جدة,مدى,تم التسليم,3,210,0,0,210,27.39,182.61,55,14.82,2.1,110.69
103123,2026-07-23,قلوريز,ريم الشمري,الرياض,الدفع عند الاستلام,تم التسليم,2,155,31,20,144,18.78,125.22,42,16.0,12.0,55.22
103122,2026-07-23,قلوريز,هند الغامدي,أبها,تمارا,تم التسليم,1,120,0,20,140,18.26,121.74,34,24.0,9.1,54.64
103121,2026-07-23,قلوريز,شهد المالكي,الدمام,مدى,تم التسليم,2,110,0,20,130,16.96,113.04,26,19.0,1.3,66.74
103120,2026-07-23,قلوريز,خالد السالم,جدة,مدى,تم التسليم,1,59,0,20,79,10.3,68.7,14,19.0,0.79,34.91
103119,2026-07-23,قلوريز,نورة الشهري,الرياض,تمارا,تم التسليم,1,55,8,20,67,8.74,58.26,13,16.0,4.36,24.91
103118,2026-07-23,قلوريز,دانة البقمي,الرياض,Apple Pay,تم التسليم,1,120,0,20,140,18.26,121.74,34,16.0,2.8,68.94
103117,2026-07-23,قلوريز,رهف المالكي,القصيم,مدى,تم التسليم,1,59,0,20,79,10.3,68.7,14,20.4,0.79,33.51
103116,2026-07-23,قلوريز,راكان الدوسري,جدة,الدفع عند الاستلام,ملغي,1,35,0,20,55,0,0,0,0,0,0
103115,2026-07-23,قلوريز,جود الزهراني,جدة,تمارا,تم التسليم,3,208,42,0,166,21.65,144.35,54,16.15,10.79,63.41
103114,2026-07-23,قلوريز,خالد المطيري,الدمام,تمارا,تم التسليم,1,55,0,20,75,9.78,65.22,13,21.28,4.88,26.06
103113,2026-07-23,قلوريز,غادة القحطاني,الدمام,فيزا,ملغي,2,179,0,0,179,0,0,0,0,0,0
103112,2026-07-23,قلوريز,أمل القحطاني,الدمام,Apple Pay,تم التسليم,3,157,31,20,146,19.04,126.96,37,16.15,2.92,70.89
103111,2026-07-23,قلوريز,نايف الرشيدي,جدة,مدى,تم التسليم,7,467,0,0,467,60.91,406.09,121,16.15,4.67,264.27
103110,2026-07-23,قلوريز,لمى البقمي,جدة,تمارا,تم التسليم,1,55,0,20,75,9.78,65.22,13,16.15,4.88,31.19
103109,2026-07-23,قلوريز,سلطان السالم,جدة,Apple Pay,تم التسليم,3,113,0,20,133,17.35,115.65,26,16.15,2.66,70.84
103108,2026-07-23,قلوريز,ماجد الشمري,أبها,الدفع عند الاستلام,تم التسليم,1,55,0,20,75,9.78,65.22,13,20.4,12.0,19.82
103107,2026-07-23,قلوريز,منيرة القحطاني,الرياض,مدى,تم التسليم,2,70,0,20,90,11.74,78.26,16,16.0,0.9,45.36
103106,2026-07-23,قلوريز,شهد العنزي,جدة,فيزا,تم التسليم,4,338,0,0,338,44.09,293.91,90,14.82,8.45,180.64
103105,2026-07-23,سموذ,سارة السالم,الخبر,مدى,تم التسليم,2,265,0,0,265,34.57,230.43,89,21.28,2.65,117.5
103104,2026-07-23,سموذ,جود القحطاني,مكة,تمارا,تم التسليم,3,295,30,0,265,34.57,230.43,92,21.0,17.23,100.21
103103,2026-07-23,سموذ,أمل العتيبي,الرياض,مدى,تم التسليم,3,567,0,0,567,73.96,493.04,186,16.0,5.67,285.37
103102,2026-07-23,سموذ,سارة المالكي,المدينة,تمارا,تم التسليم,1,189,0,25,214,27.91,186.09,62,21.0,13.91,89.18
103101,2026-07-23,سموذ,بندر الرشيدي,الرياض,فيزا,تم التسليم,2,150,0,25,175,22.83,152.17,44,12.48,4.38,91.32
103100,2026-07-23,سموذ,منيرة الرشيدي,جدة,فيزا,تم التسليم,1,75,0,25,100,13.04,86.96,22,19.0,2.5,43.46
103099,2026-07-23,سموذ,ياسر السالم,الرياض,مدى,تم التسليم,3,335,0,0,335,43.7,291.3,108,17.92,3.35,162.03
103098,2026-07-23,سموذ,هند الشمري,جدة,الدفع عند الاستلام,تم التسليم,1,95,19,25,101,13.17,87.83,30,16.15,12.0,29.68
103097,2026-07-23,سموذ,منيرة المالكي,الدمام,تمارا,تم التسليم,3,255,0,0,255,33.26,221.74,78,16.15,16.57,111.01
103096,2026-07-23,سموذ,نايف السالم,الرياض,مدى,تم التسليم,1,120,24,25,121,15.78,105.22,41,12.48,1.21,50.53
103095,2026-07-23,سموذ,عبير الدوسري,مكة,Apple Pay,تم التسليم,2,205,0,25,230,30.0,200.0,67,21.0,4.6,107.4
103094,2026-07-23,سموذ,تركي الدوسري,مكة,Apple Pay,تم التسليم,1,189,0,25,214,27.91,186.09,62,21.0,4.28,98.81
103093,2026-07-23,سموذ,راكان الزهراني,الرياض,الدفع عند الاستلام,تم التسليم,5,575,0,0,575,75.0,500.0,186,12.48,12.0,289.52
103092,2026-07-23,سموذ,سارة المالكي,المدينة,مدى,تم التسليم,3,385,58,0,327,42.65,284.35,130,16.38,3.27,134.7
103091,2026-07-23,سموذ,ريم الجهني,مكة,فيزا,تم التسليم,2,160,0,25,185,24.13,160.87,48,16.38,4.62,91.86
103090,2026-07-23,سموذ,نورة البقمي,الرياض,الدفع عند الاستلام,تم التسليم,3,255,0,0,255,33.26,221.74,78,17.92,12.0,113.82
103089,2026-07-23,سموذ,تركي العتيبي,أبها,Apple Pay,تم التسليم,1,85,0,25,110,14.35,95.65,26,20.4,2.2,47.05
103088,2026-07-23,سموذ,تركي الجهني,الخبر,مدى,تم التسليم,1,145,0,25,170,22.17,147.83,48,19.0,1.7,79.13
103087,2026-07-23,سموذ,محمد المطيري,الرياض,مدى,تم التسليم,5,535,0,0,535,69.78,465.22,174,13.6,5.35,272.27
103086,2026-07-23,سموذ,تركي المطيري,جدة,فيزا,تم التسليم,3,369,0,0,369,48.13,320.87,118,19.0,9.22,174.64
103085,2026-07-23,سموذ,لمى الشمري,الرياض,مدى,تم التسليم,1,145,22,25,148,19.3,128.7,48,16.0,1.48,63.22
103084,2026-07-22,قلوريز,ماجد الشمري,جدة,Apple Pay,تم التسليم,2,84,0,20,104,13.57,90.43,19,14.82,2.08,54.53
103083,2026-07-22,قلوريز,محمد العتيبي,تبوك,مدى,تم التسليم,1,55,0,20,75,9.78,65.22,13,24.0,0.75,27.47
103082,2026-07-22,قلوريز,تركي الرشيدي,الخبر,مدى,تم التسليم,3,173,0,0,173,22.57,150.43,41,21.28,1.73,86.42
103081,2026-07-22,قلوريز,راكان الغامدي,مكة,فيزا,تم التسليم,5,215,0,0,215,28.04,186.96,50,16.38,5.38,115.2
103080,2026-07-22,قلوريز,عبدالله العتيبي,الدمام,تمارا,تم التسليم,2,94,0,20,114,14.87,99.13,22,19.0,7.41,50.72
103079,2026-07-22,قلوريز,عبير السالم,أبها,تمارا,تم التسليم,2,240,0,0,240,31.3,208.7,68,18.72,15.6,106.38
103078,2026-07-22,قلوريز,هند الشهري,جدة,Apple Pay,ملغي,1,59,0,20,79,0,0,0,0,0,0
103077,2026-07-22,قلوريز,رهف الجهني,المدينة,مدى,تم التسليم,2,155,23,20,152,19.83,132.17,42,17.85,1.52,70.8
103076,2026-07-22,قلوريز,ريم الحربي,القصيم,Apple Pay,تم التسليم,1,35,0,20,55,7.17,47.83,8,26.88,1.1,11.85
103075,2026-07-22,قلوريز,نورة العتيبي,جدة,مدى,تم التسليم,3,299,0,0,299,39.0,260.0,82,21.28,2.99,153.73
103074,2026-07-22,قلوريز,غادة السبيعي,الرياض,مدى,تم التسليم,4,214,32,0,182,23.74,158.26,50,17.92,1.82,88.52
103073,2026-07-22,قلوريز,منيرة المالكي,جدة,مدى,تم التسليم,3,190,28,0,162,21.13,140.87,50,21.28,1.62,67.97
103072,2026-07-22,قلوريز,راكان المطيري,الدمام,Apple Pay,تم التسليم,1,35,5,20,50,6.52,43.48,8,14.82,1.0,19.66
103071,2026-07-22,قلوريز,شهد الرشيدي,القصيم,فيزا,تم التسليم,5,251,0,0,251,32.74,218.26,59,24.0,6.28,128.99
103070,2026-07-22,قلوريز,عبير المالكي,مكة,تمارا,تم التسليم,3,125,0,20,145,18.91,126.09,29,17.85,9.43,69.81
103069,2026-07-22,قلوريز,لمى الشمري,مكة,مدى,ملغي,4,225,34,0,191,0,0,0,0,0,0
103068,2026-07-22,قلوريز,سلطان العنزي,الرياض,تمارا,تم التسليم,1,49,0,20,69,9.0,60.0,11,12.48,4.49,32.03
103067,2026-07-22,قلوريز,عبير السالم,مكة,الدفع عند الاستلام,تم التسليم,4,233,35,0,198,25.83,172.17,60,21.0,12.0,79.17
103066,2026-07-22,قلوريز,خالد البقمي,جدة,تمارا,تم التسليم,1,120,18,20,122,15.91,106.09,34,16.15,7.93,48.01
103065,2026-07-22,سموذ,خالد الشهري,الرياض,تمارا,تم التسليم,1,85,8,25,102,13.3,88.7,26,16.0,6.63,40.07
103064,2026-07-22,سموذ,ريم الرشيدي,الرياض,مدى,تم التسليم,2,378,0,0,378,49.3,328.7,124,16.0,3.78,184.92
103063,2026-07-22,سموذ,رهف الشمري,جدة,الدفع عند الاستلام,تم التسليم,2,264,0,0,264,34.43,229.57,84,14.82,12.0,118.75
103062,2026-07-22,سموذ,عبدالله السبيعي,الرياض,Apple Pay,تم التسليم,3,225,0,25,250,32.61,217.39,66,12.48,5.0,133.91
103061,2026-07-22,سموذ,لمى المطيري,الدمام,Apple Pay,تم التسليم,1,145,0,25,170,22.17,147.83,48,19.0,3.4,77.43
103060,2026-07-22,سموذ,ماجد العنزي,القصيم,فيزا,تم التسليم,5,737,74,0,663,86.48,576.52,238,26.88,16.57,295.07
103059,2026-07-22,سموذ,نايف السبيعي,مكة,Apple Pay,تم التسليم,3,349,0,0,349,45.52,303.48,110,17.85,6.98,168.65
103058,2026-07-22,سموذ,راكان العتيبي,مكة,مدى,تم التسليم,1,85,8,25,102,13.3,88.7,26,23.52,1.02,38.16
103057,2026-07-22,سموذ,خالد القحطاني,جدة,فيزا,تم التسليم,1,189,38,25,176,22.96,153.04,62,19.0,4.4,67.64
103056,2026-07-22,سموذ,عبير العنزي,الرياض,تمارا,تم التسليم,3,290,0,0,290,37.83,252.17,93,13.6,18.85,126.72
103055,2026-07-22,سموذ,لمى الرشيدي,مكة,مدى,تم التسليم,1,95,0,25,120,15.65,104.35,30,21.0,1.2,52.15
103054,2026-07-22,سموذ,هند البقمي,القصيم,تمارا,تم التسليم,1,120,0,25,145,18.91,126.09,41,20.4,9.43,55.26
103053,2026-07-22,سموذ,دانة المطيري,الرياض,Apple Pay,تم التسليم,1,95,0,25,120,15.65,104.35,30,16.0,2.4,55.95
103052,2026-07-22,سموذ,ياسر المطيري,القصيم,الدفع عند الاستلام,ملغي,2,170,0,25,195,0,0,0,0,0,0
103051,2026-07-22,سموذ,نايف الجهني,الرياض,Apple Pay,تم التسليم,2,195,29,25,191,24.91,166.09,63,13.6,3.82,85.67
103050,2026-07-22,سموذ,ريم الزهراني,الرياض,تمارا,تم التسليم,1,75,15,25,85,11.09,73.91,22,13.6,5.53,32.79
103049,2026-07-21,قلوريز,عبدالله الدوسري,الرياض,الدفع عند الاستلام,تم التسليم,2,175,0,0,175,22.83,152.17,47,13.6,12.0,79.57
103048,2026-07-21,قلوريز,سلطان البقمي,تبوك,مدى,تم التسليم,1,49,0,20,69,9.0,60.0,11,20.4,0.69,27.91
103047,2026-07-21,قلوريز,دانة الغامدي,المدينة,الدفع عند الاستلام,تم التسليم,3,295,0,0,295,38.48,256.52,81,21.0,12.0,142.52
103046,2026-07-21,قلوريز,عبدالله الرشيدي,مكة,مدى,تم التسليم,2,240,0,0,240,31.3,208.7,68,21.0,2.4,117.3
103045,2026-07-21,قلوريز,ياسر العنزي,الخبر,Apple Pay,تم التسليم,3,153,0,0,153,19.96,133.04,35,16.15,3.06,78.83
103044,2026-07-21,قلوريز,تركي الزهراني,المدينة,Apple Pay,تم التسليم,2,118,24,20,114,14.87,99.13,28,21.0,2.28,47.85
103043,2026-07-21,قلوريز,عبدالله الدوسري,تبوك,تمارا,تم التسليم,1,120,0,20,140,18.26,121.74,34,24.0,9.1,54.64
103042,2026-07-21,قلوريز,دانة الشمري,الرياض,فيزا,تم التسليم,5,199,0,0,199,25.96,173.04,46,13.6,4.98,108.47
103041,2026-07-21,قلوريز,خالد العنزي,الخبر,الدفع عند الاستلام,تم التسليم,2,74,0,20,94,12.26,81.74,17,16.15,12.0,36.59
103040,2026-07-21,قلوريز,خالد الشمري,الرياض,فيزا,تم التسليم,2,175,0,0,175,22.83,152.17,47,12.48,4.38,88.32
103039,2026-07-21,قلوريز,غادة الرشيدي,الرياض,الدفع عند الاستلام,تم التسليم,1,120,0,20,140,18.26,121.74,34,13.6,12.0,62.14
103038,2026-07-21,قلوريز,عبدالله المطيري,الرياض,مدى,تم التسليم,3,117,0,20,137,17.87,119.13,27,17.92,1.37,72.84
103037,2026-07-21,قلوريز,دانة الزهراني,جدة,مدى,تم التسليم,1,39,0,20,59,7.7,51.3,9,16.15,0.59,25.56
103036,2026-07-21,قلوريز,غادة الرشيدي,مكة,تمارا,تم التسليم,1,59,0,20,79,10.3,68.7,14,23.52,5.13,26.04
103035,2026-07-21,قلوريز,عبير الزهراني,الرياض,مدى,تم التسليم,3,224,34,0,190,24.78,165.22,58,13.6,1.9,91.72
103034,2026-07-21,قلوريز,دانة السالم,مكة,مدى,تم التسليم,2,98,0,20,118,15.39,102.61,22,23.52,1.18,55.91
103033,2026-07-21,سموذ,سارة الشهري,المدينة,Apple Pay,تم التسليم,1,85,0,25,110,14.35,95.65,26,17.85,2.2,49.6
103032,2026-07-21,سموذ,منيرة القحطاني,الرياض,مدى,تم التسليم,3,255,0,0,255,33.26,221.74,78,16.0,2.55,125.19
103031,2026-07-21,سموذ,فهد الزهراني,جدة,تمارا,تم التسليم,2,264,40,25,249,32.48,216.52,84,16.15,16.19,100.19
103030,2026-07-21,سموذ,ريم الزهراني,الرياض,فيزا,تم التسليم,4,504,0,0,504,65.74,438.26,166,12.48,12.6,247.18
103029,2026-07-21,سموذ,محمد الحربي,جدة,فيزا,تم التسليم,1,145,0,25,170,22.17,147.83,48,19.0,4.25,76.58
103028,2026-07-21,سموذ,خالد المطيري,جدة,تمارا,تم التسليم,3,280,0,0,280,36.52,243.48,89,21.28,18.2,115.0
103027,2026-07-21,سموذ,فهد القحطاني,الرياض,Apple Pay,تم التسليم,4,350,0,0,350,45.65,304.35,108,12.48,7.0,176.87
103026,2026-07-21,سموذ,جود المطيري,الرياض,تمارا,تم التسليم,2,284,0,0,284,37.04,246.96,92,16.0,18.46,120.5
103025,2026-07-21,سموذ,شهد المالكي,جدة,مدى,تم التسليم,3,419,0,0,419,54.65,364.35,136,19.0,4.19,205.16
103024,2026-07-21,سموذ,راكان الشمري,مكة,مدى,تم التسليم,1,189,19,25,195,25.43,169.57,62,17.85,1.95,87.77
103023,2026-07-21,سموذ,ياسر السالم,القصيم,مدى,تم التسليم,1,95,0,25,120,15.65,104.35,30,24.0,1.2,49.15
103022,2026-07-21,سموذ,فهد الغامدي,القصيم,مدى,تم التسليم,1,189,0,25,214,27.91,186.09,62,26.88,2.14,95.07
103021,2026-07-21,سموذ,جود الزهراني,الخبر,مدى,تم التسليم,2,195,0,25,220,28.7,191.3,63,14.82,2.2,111.28
103020,2026-07-21,سموذ,ياسر الدوسري,الخبر,Apple Pay,تم التسليم,1,120,0,25,145,18.91,126.09,41,19.0,2.9,63.19
103019,2026-07-20,قلوريز,نايف المطيري,الرياض,Apple Pay,تم التسليم,3,149,0,20,169,22.04,146.96,35,16.0,3.38,92.58
103018,2026-07-20,قلوريز,ريم البقمي,الرياض,تمارا,تم التسليم,2,94,19,20,95,12.39,82.61,22,13.6,6.17,40.83
103017,2026-07-20,قلوريز,خالد العنزي,الخبر,فيزا,تم التسليم,1,55,0,20,75,9.78,65.22,13,14.82,1.88,35.52
103016,2026-07-20,قلوريز,سلطان الغامدي,جدة,الدفع عند الاستلام,تم التسليم,1,35,0,20,55,7.17,47.83,8,19.0,12.0,8.83
103015,2026-07-20,قلوريز,نورة السبيعي,الرياض,Apple Pay,تم التسليم,1,55,11,20,64,8.35,55.65,13,16.0,1.28,25.37
103014,2026-07-20,قلوريز,منيرة الشمري,الرياض,Apple Pay,تم التسليم,1,39,0,20,59,7.7,51.3,9,16.0,1.18,25.12
103013,2026-07-20,قلوريز,جود السالم,الرياض,فيزا,تم التسليم,3,153,0,0,153,19.96,133.04,36,17.92,3.83,75.3
103012,2026-07-20,قلوريز,هند المطيري,الخبر,الدفع عند الاستلام,تم التسليم,2,94,0,20,114,14.87,99.13,22,16.15,12.0,48.98
103011,2026-07-20,قلوريز,غادة السالم,المدينة,الدفع عند الاستلام,تم التسليم,2,175,0,0,175,22.83,152.17,47,23.52,12.0,69.65
103010,2026-07-20,قلوريز,نايف الجهني,الرياض,فيزا,تم التسليم,1,120,24,20,116,15.13,100.87,34,17.92,2.9,46.05
103009,2026-07-20,قلوريز,عبير العتيبي,مكة,Apple Pay,تم التسليم,1,49,0,20,69,9.0,60.0,11,21.0,1.38,26.62
103008,2026-07-20,قلوريز,ياسر الغامدي,الدمام,فيزا,تم التسليم,1,35,0,20,55,7.17,47.83,8,19.0,1.38,19.45
103007,2026-07-20,قلوريز,دانة الغامدي,الرياض,Apple Pay,تم التسليم,3,113,0,20,133,17.35,115.65,26,17.92,2.66,69.07
103006,2026-07-20,قلوريز,شهد البقمي,الرياض,مدى,تم التسليم,3,137,0,20,157,20.48,136.52,31,17.92,1.57,86.03
103005,2026-07-20,قلوريز,راكان الرشيدي,جدة,فيزا,تم التسليم,2,90,0,20,110,14.35,95.65,21,21.28,2.75,50.62
103004,2026-07-20,قلوريز,محمد السالم,الرياض,مدى,تم التسليم,3,147,0,20,167,21.78,145.22,34,16.0,1.67,93.55
103003,2026-07-20,قلوريز,راكان السالم,مكة,مدى,تم التسليم,2,175,26,20,169,22.04,146.96,47,17.85,1.69,80.42
103002,2026-07-20,قلوريز,راكان العتيبي,مكة,فيزا,تم التسليم,1,55,0,20,75,9.78,65.22,13,21.0,1.88,29.34
103001,2026-07-20,قلوريز,خالد الدوسري,جدة,Apple Pay,تم التسليم,4,208,0,0,208,27.13,180.87,49,16.15,4.16,111.56
103000,2026-07-20,سموذ,نايف الجهني,جدة,الدفع عند الاستلام,ملغي,3,359,72,0,287,0,0,0,0,0,0
102999,2026-07-20,سموذ,منيرة المالكي,الرياض,فيزا,تم التسليم,1,189,38,25,176,22.96,153.04,62,12.48,4.4,74.16
102998,2026-07-20,سموذ,ريم الجهني,مكة,مدى,تم التسليم,1,145,0,25,170,22.17,147.83,48,21.0,1.7,77.13
102997,2026-07-20,سموذ,راكان الشمري,جدة,مدى,تم التسليم,2,205,0,25,230,30.0,200.0,67,19.0,2.3,111.7
102996,2026-07-20,سموذ,غادة الزهراني,الرياض,مدى,تم التسليم,3,435,0,0,435,56.74,378.26,144,17.92,4.35,211.99
102995,2026-07-20,سموذ,منيرة العتيبي,الرياض,مدى,تم التسليم,3,310,0,0,310,40.43,269.57,101,13.6,3.1,151.87
102994,2026-07-20,سموذ,لمى المالكي,جدة,مدى,تم التسليم,2,215,0,25,240,31.3,208.7,71,21.28,2.4,114.02
102993,2026-07-20,سموذ,أمل العنزي,الرياض,تمارا,تم التسليم,3,245,0,25,270,35.22,234.78,74,16.0,17.55,127.23
102992,2026-07-20,سموذ,منيرة الجهني,الرياض,مدى,تم التسليم,4,345,0,0,345,45.0,300.0,107,13.6,3.45,175.95
102991,2026-07-20,سموذ,منيرة الحربي,الرياض,مدى,تم التسليم,3,375,38,0,337,43.96,293.04,122,16.0,3.37,151.67
102990,2026-07-20,سموذ,دانة الغامدي,جدة,مدى,تم التسليم,2,170,0,25,195,25.43,169.57,52,19.0,1.95,96.62
102989,2026-07-20,سموذ,شهد العتيبي,الرياض,مدى,تم التسليم,2,150,0,25,175,22.83,152.17,44,16.0,1.75,90.42
102988,2026-07-20,سموذ,لمى الشهري,جدة,الدفع عند الاستلام,تم التسليم,2,205,20,25,210,27.39,182.61,67,19.0,12.0,84.61
102987,2026-07-19,قلوريز,فهد العنزي,جدة,مدى,تم التسليم,1,55,0,20,75,9.78,65.22,13,19.0,0.75,32.47
102986,2026-07-19,قلوريز,نورة الزهراني,أبها,مدى,تم التسليم,3,139,0,20,159,20.74,138.26,32,18.72,1.59,85.95
102985,2026-07-19,قلوريز,خالد الشمري,مكة,Apple Pay,تم التسليم,3,214,0,0,214,27.91,186.09,56,17.85,4.28,107.96
102984,2026-07-19,قلوريز,سلطان العتيبي,الدمام,مدى,تم التسليم,3,153,0,0,153,19.96,133.04,36,16.15,1.53,79.36
102983,2026-07-19,قلوريز,ياسر السالم,الرياض,تمارا,تم التسليم,1,35,5,20,50,6.52,43.48,8,17.92,3.25,14.31
102982,2026-07-19,قلوريز,عبير العتيبي,تبوك,مدى,تم التسليم,3,177,0,0,177,23.09,153.91,42,18.72,1.77,91.42
102981,2026-07-19,قلوريز,عبير العتيبي,الدمام,فيزا,تم التسليم,2,175,0,0,175,22.83,152.17,47,16.15,4.38,84.65
102980,2026-07-19,قلوريز,فهد العنزي,الخبر,مدى,تم التسليم,1,55,8,20,67,8.74,58.26,13,19.0,0.67,25.59
102979,2026-07-19,قلوريز,منيرة العتيبي,جدة,فيزا,تم التسليم,1,39,0,20,59,7.7,51.3,9,14.82,1.48,26.01
102978,2026-07-19,قلوريز,عبير الرشيدي,جدة,تمارا,تم التسليم,2,175,0,0,175,22.83,152.17,47,14.82,11.38,78.98
102977,2026-07-19,قلوريز,محمد السالم,أبها,تمارا,تم التسليم,3,143,0,20,163,21.26,141.74,33,24.0,10.6,74.14
102976,2026-07-19,قلوريز,أمل الحربي,الدمام,Apple Pay,تم التسليم,1,59,0,20,79,10.3,68.7,14,16.15,1.58,36.97
102975,2026-07-19,قلوريز,لمى السبيعي,الرياض,مدى,تم التسليم,2,94,9,20,105,13.7,91.3,22,17.92,1.05,50.33
102974,2026-07-19,قلوريز,لمى الحربي,جدة,Apple Pay,تم التسليم,3,165,0,0,165,21.52,143.48,39,16.15,3.3,85.03
102973,2026-07-19,قلوريز,عبدالله المطيري,الرياض,الدفع عند الاستلام,تم التسليم,2,94,9,20,105,13.7,91.3,22,16.0,12.0,41.3
102972,2026-07-19,قلوريز,منيرة القحطاني,الدمام,Apple Pay,تم التسليم,4,172,0,0,172,22.43,149.57,40,21.28,3.44,84.85
102971,2026-07-19,قلوريز,خالد العتيبي,الرياض,مدى,تم التسليم,3,137,0,20,157,20.48,136.52,31,12.48,1.57,91.47
102970,2026-07-19,قلوريز,راكان الحربي,المدينة,فيزا,تم التسليم,3,153,0,0,153,19.96,133.04,36,21.0,3.83,72.22
102969,2026-07-19,قلوريز,هند العنزي,المدينة,فيزا,تم التسليم,1,49,0,20,69,9.0,60.0,11,21.0,1.73,26.27
102968,2026-07-19,قلوريز,بندر السالم,الرياض,فيزا,تم التسليم,2,98,0,20,118,15.39,102.61,22,12.48,2.95,65.18
102967,2026-07-19,قلوريز,لمى العنزي,الرياض,مدى,تم التسليم,2,159,0,0,159,20.74,138.26,43,16.0,1.59,77.67
102966,2026-07-19,سموذ,عبدالله الرشيدي,الرياض,Apple Pay,ملغي,2,290,29,0,261,0,0,0,0,0,0
102965,2026-07-19,سموذ,سارة المالكي,جدة,Apple Pay,تم التسليم,3,285,28,0,257,33.52,223.48,90,19.0,5.14,109.34
102964,2026-07-19,سموذ,أمل الغامدي,الرياض,مدى,تم التسليم,1,145,0,25,170,22.17,147.83,48,16.0,1.7,82.13
102963,2026-07-19,سموذ,محمد الغامدي,جدة,الدفع عند الاستلام,تم التسليم,1,85,17,25,93,12.13,80.87,26,19.0,12.0,23.87
102962,2026-07-19,سموذ,رهف البقمي,جدة,مدى,تم التسليم,3,410,0,0,410,53.48,356.52,137,19.0,4.1,196.42
102961,2026-07-19,سموذ,ماجد القحطاني,الدمام,Apple Pay,تم التسليم,2,180,0,25,205,26.74,178.26,56,19.0,4.1,99.16
102960,2026-07-19,سموذ,تركي الحربي,جدة,مدى,تم التسليم,1,95,0,25,120,15.65,104.35,30,16.15,1.2,57.0
102959,2026-07-19,سموذ,عبير الحربي,الخبر,مدى,تم التسليم,2,240,36,25,229,29.87,199.13,78,21.28,2.29,97.56
102958,2026-07-19,سموذ,نايف الرشيدي,جدة,فيزا,تم التسليم,1,189,0,25,214,27.91,186.09,62,16.15,5.35,102.59
102957,2026-07-19,سموذ,سلطان الرشيدي,الرياض,فيزا,تم التسليم,2,290,44,25,271,35.35,235.65,96,17.92,6.78,114.96
102956,2026-07-19,سموذ,خالد المالكي,الرياض,تمارا,تم التسليم,6,560,0,0,560,73.04,486.96,178,17.92,36.4,254.64
102955,2026-07-19,سموذ,تركي الشمري,الرياض,مدى,تم التسليم,2,160,16,25,169,22.04,146.96,48,13.6,1.69,83.67
102954,2026-07-19,سموذ,هند العنزي,الخبر,فيزا,تم التسليم,1,95,14,25,106,13.83,92.17,30,19.0,2.65,40.52
102953,2026-07-19,سموذ,ماجد الجهني,الرياض,مدى,تم التسليم,4,528,0,0,528,68.87,459.13,168,16.0,5.28,269.85
102952,2026-07-19,سموذ,خالد الجهني,جدة,مدى,تم التسليم,2,309,0,0,309,40.3,268.7,103,19.0,3.09,143.61
102951,2026-07-19,سموذ,ماجد الدوسري,جدة,Apple Pay,تم التسليم,3,265,0,0,265,34.57,230.43,82,19.0,5.3,124.13
102950,2026-07-19,سموذ,ماجد الدوسري,الرياض,Apple Pay,تم التسليم,1,75,0,25,100,13.04,86.96,22,16.0,2.0,46.96
102949,2026-07-18,قلوريز,منيرة الزهراني,الرياض,مدى,ملغي,2,78,0,20,98,0,0,0,0,0,0
102948,2026-07-18,قلوريز,شهد العنزي,جدة,مدى,تم التسليم,2,70,0,20,90,11.74,78.26,16,19.0,0.9,42.36
102947,2026-07-18,قلوريز,لمى العنزي,القصيم,تمارا,تم التسليم,1,55,6,20,69,9.0,60.0,13,24.0,4.49,18.52
102946,2026-07-18,قلوريز,ياسر العنزي,أبها,Apple Pay,تم التسليم,2,84,0,20,104,13.57,90.43,19,24.0,2.08,45.35
102945,2026-07-18,قلوريز,عبدالله الدوسري,الرياض,الدفع عند الاستلام,تم التسليم,2,114,23,20,111,14.48,96.52,27,13.6,12.0,43.92
102944,2026-07-18,قلوريز,سلطان القحطاني,جدة,مدى,تم التسليم,1,59,0,20,79,10.3,68.7,14,19.0,0.79,34.91
102943,2026-07-18,قلوريز,فهد الغامدي,مكة,فيزا,تم التسليم,1,120,0,20,140,18.26,121.74,34,21.0,3.5,63.24
102942,2026-07-18,قلوريز,سلطان الحربي,الخبر,Apple Pay,تم التسليم,5,316,0,0,316,41.22,274.78,80,14.82,6.32,173.64
102941,2026-07-18,قلوريز,غادة الشهري,الرياض,Apple Pay,تم التسليم,3,224,0,0,224,29.22,194.78,58,17.92,4.48,114.38
102940,2026-07-18,قلوريز,سارة المطيري,جدة,الدفع عند الاستلام,تم التسليم,1,55,0,20,75,9.78,65.22,13,16.15,12.0,24.07
102939,2026-07-18,قلوريز,راكان الغامدي,الخبر,Apple Pay,تم التسليم,3,139,0,20,159,20.74,138.26,32,19.0,3.18,84.08
102938,2026-07-18,قلوريز,نورة الزهراني,أبها,Apple Pay,تم التسليم,1,59,0,20,79,10.3,68.7,14,20.4,1.58,32.72
102937,2026-07-18,قلوريز,نورة البقمي,أبها,مدى,تم التسليم,3,279,0,0,279,36.39,242.61,77,20.4,2.79,142.42
102936,2026-07-18,قلوريز,أمل الغامدي,الرياض,Apple Pay,تم التسليم,1,49,0,20,69,9.0,60.0,11,13.6,1.38,34.02
102935,2026-07-18,سموذ,عبدالله الشمري,جدة,Apple Pay,تم التسليم,2,240,24,25,241,31.43,209.57,82,19.0,4.82,103.75
102934,2026-07-18,سموذ,عبير الدوسري,مكة,Apple Pay,تم التسليم,4,687,69,0,618,80.61,537.39,227,17.85,12.36,280.18
102933,2026-07-18,سموذ,لمى الغامدي,تبوك,تمارا,تم التسليم,1,120,0,25,145,18.91,126.09,41,18.72,9.43,56.94
102932,2026-07-18,سموذ,جود المالكي,جدة,مدى,تم التسليم,4,599,0,0,599,78.13,520.87,199,19.0,5.99,296.88
102931,2026-07-18,سموذ,محمد المطيري,الرياض,مدى,تم التسليم,6,902,0,0,902,117.65,784.35,294,17.92,9.02,463.41
102930,2026-07-18,سموذ,نورة القحطاني,الرياض,فيزا,تم التسليم,1,75,0,25,100,13.04,86.96,22,16.0,2.5,46.46
102929,2026-07-18,سموذ,منيرة الجهني,المدينة,مدى,تم التسليم,3,435,0,0,435,56.74,378.26,144,21.0,4.35,208.91
102928,2026-07-18,سموذ,بندر المالكي,مكة,فيزا,تم التسليم,3,270,0,0,270,35.22,234.78,85,23.52,6.75,119.51
102927,2026-07-18,سموذ,نورة الدوسري,الخبر,فيزا,تم التسليم,5,455,0,0,455,59.35,395.65,142,19.0,11.38,223.28
102926,2026-07-18,سموذ,جود الشهري,جدة,تمارا,تم التسليم,1,145,29,25,141,18.39,122.61,48,21.28,9.17,44.16
102925,2026-07-18,سموذ,شهد الرشيدي,الرياض,مدى,تم التسليم,6,650,0,0,650,84.78,565.22,208,13.6,6.5,337.12
102924,2026-07-18,سموذ,بندر الحربي,الرياض,Apple Pay,تم التسليم,1,120,0,25,145,18.91,126.09,41,17.92,2.9,64.27
102923,2026-07-18,سموذ,جود الحربي,الدمام,Apple Pay,تم التسليم,1,95,0,25,120,15.65,104.35,30,19.0,2.4,52.95
102922,2026-07-18,سموذ,جود الجهني,تبوك,تمارا,تم التسليم,3,359,0,0,359,46.83,312.17,114,26.88,23.34,147.96
102921,2026-07-18,سموذ,بندر الشهري,جدة,مدى,تم التسليم,3,255,0,0,255,33.26,221.74,78,14.82,2.55,126.37
102920,2026-07-18,سموذ,لمى الزهراني,المدينة,الدفع عند الاستلام,ملغي,2,334,0,0,334,0,0,0,0,0,0
102919,2026-07-17,قلوريز,شهد الدوسري,الرياض,فيزا,تم التسليم,2,114,0,20,134,17.48,116.52,27,16.0,3.35,70.17
102918,2026-07-17,قلوريز,عبير البقمي,الرياض,فيزا,تم التسليم,4,152,23,20,149,19.43,129.57,35,17.92,3.73,72.92
102917,2026-07-17,قلوريز,بندر العتيبي,مكة,Apple Pay,تم التسليم,4,277,0,0,277,36.13,240.87,70,21.0,5.54,144.33
102916,2026-07-17,قلوريز,خالد القحطاني,الرياض,Apple Pay,تم التسليم,4,200,0,0,200,26.09,173.91,47,13.6,4.0,109.31
102915,2026-07-17,قلوريز,دانة السبيعي,الرياض,Apple Pay,تم التسليم,3,147,0,20,167,21.78,145.22,33,13.6,3.34,95.28
102914,2026-07-17,قلوريز,سارة السبيعي,الدمام,مدى,تم التسليم,3,169,0,0,169,22.04,146.96,40,19.0,1.69,86.27
102913,2026-07-17,قلوريز,رهف الحربي,تبوك,مدى,تم التسليم,1,55,0,20,75,9.78,65.22,13,26.88,0.75,24.59
102912,2026-07-17,قلوريز,عبير العتيبي,تبوك,Apple Pay,تم التسليم,2,118,0,20,138,18.0,120.0,28,24.0,2.76,65.24
102911,2026-07-17,قلوريز,هند الرشيدي,جدة,مدى,تم التسليم,1,35,0,20,55,7.17,47.83,8,19.0,0.55,20.28
102910,2026-07-17,قلوريز,سارة البقمي,المدينة,مدى,تم التسليم,4,152,0,0,152,19.83,132.17,35,23.52,1.52,72.13
102909,2026-07-17,قلوريز,راكان الزهراني,أبها,مدى,تم التسليم,2,118,18,20,120,15.65,104.35,28,26.88,1.2,48.27
102908,2026-07-17,قلوريز,أمل المطيري,جدة,مدى,تم التسليم,2,104,0,20,124,16.17,107.83,24,19.0,1.24,63.59
102907,2026-07-17,قلوريز,ريم البقمي,الرياض,Apple Pay,تم التسليم,1,120,0,20,140,18.26,121.74,34,16.0,2.8,68.94
102906,2026-07-17,قلوريز,فهد القحطاني,القصيم,الدفع عند الاستلام,تم التسليم,1,39,4,20,55,7.17,47.83,9,20.4,12.0,6.43
102905,2026-07-17,قلوريز,سلطان الغامدي,المدينة,Apple Pay,تم التسليم,4,285,43,0,242,31.57,210.43,73,21.0,4.84,111.59
102904,2026-07-17,قلوريز,دانة الغامدي,مكة,مدى,ملغي,1,120,24,20,116,0,0,0,0,0,0
102903,2026-07-17,قلوريز,لمى الحربي,جدة,مدى,تم التسليم,1,59,0,20,79,10.3,68.7,14,21.28,0.79,32.63
102902,2026-07-17,قلوريز,ريم الغامدي,الرياض,مدى,تم التسليم,5,264,0,0,264,34.43,229.57,67,12.48,2.64,147.45
102901,2026-07-17,قلوريز,فهد الزهراني,تبوك,فيزا,تم التسليم,1,120,0,20,140,18.26,121.74,34,24.0,3.5,60.24
102900,2026-07-17,قلوريز,ماجد الجهني,مكة,Apple Pay,تم التسليم,4,237,0,0,237,30.91,206.09,61,16.38,4.74,123.97
102899,2026-07-17,قلوريز,سارة الرشيدي,الرياض,مدى,تم التسليم,1,39,0,20,59,7.7,51.3,9,17.92,0.59,23.79
102898,2026-07-17,قلوريز,نورة العتيبي,الرياض,الدفع عند الاستلام,تم التسليم,1,49,0,20,69,9.0,60.0,11,13.6,12.0,23.4
102897,2026-07-17,سموذ,لمى الغامدي,جدة,Apple Pay,تم التسليم,6,795,80,0,715,93.26,621.74,267,14.82,14.3,325.62
102896,2026-07-17,سموذ,ماجد السبيعي,جدة,مدى,تم التسليم,4,365,73,0,292,38.09,253.91,115,21.28,2.92,114.71
102895,2026-07-17,سموذ,نايف السالم,جدة,مدى,تم التسليم,3,339,34,0,305,39.78,265.22,106,14.82,3.05,141.35
102894,2026-07-17,سموذ,نايف السالم,الرياض,Apple Pay,تم التسليم,2,190,0,25,215,28.04,186.96,60,17.92,4.3,104.74
102893,2026-07-17,سموذ,ياسر الدوسري,الخبر,فيزا,تم التسليم,1,75,0,25,100,13.04,86.96,22,16.15,2.5,46.31
102892,2026-07-17,سموذ,غادة العنزي,الدمام,فيزا,تم التسليم,1,145,0,25,170,22.17,147.83,48,21.28,4.25,74.3
102891,2026-07-17,سموذ,راكان المطيري,مكة,الدفع عند الاستلام,تم التسليم,2,334,0,0,334,43.57,290.43,110,23.52,12.0,144.91
102890,2026-07-17,سموذ,نورة الزهراني,المدينة,مدى,تم التسليم,1,145,14,25,156,20.35,135.65,48,17.85,1.56,68.24
102889,2026-07-17,سموذ,شهد الشمري,القصيم,Apple Pay,تم التسليم,4,505,0,0,505,65.87,439.13,171,26.88,10.1,231.15
102888,2026-07-17,سموذ,سارة الشهري,المدينة,مدى,تم التسليم,3,365,55,0,310,40.43,269.57,118,21.0,3.1,127.47
102887,2026-07-17,سموذ,لمى الزهراني,الرياض,فيزا,تم التسليم,1,95,19,25,101,13.17,87.83,30,13.6,2.53,41.7
102886,2026-07-17,سموذ,بندر العنزي,جدة,Apple Pay,تم التسليم,1,189,0,25,214,27.91,186.09,62,19.0,4.28,100.81
102885,2026-07-17,سموذ,ريم الغامدي,الرياض,مدى,ملغي,3,325,0,0,325,0,0,0,0,0,0
102884,2026-07-17,سموذ,دانة الغامدي,جدة,فيزا,تم التسليم,1,145,29,25,141,18.39,122.61,48,21.28,3.53,49.8
102883,2026-07-17,سموذ,نايف القحطاني,القصيم,تمارا,تم التسليم,5,495,0,0,495,64.57,430.43,156,24.0,32.18,218.26
102882,2026-07-17,سموذ,رهف الشهري,القصيم,فيزا,تم التسليم,5,559,0,0,559,72.91,486.09,178,26.88,13.98,267.23
102881,2026-07-17,سموذ,دانة الزهراني,الرياض,مدى,تم التسليم,1,120,0,25,145,18.91,126.09,41,17.92,1.45,65.72
102880,2026-07-17,سموذ,غادة العتيبي,الرياض,Apple Pay,تم التسليم,2,334,33,0,301,39.26,261.74,110,17.92,6.02,127.8
102879,2026-07-17,سموذ,فهد العتيبي,المدينة,مدى,تم التسليم,2,378,0,0,378,49.3,328.7,124,17.85,3.78,183.07
102878,2026-07-17,سموذ,رهف الشمري,الدمام,مدى,تم التسليم,3,265,0,0,265,34.57,230.43,82,19.0,2.65,126.78
102877,2026-07-17,سموذ,بندر السبيعي,القصيم,تمارا,تم التسليم,2,274,0,0,274,35.74,238.26,88,24.0,17.81,108.45
102876,2026-07-17,سموذ,منيرة الجهني,الرياض,مدى,تم التسليم,2,240,0,25,265,34.57,230.43,78,17.92,2.65,131.86
102875,2026-07-16,قلوريز,هند الشهري,جدة,فيزا,تم التسليم,1,49,10,20,59,7.7,51.3,11,21.28,1.48,17.55
102874,2026-07-16,قلوريز,جود الدوسري,الرياض,مدى,تم التسليم,3,139,0,20,159,20.74,138.26,32,13.6,1.59,91.07
102873,2026-07-16,قلوريز,فهد الشهري,جدة,الدفع عند الاستلام,تم التسليم,4,164,25,20,159,20.74,138.26,38,14.82,12.0,73.44
102872,2026-07-16,قلوريز,غادة القحطاني,الرياض,مدى,تم التسليم,4,273,0,0,273,35.61,237.39,70,12.48,2.73,152.18
102871,2026-07-16,قلوريز,نايف الرشيدي,جدة,مدى,تم التسليم,2,70,10,20,80,10.43,69.57,16,19.0,0.8,33.77
102870,2026-07-16,قلوريز,نورة البقمي,الرياض,مدى,تم التسليم,1,55,0,20,75,9.78,65.22,13,17.92,0.75,33.55
102869,2026-07-16,قلوريز,لمى السالم,المدينة,Apple Pay,تم التسليم,1,55,11,20,64,8.35,55.65,13,23.52,1.28,17.85
102868,2026-07-16,قلوريز,نايف الحربي,أبها,مدى,تم التسليم,2,159,32,20,147,19.17,127.83,43,18.72,1.47,64.64
102867,2026-07-16,قلوريز,رهف الحربي,الرياض,الدفع عند الاستلام,ملغي,4,314,0,0,314,0,0,0,0,0,0
102866,2026-07-16,قلوريز,سلطان البقمي,مكة,Apple Pay,تم التسليم,1,59,6,20,73,9.52,63.48,14,16.38,1.46,31.64
102865,2026-07-16,قلوريز,عبدالله السالم,الرياض,تمارا,تم التسليم,2,118,0,20,138,18.0,120.0,28,17.92,8.97,65.11
102864,2026-07-16,قلوريز,هند السبيعي,أبها,فيزا,تم التسليم,3,177,0,0,177,23.09,153.91,42,20.4,4.42,87.09
102863,2026-07-16,قلوريز,راكان الشمري,المدينة,تمارا,تم التسليم,1,55,0,20,75,9.78,65.22,13,21.0,4.88,26.34
102862,2026-07-16,قلوريز,نورة المالكي,مكة,فيزا,تم التسليم,2,169,0,0,169,22.04,146.96,45,21.0,4.23,76.73
102861,2026-07-16,قلوريز,سلطان البقمي,مكة,مدى,تم التسليم,1,39,0,20,59,7.7,51.3,9,21.0,0.59,20.71
102860,2026-07-16,قلوريز,أمل الجهني,تبوك,فيزا,تم التسليم,5,277,0,0,277,36.13,240.87,65,20.4,6.93,148.54
102859,2026-07-16,قلوريز,فهد الدوسري,الرياض,مدى,تم التسليم,1,39,0,20,59,7.7,51.3,9,17.92,0.59,23.79
102858,2026-07-16,قلوريز,بندر البقمي,جدة,الدفع عند الاستلام,تم التسليم,2,94,14,20,100,13.04,86.96,22,16.15,12.0,36.81
102857,2026-07-16,سموذ,دانة الغامدي,الخبر,تمارا,ملغي,4,548,0,0,548,0,0,0,0,0,0
102856,2026-07-16,سموذ,لمى المالكي,جدة,Apple Pay,تم التسليم,3,285,0,0,285,37.17,247.83,90,16.15,5.7,135.98
102855,2026-07-16,سموذ,سلطان الشمري,الرياض,Apple Pay,تم التسليم,3,310,0,0,310,40.43,269.57,101,16.0,6.2,146.37
102854,2026-07-16,سموذ,عبدالله المطيري,القصيم,مدى,تم التسليم,2,290,29,0,261,34.04,226.96,96,24.0,2.61,104.35
102853,2026-07-16,سموذ,عبدالله القحطاني,جدة,مدى,تم التسليم,3,410,0,0,410,53.48,356.52,137,19.0,4.1,196.42
102852,2026-07-16,سموذ,أمل الزهراني,الرياض,مدى,تم التسليم,1,189,0,25,214,27.91,186.09,62,17.92,2.14,104.03
102851,2026-07-16,سموذ,ياسر السالم,جدة,تمارا,تم التسليم,4,505,0,0,505,65.87,439.13,171,21.28,32.83,214.03
102850,2026-07-16,سموذ,نورة الدوسري,الخبر,مدى,تم التسليم,1,120,12,25,133,17.35,115.65,41,19.0,1.33,54.32
102849,2026-07-16,سموذ,سلطان المالكي,المدينة,فيزا,تم التسليم,1,85,0,25,110,14.35,95.65,26,17.85,2.75,49.05
102848,2026-07-16,سموذ,شهد الغامدي,الرياض,فيزا,تم التسليم,2,284,0,0,284,37.04,246.96,92,17.92,7.1,129.94
102847,2026-07-16,سموذ,فهد القحطاني,الرياض,Apple Pay,تم التسليم,3,325,65,0,260,33.91,226.09,104,13.6,5.2,103.29
102846,2026-07-16,سموذ,هند الرشيدي,الرياض,مدى,تم التسليم,1,75,15,25,85,11.09,73.91,22,17.92,0.85,33.14
102845,2026-07-16,سموذ,لمى البقمي,الدمام,مدى,تم التسليم,3,385,38,0,347,45.26,301.74,126,14.82,3.47,157.45
102844,2026-07-16,سموذ,تركي المالكي,الرياض,Apple Pay,تم التسليم,1,95,0,25,120,15.65,104.35,30,17.92,2.4,54.03
102843,2026-07-16,سموذ,راكان الرشيدي,مكة,Apple Pay,تم التسليم,2,265,0,0,265,34.57,230.43,89,21.0,5.3,115.13
102842,2026-07-16,سموذ,دانة السبيعي,مكة,مدى,تم التسليم,2,160,0,25,185,24.13,160.87,48,21.0,1.85,90.02
102841,2026-07-16,سموذ,بندر الغامدي,الرياض,Apple Pay,تم التسليم,1,145,0,25,170,22.17,147.83,48,16.0,3.4,80.43
102840,2026-07-16,سموذ,ياسر الدوسري,جدة,مدى,تم التسليم,1,75,0,25,100,13.04,86.96,22,21.28,1.0,42.68
102839,2026-07-16,سموذ,لمى الزهراني,الرياض,مدى,تم التسليم,3,567,0,0,567,73.96,493.04,186,16.0,5.67,285.37
102838,2026-07-15,قلوريز,لمى الجهني,مكة,الدفع عند الاستلام,تم التسليم,1,39,4,20,55,7.17,47.83,9,21.0,12.0,5.83
102837,2026-07-15,قلوريز,منيرة القحطاني,الدمام,مدى,تم التسليم,3,234,0,0,234,30.52,203.48,61,14.82,2.34,125.32
102836,2026-07-15,قلوريز,ريم السالم,الرياض,مدى,تم التسليم,1,39,0,20,59,7.7,51.3,9,17.92,0.59,23.79
102835,2026-07-15,قلوريز,منيرة الجهني,القصيم,فيزا,تم التسليم,2,169,0,0,169,22.04,146.96,45,18.72,4.23,79.01
102834,2026-07-15,قلوريز,لمى الغامدي,جدة,تمارا,تم التسليم,2,179,18,0,161,21.0,140.0,48,19.0,10.46,62.53
102833,2026-07-15,قلوريز,راكان الحربي,تبوك,الدفع عند الاستلام,تم التسليم,2,118,0,20,138,18.0,120.0,28,20.4,12.0,59.6
102832,2026-07-15,قلوريز,فهد الشمري,أبها,الدفع عند الاستلام,تم التسليم,1,120,0,20,140,18.26,121.74,34,24.0,12.0,51.74
102831,2026-07-15,قلوريز,شهد القحطاني,الرياض,مدى,تم التسليم,1,120,18,20,122,15.91,106.09,34,13.6,1.22,57.27
102830,2026-07-15,قلوريز,راكان الشهري,الرياض,مدى,تم التسليم,1,35,0,20,55,7.17,47.83,8,12.48,0.55,26.8
102829,2026-07-15,قلوريز,سلطان الزهراني,الرياض,تمارا,تم التسليم,2,104,0,20,124,16.17,107.83,24,12.48,8.06,63.29
102828,2026-07-15,قلوريز,سارة المالكي,الرياض,مدى,تم التسليم,3,113,17,20,116,15.13,100.87,26,13.6,1.16,60.11
102827,2026-07-15,قلوريز,لمى الدوسري,الرياض,تمارا,تم التسليم,2,240,0,0,240,31.3,208.7,68,16.0,15.6,109.1
102826,2026-07-15,قلوريز,محمد البقمي,جدة,مدى,تم التسليم,4,204,0,0,204,26.61,177.39,48,16.15,2.04,111.2
102825,2026-07-15,قلوريز,منيرة الزهراني,أبها,مدى,تم التسليم,5,393,0,0,393,51.26,341.74,104,20.4,3.93,213.41
102824,2026-07-15,قلوريز,جود الشمري,الرياض,تمارا,تم التسليم,1,55,0,20,75,9.78,65.22,13,12.48,4.88,34.86
102823,2026-07-15,قلوريز,عبير الدوسري,الرياض,تمارا,تم التسليم,1,39,0,20,59,7.7,51.3,9,16.0,3.83,22.47
102822,2026-07-15,سموذ,أمل المطيري,أبها,مدى,تم التسليم,1,189,0,25,214,27.91,186.09,62,24.0,2.14,97.95
102821,2026-07-15,سموذ,غادة المطيري,أبها,Apple Pay,تم التسليم,2,230,0,25,255,33.26,221.74,74,24.0,5.1,118.64
102820,2026-07-15,سموذ,شهد البقمي,الخبر,Apple Pay,تم التسليم,3,429,64,0,365,47.61,317.39,140,16.15,7.3,153.94
102819,2026-07-15,سموذ,دانة الغامدي,القصيم,مدى,تم التسليم,2,290,0,0,290,37.83,252.17,96,26.88,2.9,126.39
102818,2026-07-15,سموذ,رهف الغامدي,الرياض,مدى,تم التسليم,2,170,0,25,195,25.43,169.57,52,13.6,1.95,102.02
102817,2026-07-15,سموذ,نايف الرشيدي,الرياض,Apple Pay,تم التسليم,2,220,0,25,245,31.96,213.04,70,16.0,4.9,122.14
102816,2026-07-15,سموذ,سلطان السبيعي,الرياض,تمارا,تم التسليم,4,454,0,0,454,59.22,394.78,144,13.6,29.51,207.67
102815,2026-07-15,سموذ,عبدالله البقمي,المدينة,فيزا,تم التسليم,1,85,8,25,102,13.3,88.7,26,21.0,2.55,39.15
102814,2026-07-15,سموذ,بندر الحربي,الرياض,تمارا,تم التسليم,4,375,0,0,375,48.91,326.09,119,16.0,24.38,166.71
102813,2026-07-15,سموذ,هند الزهراني,القصيم,Apple Pay,تم التسليم,1,145,14,25,156,20.35,135.65,48,24.0,3.12,60.53
102812,2026-07-15,سموذ,ماجد الدوسري,المدينة,Apple Pay,تم التسليم,2,240,0,25,265,34.57,230.43,82,23.52,5.3,119.61
102811,2026-07-15,سموذ,هند المطيري,الرياض,الدفع عند الاستلام,تم التسليم,4,549,0,0,549,71.61,477.39,185,16.0,12.0,264.39
102810,2026-07-15,سموذ,نايف المطيري,الرياض,Apple Pay,تم التسليم,3,335,34,0,301,39.26,261.74,112,16.0,6.02,127.72
102809,2026-07-15,سموذ,نورة الشمري,الرياض,مدى,تم التسليم,3,567,57,0,510,66.52,443.48,186,12.48,5.1,239.9
102808,2026-07-15,سموذ,غادة المطيري,جدة,Apple Pay,تم التسليم,2,170,0,25,195,25.43,169.57,52,16.15,3.9,97.52
102807,2026-07-14,قلوريز,هند الغامدي,جدة,مدى,تم التسليم,1,49,0,20,69,9.0,60.0,11,14.82,0.69,33.49
102806,2026-07-14,قلوريز,سلطان الغامدي,الرياض,فيزا,تم التسليم,2,240,0,0,240,31.3,208.7,68,12.48,6.0,122.22
102805,2026-07-14,قلوريز,منيرة الرشيدي,الرياض,مدى,تم التسليم,2,98,0,20,118,15.39,102.61,22,12.48,1.18,66.95
102804,2026-07-14,قلوريز,ياسر الحربي,جدة,تمارا,ملغي,4,214,0,0,214,0,0,0,0,0,0
102803,2026-07-14,قلوريز,بندر الشمري,أبها,مدى,تم التسليم,5,283,57,0,226,29.48,196.52,67,24.0,2.26,103.26
102802,2026-07-14,قلوريز,شهد السبيعي,الرياض,تمارا,تم التسليم,3,123,18,20,125,16.3,108.7,28,12.48,8.12,60.09
102801,2026-07-14,قلوريز,لمى السبيعي,الخبر,Apple Pay,تم التسليم,1,55,0,20,75,9.78,65.22,13,16.15,1.5,34.57
102800,2026-07-14,قلوريز,لمى المطيري,القصيم,مدى,تم التسليم,1,59,9,20,70,9.13,60.87,14,20.4,0.7,25.77
102799,2026-07-14,قلوريز,تركي العنزي,جدة,الدفع عند الاستلام,تم التسليم,3,139,0,20,159,20.74,138.26,32,21.28,12.0,72.98
102798,2026-07-14,قلوريز,أمل العتيبي,جدة,مدى,تم التسليم,2,104,0,20,124,16.17,107.83,24,19.0,1.24,63.59
102797,2026-07-14,قلوريز,جود الدوسري,جدة,مدى,تم التسليم,2,70,14,20,76,9.91,66.09,16,21.28,0.76,28.05
102796,2026-07-14,قلوريز,أمل السبيعي,جدة,Apple Pay,تم التسليم,2,84,0,20,104,13.57,90.43,19,21.28,2.08,48.07
102795,2026-07-14,قلوريز,عبدالله الجهني,الرياض,مدى,تم التسليم,2,110,0,20,130,16.96,113.04,26,17.92,1.3,67.82
102794,2026-07-14,قلوريز,شهد البقمي,أبها,تمارا,تم التسليم,3,177,0,0,177,23.09,153.91,42,24.0,11.51,76.41
102793,2026-07-14,قلوريز,خالد القحطاني,الرياض,الدفع عند الاستلام,تم التسليم,1,39,0,20,59,7.7,51.3,9,13.6,12.0,16.7
102792,2026-07-14,قلوريز,لمى المطيري,الخبر,مدى,تم التسليم,1,120,0,20,140,18.26,121.74,34,19.0,1.4,67.34
102791,2026-07-14,قلوريز,بندر السالم,الرياض,Apple Pay,تم التسليم,2,155,0,0,155,20.22,134.78,42,12.48,3.1,77.2
102790,2026-07-14,قلوريز,أمل الحربي,الدمام,Apple Pay,تم التسليم,3,173,26,20,167,21.78,145.22,41,21.28,3.34,79.6
102789,2026-07-14,قلوريز,نايف الدوسري,مكة,مدى,تم التسليم,2,78,0,20,98,12.78,85.22,18,21.0,0.98,45.24
102788,2026-07-14,سموذ,فهد المالكي,الخبر,مدى,تم التسليم,1,120,0,25,145,18.91,126.09,41,16.15,1.45,67.49
102787,2026-07-14,سموذ,عبدالله الزهراني,المدينة,مدى,تم التسليم,1,120,12,25,133,17.35,115.65,41,17.85,1.33,55.47
102786,2026-07-14,سموذ,جود القحطاني,مكة,تمارا,تم التسليم,1,75,0,25,100,13.04,86.96,22,23.52,6.5,34.94
102785,2026-07-14,سموذ,بندر المطيري,جدة,مدى,تم التسليم,1,95,0,25,120,15.65,104.35,30,19.0,1.2,54.15
102784,2026-07-14,سموذ,فهد الغامدي,الرياض,فيزا,تم التسليم,1,85,0,25,110,14.35,95.65,26,13.6,2.75,53.3
102783,2026-07-14,سموذ,أمل الدوسري,مكة,تمارا,تم التسليم,2,284,0,0,284,37.04,246.96,92,17.85,18.46,118.65
102782,2026-07-14,سموذ,تركي الحربي,أبها,مدى,تم التسليم,1,145,0,25,170,22.17,147.83,48,18.72,1.7,79.41
102781,2026-07-14,سموذ,عبير العتيبي,الرياض,مدى,ملغي,2,334,0,0,334,0,0,0,0,0,0
102780,2026-07-14,سموذ,هند الزهراني,مكة,مدى,تم التسليم,2,220,0,25,245,31.96,213.04,70,21.0,2.45,119.59
102779,2026-07-14,سموذ,عبير السالم,مكة,مدى,تم التسليم,1,75,0,25,100,13.04,86.96,22,21.0,1.0,42.96
102778,2026-07-14,سموذ,دانة العنزي,الرياض,تمارا,تم التسليم,3,350,35,0,315,41.09,273.91,115,16.0,20.48,122.44
102777,2026-07-14,سموذ,منيرة القحطاني,الدمام,Apple Pay,تم التسليم,1,189,0,25,214,27.91,186.09,62,21.28,4.28,98.53
102776,2026-07-14,سموذ,نايف المالكي,جدة,مدى,تم التسليم,1,95,0,25,120,15.65,104.35,30,21.28,1.2,51.87
102775,2026-07-14,سموذ,ياسر الدوسري,مكة,الدفع عند الاستلام,تم التسليم,4,583,0,0,583,76.04,506.96,191,21.0,12.0,282.96
102774,2026-07-14,سموذ,محمد البقمي,أبها,Apple Pay,تم التسليم,3,235,0,25,260,33.91,226.09,70,20.4,5.2,130.49
102773,2026-07-14,سموذ,ياسر المطيري,الخبر,تمارا,تم التسليم,2,215,0,25,240,31.3,208.7,71,19.0,15.6,103.1
102772,2026-07-13,قلوريز,عبدالله العنزي,الرياض,فيزا,تم التسليم,4,419,0,0,419,54.65,364.35,116,16.0,10.48,221.87
102771,2026-07-13,قلوريز,ريم السالم,الدمام,تمارا,تم التسليم,1,55,0,20,75,9.78,65.22,13,16.15,4.88,31.19
102770,2026-07-13,قلوريز,راكان المالكي,المدينة,تمارا,تم التسليم,2,169,0,0,169,22.04,146.96,45,23.52,10.99,67.45
102769,2026-07-13,قلوريز,نورة الزهراني,جدة,الدفع عند الاستلام,ملغي,1,120,0,20,140,0,0,0,0,0,0
102768,2026-07-13,قلوريز,تركي الشهري,الخبر,فيزا,تم التسليم,2,118,0,20,138,18.0,120.0,28,14.82,3.45,73.73
102767,2026-07-13,قلوريز,ماجد المالكي,المدينة,Apple Pay,تم التسليم,1,35,0,20,55,7.17,47.83,8,23.52,1.1,15.21
102766,2026-07-13,قلوريز,جود الغامدي,جدة,مدى,تم التسليم,1,35,0,20,55,7.17,47.83,8,16.15,0.55,23.13
102765,2026-07-13,قلوريز,دانة العنزي,مكة,فيزا,تم التسليم,2,70,0,20,90,11.74,78.26,16,23.52,2.25,36.49
102764,2026-07-13,قلوريز,تركي الشهري,الخبر,مدى,تم التسليم,1,55,6,20,69,9.0,60.0,13,16.15,0.69,30.16
102763,2026-07-13,قلوريز,ياسر الزهراني,أبها,تمارا,تم التسليم,5,320,0,0,320,41.74,278.26,81,18.72,20.8,157.74
102762,2026-07-13,قلوريز,خالد المالكي,الرياض,الدفع عند الاستلام,تم التسليم,2,98,0,20,118,15.39,102.61,22,13.6,12.0,55.01
102761,2026-07-13,قلوريز,سارة السبيعي,جدة,Apple Pay,تم التسليم,1,49,0,20,69,9.0,60.0,11,19.0,1.38,28.62
102760,2026-07-13,قلوريز,أمل الغامدي,أبها,Apple Pay,تم التسليم,1,55,0,20,75,9.78,65.22,13,18.72,1.5,32.0
102759,2026-07-13,قلوريز,هند الشمري,القصيم,تمارا,تم التسليم,4,225,0,0,225,29.35,195.65,58,20.4,14.62,102.63
102758,2026-07-13,قلوريز,محمد العنزي,الرياض,Apple Pay,تم التسليم,2,110,16,20,114,14.87,99.13,26,13.6,2.28,57.25
102757,2026-07-13,قلوريز,عبير العتيبي,تبوك,Apple Pay,تم التسليم,2,169,0,0,169,22.04,146.96,45,26.88,3.38,71.7
102756,2026-07-13,قلوريز,عبير الغامدي,جدة,تمارا,تم التسليم,1,59,0,20,79,10.3,68.7,14,16.15,5.13,33.41
102755,2026-07-13,قلوريز,عبير الحربي,تبوك,فيزا,تم التسليم,1,55,11,20,64,8.35,55.65,13,24.0,1.6,17.05
102754,2026-07-13,قلوريز,سارة الزهراني,مكة,Apple Pay,تم التسليم,1,59,0,20,79,10.3,68.7,14,23.52,1.58,29.6
102753,2026-07-13,قلوريز,عبير الشمري,جدة,تمارا,تم التسليم,1,59,12,20,67,8.74,58.26,14,16.15,4.36,23.76
102752,2026-07-13,سموذ,ياسر الحربي,مكة,Apple Pay,تم التسليم,3,290,0,0,290,37.83,252.17,93,21.0,5.8,132.37
102751,2026-07-13,سموذ,خالد السالم,الرياض,مدى,تم التسليم,3,265,0,0,265,34.57,230.43,82,12.48,2.65,133.3
102750,2026-07-13,سموذ,نايف السالم,القصيم,فيزا,تم التسليم,3,315,0,0,315,41.09,273.91,100,26.88,7.88,139.16
102749,2026-07-13,سموذ,بندر الجهني,جدة,مدى,تم التسليم,2,220,0,25,245,31.96,213.04,70,19.0,2.45,121.59
102748,2026-07-13,سموذ,سلطان الشمري,جدة,مدى,تم التسليم,4,430,0,0,430,56.09,373.91,138,19.0,4.3,212.61
102747,2026-07-13,سموذ,أمل الغامدي,الرياض,Apple Pay,تم التسليم,2,195,0,25,220,28.7,191.3,63,16.0,4.4,107.9
102746,2026-07-13,سموذ,فهد الشمري,جدة,فيزا,تم التسليم,2,170,0,25,195,25.43,169.57,52,14.82,4.88,97.87
102745,2026-07-13,سموذ,غادة السبيعي,مكة,تمارا,تم التسليم,2,274,0,0,274,35.74,238.26,88,21.0,17.81,111.45
102744,2026-07-13,سموذ,نورة العتيبي,مكة,فيزا,تم التسليم,2,150,0,25,175,22.83,152.17,44,21.0,4.38,82.8
102743,2026-07-13,سموذ,عبدالله البقمي,الرياض,مدى,تم التسليم,2,264,0,0,264,34.43,229.57,84,13.6,2.64,129.33
102742,2026-07-13,سموذ,فهد الشهري,الرياض,مدى,تم التسليم,3,235,0,25,260,33.91,226.09,70,16.0,2.6,137.49
102741,2026-07-13,سموذ,بندر الحربي,جدة,تمارا,تم التسليم,2,378,57,0,321,41.87,279.13,124,21.28,20.87,112.99
102740,2026-07-12,قلوريز,غادة المطيري,الرياض,الدفع عند الاستلام,تم التسليم,1,55,8,20,67,8.74,58.26,13,12.48,12.0,20.78
102739,2026-07-12,قلوريز,جود الشمري,الرياض,Apple Pay,تم التسليم,2,155,16,20,159,20.74,138.26,42,16.0,3.18,77.08
102738,2026-07-12,قلوريز,بندر الزهراني,الرياض,Apple Pay,تم التسليم,1,59,0,20,79,10.3,68.7,14,12.48,1.58,40.64
102737,2026-07-12,قلوريز,خالد الزهراني,الرياض,مدى,تم التسليم,1,55,0,20,75,9.78,65.22,13,16.0,0.75,35.47
102736,2026-07-12,قلوريز,خالد العتيبي,الدمام,Apple Pay,تم التسليم,2,94,0,20,114,14.87,99.13,22,19.0,2.28,55.85
102735,2026-07-12,قلوريز,تركي المالكي,الخبر,مدى,تم التسليم,3,125,0,20,145,18.91,126.09,29,16.15,1.45,79.49
102734,2026-07-12,قلوريز,ياسر المالكي,أبها,Apple Pay,تم التسليم,4,166,33,20,153,19.96,133.04,38,20.4,3.06,71.58
102733,2026-07-12,قلوريز,عبدالله الغامدي,الرياض,مدى,تم التسليم,3,147,0,20,167,21.78,145.22,33,16.0,1.67,94.55
102732,2026-07-12,قلوريز,هند الزهراني,الخبر,Apple Pay,تم التسليم,3,228,0,0,228,29.74,198.26,59,21.28,4.56,113.42
102731,2026-07-12,قلوريز,تركي الحربي,جدة,الدفع عند الاستلام,تم التسليم,1,120,24,20,116,15.13,100.87,34,19.0,12.0,35.87
102730,2026-07-12,قلوريز,هند العتيبي,مكة,Apple Pay,تم التسليم,2,74,15,20,79,10.3,68.7,17,21.0,1.58,29.12
102729,2026-07-12,قلوريز,ياسر العتيبي,الرياض,فيزا,تم التسليم,1,39,0,20,59,7.7,51.3,9,13.6,1.48,27.23
102728,2026-07-12,قلوريز,أمل السبيعي,جدة,Apple Pay,تم التسليم,1,39,0,20,59,7.7,51.3,9,16.15,1.18,24.97
102727,2026-07-12,قلوريز,منيرة الشهري,جدة,Apple Pay,تم التسليم,4,192,0,0,192,25.04,166.96,44,14.82,3.84,104.3
102726,2026-07-12,قلوريز,شهد السالم,القصيم,Apple Pay,تم التسليم,1,59,9,20,70,9.13,60.87,14,26.88,1.4,18.59
102725,2026-07-12,سموذ,نورة الحربي,الرياض,Apple Pay,تم التسليم,1,85,8,25,102,13.3,88.7,26,16.0,2.04,44.66
102724,2026-07-12,سموذ,تركي السالم,الخبر,مدى,تم التسليم,3,300,0,0,300,39.13,260.87,97,16.15,3.0,144.72
102723,2026-07-12,سموذ,سارة الرشيدي,الخبر,تمارا,تم التسليم,2,170,34,25,161,21.0,140.0,52,21.28,10.46,56.25
102722,2026-07-12,سموذ,ياسر الدوسري,الرياض,Apple Pay,تم التسليم,1,120,0,25,145,18.91,126.09,41,16.0,2.9,66.19
102721,2026-07-12,سموذ,أمل السالم,الدمام,الدفع عند الاستلام,تم التسليم,1,189,0,25,214,27.91,186.09,62,21.28,12.0,90.81
102720,2026-07-12,سموذ,ياسر القحطاني,المدينة,الدفع عند الاستلام,تم التسليم,1,120,0,25,145,18.91,126.09,41,17.85,12.0,55.24
102719,2026-07-12,سموذ,بندر الشهري,أبها,Apple Pay,تم التسليم,5,505,101,0,404,52.7,351.3,160,26.88,8.08,156.34
102718,2026-07-12,سموذ,عبدالله الشمري,مكة,Apple Pay,تم التسليم,3,285,0,0,285,37.17,247.83,90,21.0,5.7,131.13
102717,2026-07-12,سموذ,نايف الشهري,جدة,تمارا,تم التسليم,1,120,0,25,145,18.91,126.09,41,16.15,9.43,59.51
102716,2026-07-12,سموذ,رهف المطيري,القصيم,Apple Pay,تم التسليم,2,180,0,25,205,26.74,178.26,56,20.4,4.1,97.76
102715,2026-07-12,سموذ,تركي الشمري,المدينة,مدى,تم التسليم,2,265,53,25,237,30.91,206.09,89,21.0,2.37,93.72
102714,2026-07-12,سموذ,ياسر السبيعي,المدينة,مدى,تم التسليم,4,434,0,0,434,56.61,377.39,136,21.0,4.34,216.05
102713,2026-07-12,سموذ,ياسر الجهني,جدة,Apple Pay,تم التسليم,1,85,0,25,110,14.35,95.65,26,16.15,2.2,51.3
102712,2026-07-12,سموذ,نايف الزهراني,جدة,مدى,تم التسليم,2,160,0,25,185,24.13,160.87,48,21.28,1.85,89.74
102711,2026-07-11,قلوريز,ياسر العنزي,الخبر,مدى,تم التسليم,5,237,24,0,213,27.78,185.22,54,19.0,2.13,110.09
102710,2026-07-11,قلوريز,تركي الجهني,مكة,مدى,تم التسليم,3,295,30,0,265,34.57,230.43,81,16.38,2.65,130.4
102709,2026-07-11,قلوريز,ماجد المطيري,جدة,مدى,تم التسليم,1,55,0,20,75,9.78,65.22,13,21.28,0.75,30.19
102708,2026-07-11,قلوريز,ريم الغامدي,الدمام,Apple Pay,تم التسليم,1,120,0,20,140,18.26,121.74,34,16.15,2.8,68.79
102707,2026-07-11,قلوريز,خالد السالم,جدة,الدفع عند الاستلام,تم التسليم,1,35,0,20,55,7.17,47.83,8,21.28,12.0,6.55
102706,2026-07-11,قلوريز,رهف السبيعي,الرياض,مدى,تم التسليم,1,39,0,20,59,7.7,51.3,9,16.0,0.59,25.71
102705,2026-07-11,قلوريز,ماجد العنزي,المدينة,Apple Pay,تم التسليم,3,177,0,0,177,23.09,153.91,42,16.38,3.54,91.99
102704,2026-07-11,قلوريز,ماجد البقمي,جدة,مدى,ملغي,1,55,8,20,67,0,0,0,0,0,0
102703,2026-07-11,قلوريز,نورة البقمي,الرياض,الدفع عند الاستلام,تم التسليم,3,228,0,0,228,29.74,198.26,59,16.0,12.0,111.26
102702,2026-07-11,قلوريز,أمل الغامدي,الرياض,Apple Pay,تم التسليم,2,70,0,20,90,11.74,78.26,16,16.0,1.8,44.46
102701,2026-07-11,قلوريز,جود الرشيدي,المدينة,الدفع عند الاستلام,تم التسليم,1,120,0,20,140,18.26,121.74,34,16.38,12.0,59.36
102700,2026-07-11,قلوريز,ياسر المطيري,الرياض,Apple Pay,تم التسليم,2,74,11,20,83,10.83,72.17,17,16.0,1.66,37.51
102699,2026-07-11,قلوريز,ياسر السبيعي,الرياض,مدى,تم التسليم,1,55,0,20,75,9.78,65.22,13,16.0,0.75,35.47
102698,2026-07-11,قلوريز,منيرة الغامدي,الدمام,مدى,تم التسليم,2,108,16,20,112,14.61,97.39,25,21.28,1.12,49.99
102697,2026-07-11,سموذ,رهف المطيري,الدمام,مدى,تم التسليم,2,284,0,0,284,37.04,246.96,92,14.82,2.84,137.3
102696,2026-07-11,سموذ,خالد المطيري,الرياض,Apple Pay,تم التسليم,3,339,0,0,339,44.22,294.78,106,13.6,6.78,168.4
102695,2026-07-11,سموذ,نايف الشمري,جدة,تمارا,تم التسليم,3,290,29,0,261,34.04,226.96,93,19.0,16.96,97.99
102694,2026-07-11,سموذ,ياسر الشمري,الرياض,مدى,تم التسليم,3,255,0,0,255,33.26,221.74,78,16.0,2.55,125.19
102693,2026-07-11,سموذ,بندر القحطاني,مكة,Apple Pay,تم التسليم,2,309,46,0,263,34.3,228.7,103,21.0,5.26,99.44
102692,2026-07-11,سموذ,غادة البقمي,جدة,الدفع عند الاستلام,ملغي,1,75,0,25,100,0,0,0,0,0,0
102691,2026-07-11,سموذ,ياسر الدوسري,الرياض,تمارا,تم التسليم,1,145,0,25,170,22.17,147.83,48,12.48,11.05,76.3
102690,2026-07-11,سموذ,راكان البقمي,أبها,مدى,ملغي,3,375,0,0,375,0,0,0,0,0,0
102689,2026-07-11,سموذ,عبدالله السبيعي,الرياض,مدى,تم التسليم,4,445,67,0,378,49.3,328.7,149,13.6,3.78,162.32
102688,2026-07-11,سموذ,نورة الرشيدي,مكة,فيزا,تم التسليم,5,530,0,0,530,69.13,460.87,175,23.52,13.25,249.1
102687,2026-07-11,سموذ,سارة الشهري,الخبر,Apple Pay,تم التسليم,1,189,0,25,214,27.91,186.09,62,21.28,4.28,98.53
102686,2026-07-11,سموذ,خالد الجهني,الدمام,Apple Pay,تم التسليم,1,145,0,25,170,22.17,147.83,48,19.0,3.4,77.43
102685,2026-07-11,سموذ,ريم الغامدي,الرياض,تمارا,تم التسليم,1,120,0,25,145,18.91,126.09,41,17.92,9.43,57.74
102684,2026-07-10,قلوريز,سلطان المالكي,الرياض,مدى,تم التسليم,6,270,0,0,270,35.22,234.78,63,13.6,2.7,155.48
102683,2026-07-10,قلوريز,شهد العنزي,جدة,مدى,تم التسليم,2,240,24,0,216,28.17,187.83,68,16.15,2.16,101.52
102682,2026-07-10,قلوريز,فهد العنزي,الرياض,فيزا,تم التسليم,1,59,0,20,79,10.3,68.7,14,17.92,1.98,34.8
102681,2026-07-10,قلوريز,هند الرشيدي,جدة,مدى,تم التسليم,1,35,0,20,55,7.17,47.83,8,21.28,0.55,18.0
102680,2026-07-10,قلوريز,ماجد الدوسري,جدة,الدفع عند الاستلام,تم التسليم,3,147,0,20,167,21.78,145.22,33,14.82,12.0,85.4
102679,2026-07-10,قلوريز,بندر الحربي,مكة,Apple Pay,تم التسليم,1,120,0,20,140,18.26,121.74,34,23.52,2.8,61.42
102678,2026-07-10,قلوريز,راكان الرشيدي,جدة,الدفع عند الاستلام,تم التسليم,2,118,0,20,138,18.0,120.0,28,21.28,12.0,58.72
102677,2026-07-10,قلوريز,عبدالله العنزي,الرياض,فيزا,تم التسليم,1,55,0,20,75,9.78,65.22,13,17.92,1.88,32.42
102676,2026-07-10,قلوريز,تركي الجهني,الرياض,تمارا,تم التسليم,5,296,0,0,296,38.61,257.39,74,17.92,19.24,146.23
102675,2026-07-10,قلوريز,رهف الشمري,القصيم,مدى,تم التسليم,4,208,0,0,208,27.13,180.87,48,20.4,2.08,110.39
102674,2026-07-10,قلوريز,عبدالله السالم,الرياض,Apple Pay,تم التسليم,2,78,12,20,86,11.22,74.78,18,12.48,1.72,42.58
102673,2026-07-10,قلوريز,تركي العتيبي,الرياض,Apple Pay,ملغي,1,49,5,20,64,0,0,0,0,0,0
102672,2026-07-10,قلوريز,عبير العتيبي,مكة,فيزا,تم التسليم,3,105,0,20,125,16.3,108.7,24,16.38,3.12,65.19
102671,2026-07-10,قلوريز,بندر العتيبي,أبها,الدفع عند الاستلام,تم التسليم,1,120,0,20,140,18.26,121.74,34,24.0,12.0,51.74
102670,2026-07-10,قلوريز,عبير الغامدي,الرياض,فيزا,تم التسليم,4,154,0,0,154,20.09,133.91,35,17.92,3.85,77.14
102669,2026-07-10,قلوريز,دانة الشهري,جدة,فيزا,ملغي,1,35,0,20,55,0,0,0,0,0,0
102668,2026-07-10,قلوريز,ماجد الحربي,الرياض,فيزا,تم التسليم,1,35,0,20,55,7.17,47.83,8,16.0,1.38,22.45
102667,2026-07-10,قلوريز,فهد الدوسري,المدينة,Apple Pay,تم التسليم,2,70,0,20,90,11.74,78.26,16,21.0,1.8,39.46
102666,2026-07-10,قلوريز,رهف الرشيدي,تبوك,Apple Pay,تم التسليم,3,224,34,0,190,24.78,165.22,58,18.72,3.8,84.7
102665,2026-07-10,قلوريز,هند المطيري,أبها,تمارا,تم التسليم,1,39,6,20,53,6.91,46.09,9,20.4,3.45,13.24
102664,2026-07-10,قلوريز,سلطان العتيبي,الدمام,الدفع عند الاستلام,تم التسليم,6,252,0,0,252,32.87,219.13,57,14.82,12.0,135.31
102663,2026-07-10,قلوريز,بندر الغامدي,المدينة,الدفع عند الاستلام,تم التسليم,4,180,27,0,153,19.96,133.04,42,17.85,12.0,61.19
102662,2026-07-10,سموذ,سلطان الشمري,الدمام,تمارا,تم التسليم,3,285,0,0,285,37.17,247.83,90,19.0,18.53,120.3
102661,2026-07-10,سموذ,أمل الحربي,الدمام,فيزا,تم التسليم,6,594,0,0,594,77.48,516.52,184,16.15,14.85,301.52
102660,2026-07-10,سموذ,عبير السبيعي,جدة,مدى,ملغي,1,145,0,25,170,0,0,0,0,0,0
102659,2026-07-10,سموذ,راكان الشمري,الرياض,مدى,تم التسليم,1,75,0,25,100,13.04,86.96,22,16.0,1.0,47.96
102658,2026-07-10,سموذ,فهد العتيبي,الرياض,الدفع عند الاستلام,تم التسليم,2,215,0,25,240,31.3,208.7,71,16.0,12.0,109.7
102657,2026-07-10,سموذ,بندر الشهري,الدمام,فيزا,تم التسليم,1,189,0,25,214,27.91,186.09,62,16.15,5.35,102.59
102656,2026-07-10,سموذ,منيرة الرشيدي,مكة,الدفع عند الاستلام,تم التسليم,3,473,0,0,473,61.7,411.3,154,16.38,12.0,228.92
102655,2026-07-10,سموذ,بندر المالكي,القصيم,مدى,تم التسليم,6,565,56,0,509,66.39,442.61,179,24.0,5.09,234.52
102654,2026-07-10,سموذ,تركي المالكي,المدينة,فيزا,تم التسليم,4,455,0,0,455,59.35,395.65,153,17.85,11.38,213.43
102653,2026-07-10,سموذ,خالد الدوسري,الرياض,Apple Pay,تم التسليم,1,145,0,25,170,22.17,147.83,48,13.6,3.4,82.83
102652,2026-07-10,سموذ,دانة العتيبي,الرياض,مدى,تم التسليم,1,75,8,25,92,12.0,80.0,22,12.48,0.92,44.6
102651,2026-07-10,سموذ,ماجد السالم,الدمام,الدفع عند الاستلام,تم التسليم,1,75,0,25,100,13.04,86.96,22,16.15,12.0,36.81
102650,2026-07-10,سموذ,دانة الحربي,الرياض,تمارا,تم التسليم,1,95,0,25,120,15.65,104.35,30,13.6,7.8,52.95
102649,2026-07-09,قلوريز,تركي السالم,جدة,مدى,تم التسليم,1,49,0,20,69,9.0,60.0,11,19.0,0.69,29.31
102648,2026-07-09,قلوريز,رهف المالكي,الرياض,فيزا,تم التسليم,4,214,0,0,214,27.91,186.09,50,13.6,5.35,117.14
102647,2026-07-09,قلوريز,منيرة المالكي,الرياض,فيزا,تم التسليم,3,230,0,0,230,30.0,200.0,60,13.6,5.75,120.65
102646,2026-07-09,قلوريز,سارة السالم,الخبر,مدى,تم التسليم,4,182,27,0,155,20.22,134.78,41,16.15,1.55,76.08
102645,2026-07-09,قلوريز,أمل المطيري,الرياض,مدى,تم التسليم,4,330,0,0,330,43.04,286.96,89,17.92,3.3,176.74
102644,2026-07-09,قلوريز,ريم الحربي,القصيم,Apple Pay,تم التسليم,4,419,0,0,419,54.65,364.35,116,24.0,8.38,215.97
102643,2026-07-09,قلوريز,ريم الزهراني,الرياض,مدى,تم التسليم,1,55,0,20,75,9.78,65.22,13,13.6,0.75,37.87
102642,2026-07-09,قلوريز,سلطان الرشيدي,الرياض,Apple Pay,تم التسليم,1,35,5,20,50,6.52,43.48,8,16.0,1.0,18.48
102641,2026-07-09,قلوريز,ماجد العتيبي,الرياض,Apple Pay,تم التسليم,2,98,0,20,118,15.39,102.61,22,13.6,2.36,64.65
102640,2026-07-09,قلوريز,ياسر الزهراني,مكة,مدى,تم التسليم,1,59,9,20,70,9.13,60.87,14,17.85,0.7,28.32
102639,2026-07-09,قلوريز,تركي السالم,جدة,Apple Pay,تم التسليم,2,114,0,20,134,17.48,116.52,27,21.28,2.68,65.56
102638,2026-07-09,قلوريز,سارة الزهراني,مكة,Apple Pay,ملغي,3,127,0,20,147,0,0,0,0,0,0
102637,2026-07-09,قلوريز,خالد الجهني,مكة,مدى,تم التسليم,3,117,0,20,137,17.87,119.13,27,21.0,1.37,69.76
102636,2026-07-09,قلوريز,راكان الشمري,الخبر,مدى,تم التسليم,1,49,0,20,69,9.0,60.0,11,16.15,0.69,32.16
102635,2026-07-09,قلوريز,تركي العنزي,الرياض,الدفع عند الاستلام,تم التسليم,3,214,0,0,214,27.91,186.09,56,17.92,12.0,100.17
102634,2026-07-09,قلوريز,أمل الدوسري,جدة,Apple Pay,تم التسليم,4,257,0,0,257,33.52,223.48,66,19.0,5.14,133.34
102633,2026-07-09,قلوريز,ماجد المالكي,تبوك,مدى,تم التسليم,1,120,0,20,140,18.26,121.74,34,24.0,1.4,62.34
102632,2026-07-09,قلوريز,منيرة الحربي,المدينة,الدفع عند الاستلام,تم التسليم,2,169,0,0,169,22.04,146.96,45,23.52,12.0,66.44
102631,2026-07-09,قلوريز,غادة السبيعي,القصيم,الدفع عند الاستلام,تم التسليم,1,59,0,20,79,10.3,68.7,14,26.88,12.0,15.82
102630,2026-07-09,قلوريز,بندر الشهري,الدمام,مدى,تم التسليم,2,240,0,0,240,31.3,208.7,68,19.0,2.4,119.3
102629,2026-07-09,قلوريز,محمد السبيعي,الرياض,مدى,تم التسليم,3,360,0,0,360,46.96,313.04,102,16.0,3.6,191.44
102628,2026-07-09,قلوريز,خالد المطيري,الرياض,الدفع عند الاستلام,ملغي,2,88,18,20,90,0,0,0,0,0,0
102627,2026-07-09,قلوريز,غادة الرشيدي,مكة,Apple Pay,تم التسليم,1,59,6,20,73,9.52,63.48,14,21.0,1.46,27.02
102626,2026-07-09,قلوريز,نورة الشهري,الرياض,تمارا,تم التسليم,2,108,0,20,128,16.7,111.3,25,16.0,8.32,61.98
102625,2026-07-09,قلوريز,جود المطيري,الرياض,فيزا,تم التسليم,3,279,0,0,279,36.39,242.61,77,13.6,6.98,145.03
102624,2026-07-09,سموذ,خالد الزهراني,المدينة,الدفع عند الاستلام,تم التسليم,1,120,0,25,145,18.91,126.09,41,16.38,12.0,56.71
102623,2026-07-09,سموذ,أمل العتيبي,الرياض,Apple Pay,تم التسليم,1,189,0,25,214,27.91,186.09,62,16.0,4.28,103.81
102622,2026-07-09,سموذ,منيرة الحربي,الرياض,Apple Pay,تم التسليم,4,568,0,0,568,74.09,493.91,184,16.0,11.36,282.55
102621,2026-07-09,سموذ,فهد الشمري,مكة,Apple Pay,تم التسليم,4,530,0,0,530,69.13,460.87,178,21.0,10.6,251.27
102620,2026-07-09,سموذ,خالد البقمي,الرياض,Apple Pay,تم التسليم,3,429,0,0,429,55.96,373.04,140,16.0,8.58,208.46
102619,2026-07-09,سموذ,تركي الشهري,الرياض,مدى,تم التسليم,1,145,0,25,170,22.17,147.83,48,12.48,1.7,85.65
102618,2026-07-09,سموذ,رهف الشهري,القصيم,مدى,تم التسليم,4,599,0,0,599,78.13,520.87,199,18.72,5.99,297.16
102617,2026-07-09,سموذ,ماجد العنزي,تبوك,مدى,تم التسليم,2,220,0,25,245,31.96,213.04,70,18.72,2.45,121.87
102616,2026-07-09,سموذ,سلطان الشمري,جدة,الدفع عند الاستلام,تم التسليم,1,120,18,25,127,16.57,110.43,41,21.28,12.0,36.15
102615,2026-07-09,سموذ,سارة الجهني,الدمام,مدى,تم التسليم,1,120,24,25,121,15.78,105.22,41,19.0,1.21,44.01
102614,2026-07-09,سموذ,فهد العنزي,المدينة,مدى,تم التسليم,4,564,85,0,479,62.48,416.52,184,17.85,4.79,209.88
102613,2026-07-09,سموذ,نورة الغامدي,مكة,Apple Pay,تم التسليم,4,504,0,0,504,65.74,438.26,166,21.0,10.08,241.18
102612,2026-07-09,سموذ,سارة الحربي,تبوك,Apple Pay,تم التسليم,1,75,0,25,100,13.04,86.96,22,20.4,2.0,42.56
102611,2026-07-09,سموذ,تركي المطيري,تبوك,مدى,تم التسليم,2,215,0,25,240,31.3,208.7,71,20.4,2.4,114.9
102610,2026-07-09,سموذ,جود العنزي,القصيم,تمارا,تم التسليم,1,189,0,25,214,27.91,186.09,62,24.0,13.91,86.18
102609,2026-07-09,سموذ,شهد الحربي,أبها,الدفع عند الاستلام,تم التسليم,2,265,0,0,265,34.57,230.43,89,18.72,12.0,110.71
102608,2026-07-09,سموذ,تركي الزهراني,الرياض,فيزا,تم التسليم,2,265,0,0,265,34.57,230.43,89,17.92,6.62,116.89
102607,2026-07-09,سموذ,رهف الرشيدي,جدة,مدى,ملغي,4,520,0,0,520,0,0,0,0,0,0
102606,2026-07-09,سموذ,لمى الغامدي,مكة,فيزا,تم التسليم,3,325,0,0,325,42.39,282.61,108,23.52,8.12,142.96
102605,2026-07-09,سموذ,سارة البقمي,الخبر,Apple Pay,تم التسليم,1,75,15,25,85,11.09,73.91,22,19.0,1.7,31.21
102604,2026-07-09,سموذ,خالد السالم,أبها,مدى,تم التسليم,1,75,0,25,100,13.04,86.96,22,24.0,1.0,39.96
102603,2026-07-08,قلوريز,عبدالله الزهراني,الدمام,تمارا,تم التسليم,1,39,0,20,59,7.7,51.3,9,19.0,3.83,19.47
102602,2026-07-08,قلوريز,لمى السالم,الرياض,مدى,تم التسليم,2,240,0,0,240,31.3,208.7,68,13.6,2.4,124.7
102601,2026-07-08,قلوريز,دانة السالم,المدينة,Apple Pay,تم التسليم,3,137,0,20,157,20.48,136.52,31,21.0,3.14,81.38
102600,2026-07-08,قلوريز,خالد الجهني,الرياض,مدى,تم التسليم,1,39,0,20,59,7.7,51.3,9,16.0,0.59,25.71
102599,2026-07-08,قلوريز,عبير العنزي,الدمام,تمارا,تم التسليم,5,207,41,0,166,21.65,144.35,48,16.15,10.79,69.41
102598,2026-07-08,قلوريز,دانة المالكي,الرياض,مدى,تم التسليم,1,35,0,20,55,7.17,47.83,8,12.48,0.55,26.8
102597,2026-07-08,قلوريز,غادة المالكي,جدة,مدى,تم التسليم,2,90,0,20,110,14.35,95.65,21,19.0,1.1,54.55
102596,2026-07-08,قلوريز,رهف العتيبي,الخبر,فيزا,تم التسليم,1,49,0,20,69,9.0,60.0,11,19.0,1.73,28.27
102595,2026-07-08,قلوريز,شهد القحطاني,جدة,مدى,تم التسليم,1,39,4,20,55,7.17,47.83,9,16.15,0.55,22.13
102594,2026-07-08,قلوريز,دانة السالم,جدة,الدفع عند الاستلام,تم التسليم,1,39,0,20,59,7.7,51.3,9,16.15,12.0,14.15
102593,2026-07-08,قلوريز,نورة السبيعي,الرياض,Apple Pay,تم التسليم,2,78,0,20,98,12.78,85.22,18,13.6,1.96,51.66
102592,2026-07-08,قلوريز,هند السالم,الرياض,مدى,ملغي,3,204,0,0,204,0,0,0,0,0,0
102591,2026-07-08,قلوريز,شهد القحطاني,الدمام,مدى,تم التسليم,1,120,0,20,140,18.26,121.74,34,16.15,1.4,70.19
102590,2026-07-08,قلوريز,هند الجهني,جدة,الدفع عند الاستلام,تم التسليم,5,265,40,0,225,29.35,195.65,61,21.28,12.0,101.37
102589,2026-07-08,قلوريز,شهد الجهني,الرياض,Apple Pay,تم التسليم,2,240,0,0,240,31.3,208.7,68,16.0,4.8,119.9
102588,2026-07-08,سموذ,شهد الحربي,الدمام,الدفع عند الاستلام,تم التسليم,7,810,0,0,810,105.65,704.35,263,21.28,12.0,408.07
102587,2026-07-08,سموذ,خالد القحطاني,تبوك,الدفع عند الاستلام,تم التسليم,5,603,0,0,603,78.65,524.35,190,20.4,12.0,301.95
102586,2026-07-08,سموذ,ياسر المطيري,الخبر,مدى,تم التسليم,2,160,16,25,169,22.04,146.96,48,19.0,1.69,78.27
102585,2026-07-08,سموذ,نايف السالم,الرياض,مدى,تم التسليم,3,419,0,0,419,54.65,364.35,136,12.48,4.19,211.68
102584,2026-07-08,سموذ,تركي القحطاني,الرياض,تمارا,تم التسليم,1,120,12,25,133,17.35,115.65,41,17.92,8.64,48.09
102583,2026-07-08,سموذ,رهف العتيبي,أبها,تمارا,ملغي,2,274,0,0,274,0,0,0,0,0,0
102582,2026-07-08,سموذ,أمل العنزي,الدمام,مدى,تم التسليم,2,334,0,0,334,43.57,290.43,110,21.28,3.34,155.81
102581,2026-07-08,سموذ,منيرة المالكي,الرياض,مدى,ملغي,1,145,14,25,156,0,0,0,0,0,0
102580,2026-07-08,سموذ,دانة الدوسري,الرياض,الدفع عند الاستلام,ملغي,2,190,0,25,215,0,0,0,0,0,0
102579,2026-07-08,سموذ,نايف السالم,جدة,مدى,تم التسليم,3,265,26,25,264,34.43,229.57,82,14.82,2.64,130.11
102578,2026-07-08,سموذ,محمد الرشيدي,المدينة,مدى,تم التسليم,3,385,38,0,347,45.26,301.74,130,21.0,3.47,147.27
102577,2026-07-07,قلوريز,منيرة القحطاني,الرياض,مدى,تم التسليم,2,175,0,0,175,22.83,152.17,47,16.0,1.75,87.42
102576,2026-07-07,قلوريز,فهد الدوسري,الخبر,مدى,تم التسليم,1,120,0,20,140,18.26,121.74,34,14.82,1.4,71.52
102575,2026-07-07,قلوريز,ماجد البقمي,القصيم,فيزا,تم التسليم,1,35,0,20,55,7.17,47.83,8,20.4,1.38,18.05
102574,2026-07-07,قلوريز,فهد الزهراني,جدة,مدى,تم التسليم,4,204,0,0,204,26.61,177.39,48,16.15,2.04,111.2
102573,2026-07-07,قلوريز,راكان الجهني,تبوك,الدفع عند الاستلام,تم التسليم,1,49,0,20,69,9.0,60.0,11,24.0,12.0,13.0
102572,2026-07-07,قلوريز,ياسر العنزي,الرياض,Apple Pay,تم التسليم,3,149,22,20,147,19.17,127.83,35,16.0,2.94,73.89
102571,2026-07-07,قلوريز,هند الشهري,جدة,مدى,تم التسليم,1,49,0,20,69,9.0,60.0,11,19.0,0.69,29.31
102570,2026-07-07,قلوريز,منيرة العتيبي,جدة,Apple Pay,تم التسليم,1,120,24,20,116,15.13,100.87,34,21.28,2.32,43.27
102569,2026-07-07,قلوريز,نورة العتيبي,الرياض,Apple Pay,تم التسليم,2,175,0,0,175,22.83,152.17,47,13.6,3.5,88.07
102568,2026-07-07,قلوريز,نورة الجهني,المدينة,مدى,تم التسليم,2,98,0,20,118,15.39,102.61,22,21.0,1.18,58.43
102567,2026-07-07,قلوريز,دانة الزهراني,جدة,مدى,تم التسليم,2,94,0,20,114,14.87,99.13,22,16.15,1.14,59.84
102566,2026-07-07,قلوريز,خالد البقمي,مكة,Apple Pay,تم التسليم,2,108,0,20,128,16.7,111.3,25,21.0,2.56,62.74
102565,2026-07-07,قلوريز,ياسر الزهراني,أبها,تمارا,تم التسليم,3,153,0,0,153,19.96,133.04,36,24.0,9.95,63.1
102564,2026-07-07,قلوريز,خالد الشهري,جدة,Apple Pay,تم التسليم,1,35,0,20,55,7.17,47.83,8,21.28,1.1,17.45
102563,2026-07-07,سموذ,لمى الجهني,الرياض,مدى,تم التسليم,1,120,0,25,145,18.91,126.09,41,13.6,1.45,70.04
102562,2026-07-07,سموذ,تركي العنزي,جدة,Apple Pay,تم التسليم,1,189,38,25,176,22.96,153.04,62,19.0,3.52,68.52
102561,2026-07-07,سموذ,نورة الزهراني,المدينة,Apple Pay,تم التسليم,1,95,10,25,110,14.35,95.65,30,21.0,2.2,42.45
102560,2026-07-07,سموذ,دانة المالكي,الرياض,تمارا,تم التسليم,1,145,0,25,170,22.17,147.83,48,16.0,11.05,72.78
102559,2026-07-07,سموذ,شهد الحربي,أبها,مدى,تم التسليم,1,189,0,25,214,27.91,186.09,62,18.72,2.14,103.23
102558,2026-07-07,سموذ,أمل الدوسري,الرياض,مدى,تم التسليم,1,85,8,25,102,13.3,88.7,26,16.0,1.02,45.68
102557,2026-07-07,سموذ,لمى الغامدي,مكة,مدى,تم التسليم,4,434,0,0,434,56.61,377.39,136,17.85,4.34,219.2
102556,2026-07-07,سموذ,عبدالله العتيبي,الرياض,Apple Pay,تم التسليم,1,189,0,25,214,27.91,186.09,62,16.0,4.28,103.81
102555,2026-07-07,سموذ,خالد المالكي,المدينة,مدى,تم التسليم,3,225,0,25,250,32.61,217.39,66,17.85,2.5,131.04
102554,2026-07-07,سموذ,هند السبيعي,الرياض,مدى,تم التسليم,1,145,0,25,170,22.17,147.83,48,13.6,1.7,84.53
102553,2026-07-06,قلوريز,عبير الرشيدي,الرياض,الدفع عند الاستلام,تم التسليم,1,120,0,20,140,18.26,121.74,34,16.0,12.0,59.74
102552,2026-07-06,قلوريز,نورة المالكي,القصيم,تمارا,ملغي,1,55,11,20,64,0,0,0,0,0,0
102551,2026-07-06,قلوريز,هند المالكي,المدينة,تمارا,تم التسليم,1,59,0,20,79,10.3,68.7,14,17.85,5.13,31.71
102550,2026-07-06,قلوريز,خالد القحطاني,القصيم,مدى,تم التسليم,6,395,0,0,395,51.52,343.48,98,24.0,3.95,217.53
102549,2026-07-06,قلوريز,ماجد المطيري,جدة,الدفع عند الاستلام,تم التسليم,3,360,72,0,288,37.57,250.43,102,16.15,12.0,120.28
102548,2026-07-06,قلوريز,راكان الشهري,أبها,تمارا,تم التسليم,4,214,0,0,214,27.91,186.09,50,24.0,13.91,98.18
102547,2026-07-06,قلوريز,لمى السالم,الدمام,مدى,تم التسليم,3,153,0,0,153,19.96,133.04,35,19.0,1.53,77.51
102546,2026-07-06,قلوريز,بندر الغامدي,القصيم,تمارا,تم التسليم,2,98,0,20,118,15.39,102.61,23,20.4,7.67,51.54
102545,2026-07-06,قلوريز,منيرة المطيري,جدة,مدى,تم التسليم,3,145,14,20,151,19.7,131.3,34,19.0,1.51,76.79
102544,2026-07-06,قلوريز,هند الغامدي,جدة,Apple Pay,تم التسليم,1,120,0,20,140,18.26,121.74,34,16.15,2.8,68.79
102543,2026-07-06,قلوريز,سلطان الرشيدي,مكة,تمارا,تم التسليم,1,55,6,20,69,9.0,60.0,13,23.52,4.49,19.0
102542,2026-07-06,قلوريز,سلطان الغامدي,الرياض,تمارا,تم التسليم,2,108,0,20,128,16.7,111.3,25,13.6,8.32,64.38
102541,2026-07-06,قلوريز,منيرة القحطاني,المدينة,فيزا,تم التسليم,2,70,0,20,90,11.74,78.26,16,17.85,2.25,42.16
102540,2026-07-06,قلوريز,ريم المالكي,القصيم,تمارا,تم التسليم,1,59,0,20,79,10.3,68.7,14,18.72,5.13,30.84
102539,2026-07-06,قلوريز,نورة السبيعي,مكة,Apple Pay,تم التسليم,3,149,15,20,154,20.09,133.91,35,21.0,3.08,74.83
102538,2026-07-06,قلوريز,نايف البقمي,مكة,Apple Pay,تم التسليم,3,295,0,0,295,38.48,256.52,81,16.38,5.9,153.24
102537,2026-07-06,قلوريز,ريم السالم,مكة,تمارا,ملغي,1,120,0,20,140,0,0,0,0,0,0
102536,2026-07-06,قلوريز,ياسر الجهني,مكة,مدى,تم التسليم,2,114,0,20,134,17.48,116.52,27,17.85,1.34,70.33
102535,2026-07-06,سموذ,دانة السبيعي,مكة,تمارا,تم التسليم,3,385,0,0,385,50.22,334.78,130,23.52,25.03,156.24
102534,2026-07-06,سموذ,دانة القحطاني,المدينة,مدى,تم التسليم,1,189,0,25,214,27.91,186.09,62,21.0,2.14,100.95
102533,2026-07-06,سموذ,هند البقمي,جدة,فيزا,تم التسليم,1,189,19,25,195,25.43,169.57,62,16.15,4.88,86.54
102532,2026-07-06,سموذ,سلطان الغامدي,الدمام,تمارا,تم التسليم,4,360,0,0,360,46.96,313.04,112,19.0,23.4,158.64
102531,2026-07-06,سموذ,عبدالله الزهراني,الرياض,فيزا,تم التسليم,5,713,71,0,642,83.74,558.26,232,17.92,16.05,292.29
102530,2026-07-06,سموذ,جود الحربي,جدة,تمارا,تم التسليم,5,605,91,0,514,67.04,446.96,196,19.0,33.41,198.55
102529,2026-07-06,سموذ,راكان الشهري,تبوك,تمارا,تم التسليم,1,145,0,25,170,22.17,147.83,48,18.72,11.05,70.06
102528,2026-07-06,سموذ,ريم المطيري,أبها,مدى,تم التسليم,3,454,0,0,454,59.22,394.78,151,26.88,4.54,212.36
102527,2026-07-06,سموذ,هند الحربي,الرياض,مدى,تم التسليم,2,160,0,25,185,24.13,160.87,48,13.6,1.85,97.42
102526,2026-07-06,سموذ,هند البقمي,المدينة,مدى,تم التسليم,2,240,24,25,241,31.43,209.57,82,17.85,2.41,107.31
102525,2026-07-06,سموذ,أمل العنزي,جدة,Apple Pay,تم التسليم,1,189,0,25,214,27.91,186.09,62,16.15,4.28,103.66
102524,2026-07-06,سموذ,أمل الشهري,الدمام,مدى,تم التسليم,2,240,36,25,229,29.87,199.13,78,16.15,2.29,102.69
102523,2026-07-05,قلوريز,نايف الجهني,الرياض,مدى,تم التسليم,2,70,0,20,90,11.74,78.26,16,13.6,0.9,47.76
102522,2026-07-05,قلوريز,تركي السبيعي,الدمام,Apple Pay,تم التسليم,3,299,45,0,254,33.13,220.87,82,19.0,5.08,114.79
102521,2026-07-05,قلوريز,ماجد الجهني,مكة,الدفع عند الاستلام,تم التسليم,3,133,0,20,153,19.96,133.04,31,21.0,12.0,69.04
102520,2026-07-05,قلوريز,رهف العتيبي,الخبر,Apple Pay,تم التسليم,5,281,0,0,281,36.65,244.35,66,16.15,5.62,156.58
102519,2026-07-05,قلوريز,رهف البقمي,الرياض,فيزا,تم التسليم,2,175,0,0,175,22.83,152.17,47,17.92,4.38,82.88
102518,2026-07-05,قلوريز,ماجد الدوسري,الرياض,فيزا,تم التسليم,2,94,0,20,114,14.87,99.13,22,12.48,2.85,61.8
102517,2026-07-05,قلوريز,منيرة الدوسري,الرياض,مدى,تم التسليم,1,59,9,20,70,9.13,60.87,14,12.48,0.7,33.69
102516,2026-07-05,قلوريز,غادة الحربي,تبوك,مدى,تم التسليم,2,70,0,20,90,11.74,78.26,16,20.4,0.9,40.96
102515,2026-07-05,قلوريز,شهد البقمي,القصيم,الدفع عند الاستلام,تم التسليم,3,279,0,0,279,36.39,242.61,77,18.72,12.0,134.89
102514,2026-07-05,قلوريز,ماجد العتيبي,الدمام,فيزا,تم التسليم,2,74,0,20,94,12.26,81.74,17,16.15,2.35,46.24
102513,2026-07-05,قلوريز,راكان البقمي,الرياض,مدى,تم التسليم,2,169,0,0,169,22.04,146.96,45,16.0,1.69,84.27
102512,2026-07-05,قلوريز,فهد الدوسري,القصيم,فيزا,تم التسليم,1,49,0,20,69,9.0,60.0,11,24.0,1.73,23.27
102511,2026-07-05,قلوريز,بندر الشمري,جدة,مدى,تم التسليم,2,78,0,20,98,12.78,85.22,18,21.28,0.98,44.96
102510,2026-07-05,قلوريز,عبدالله السالم,مكة,مدى,تم التسليم,3,149,0,20,169,22.04,146.96,35,16.38,1.69,93.89
102509,2026-07-05,قلوريز,محمد السبيعي,جدة,مدى,تم التسليم,3,117,0,20,137,17.87,119.13,27,21.28,1.37,69.48
102508,2026-07-05,قلوريز,راكان العتيبي,أبها,تمارا,تم التسليم,1,39,0,20,59,7.7,51.3,9,24.0,3.83,14.47
102507,2026-07-05,قلوريز,محمد الرشيدي,المدينة,Apple Pay,تم التسليم,4,350,52,0,298,38.87,259.13,94,16.38,5.96,142.79
102506,2026-07-05,سموذ,ريم الرشيدي,الرياض,الدفع عند الاستلام,تم التسليم,1,145,0,25,170,22.17,147.83,48,16.0,12.0,71.83
102505,2026-07-05,سموذ,خالد العتيبي,الرياض,الدفع عند الاستلام,ملغي,3,285,0,0,285,0,0,0,0,0,0
102504,2026-07-05,سموذ,فهد المطيري,جدة,تمارا,تم التسليم,3,419,0,0,419,54.65,364.35,136,19.0,27.23,182.11
102503,2026-07-05,سموذ,نورة الحربي,جدة,فيزا,تم التسليم,3,350,0,0,350,45.65,304.35,115,21.28,8.75,159.32
102502,2026-07-05,سموذ,نورة العتيبي,الرياض,مدى,تم التسليم,3,375,0,0,375,48.91,326.09,122,16.0,3.75,184.34
102501,2026-07-05,سموذ,رهف السالم,أبها,الدفع عند الاستلام,ملغي,2,230,0,25,255,0,0,0,0,0,0
102500,2026-07-05,سموذ,فهد السالم,الرياض,تمارا,تم التسليم,3,325,0,0,325,42.39,282.61,108,17.92,21.12,135.56
102499,2026-07-05,سموذ,سارة السبيعي,جدة,Apple Pay,تم التسليم,3,245,0,25,270,35.22,234.78,74,19.0,5.4,136.38
102498,2026-07-05,سموذ,ماجد المالكي,أبها,تمارا,تم التسليم,1,120,0,25,145,18.91,126.09,41,26.88,9.43,48.78
102497,2026-07-05,سموذ,شهد العتيبي,جدة,فيزا,تم التسليم,4,444,0,0,444,57.91,386.09,140,19.0,11.1,215.99
102496,2026-07-05,سموذ,خالد البقمي,الدمام,مدى,تم التسليم,1,189,0,25,214,27.91,186.09,62,16.15,2.14,105.8
102495,2026-07-05,سموذ,تركي الدوسري,المدينة,مدى,تم التسليم,5,395,0,0,395,51.52,343.48,118,21.0,3.95,200.53
102494,2026-07-05,سموذ,تركي المطيري,جدة,مدى,تم التسليم,4,310,0,0,310,40.43,269.57,92,19.0,3.1,155.47
102493,2026-07-05,سموذ,محمد الجهني,جدة,Apple Pay,تم التسليم,4,520,0,0,520,67.83,452.17,170,16.15,10.4,255.62
102492,2026-07-05,سموذ,رهف الزهراني,الخبر,مدى,تم التسليم,1,85,8,25,102,13.3,88.7,26,19.0,1.02,42.68
102491,2026-07-04,قلوريز,هند الشمري,القصيم,مدى,تم التسليم,4,180,0,0,180,23.48,156.52,42,18.72,1.8,94.0
102490,2026-07-04,قلوريز,رهف الرشيدي,تبوك,Apple Pay,تم التسليم,2,118,0,20,138,18.0,120.0,28,18.72,2.76,70.52
102489,2026-07-04,قلوريز,نايف الزهراني,المدينة,مدى,تم التسليم,3,167,0,0,167,21.78,145.22,39,21.0,1.67,83.55
102488,2026-07-04,قلوريز,دانة السالم,جدة,فيزا,ملغي,1,120,24,20,116,0,0,0,0,0,0
102487,2026-07-04,قلوريز,منيرة الحربي,تبوك,مدى,تم التسليم,3,190,38,0,152,19.83,132.17,50,24.0,1.52,56.65
102486,2026-07-04,قلوريز,شهد الشمري,مكة,Apple Pay,تم التسليم,2,110,0,20,130,16.96,113.04,26,23.52,2.6,60.92
102485,2026-07-04,قلوريز,عبدالله البقمي,أبها,مدى,تم التسليم,3,137,0,20,157,20.48,136.52,32,26.88,1.57,76.07
102484,2026-07-04,قلوريز,بندر السبيعي,الدمام,تمارا,تم التسليم,2,104,0,20,124,16.17,107.83,24,14.82,8.06,60.95
102483,2026-07-04,قلوريز,منيرة الزهراني,الرياض,مدى,تم التسليم,2,118,0,20,138,18.0,120.0,28,16.0,1.38,74.62
102482,2026-07-04,قلوريز,نايف الرشيدي,جدة,فيزا,تم التسليم,1,59,0,20,79,10.3,68.7,14,19.0,1.98,33.72
102481,2026-07-04,قلوريز,راكان العتيبي,أبها,تمارا,تم التسليم,2,110,0,20,130,16.96,113.04,26,24.0,8.45,54.59
102480,2026-07-04,قلوريز,ياسر المطيري,الرياض,Apple Pay,تم التسليم,1,39,0,20,59,7.7,51.3,9,16.0,1.18,25.12
102479,2026-07-04,قلوريز,شهد الشمري,جدة,تمارا,تم التسليم,1,59,0,20,79,10.3,68.7,14,19.0,5.13,30.56
102478,2026-07-04,قلوريز,بندر الرشيدي,الدمام,تمارا,تم التسليم,3,210,0,0,210,27.39,182.61,55,19.0,13.65,94.96
102477,2026-07-04,قلوريز,سلطان القحطاني,جدة,تمارا,تم التسليم,1,120,0,20,140,18.26,121.74,34,21.28,9.1,57.36
102476,2026-07-04,قلوريز,نورة الرشيدي,جدة,فيزا,تم التسليم,2,108,16,20,112,14.61,97.39,25,19.0,2.8,50.59
102475,2026-07-04,سموذ,غادة السبيعي,الرياض,الدفع عند الاستلام,تم التسليم,1,85,0,25,110,14.35,95.65,26,16.0,12.0,41.65
102474,2026-07-04,سموذ,فهد المطيري,جدة,مدى,تم التسليم,2,170,0,25,195,25.43,169.57,52,19.0,1.95,96.62
102473,2026-07-04,سموذ,محمد الرشيدي,الدمام,تمارا,تم التسليم,2,220,0,25,245,31.96,213.04,70,19.0,15.93,108.12
102472,2026-07-04,سموذ,عبدالله البقمي,الرياض,Apple Pay,تم التسليم,2,240,36,25,229,29.87,199.13,82,12.48,4.58,100.07
102471,2026-07-04,سموذ,محمد القحطاني,مكة,Apple Pay,تم التسليم,3,385,0,0,385,50.22,334.78,126,17.85,7.7,183.23
102470,2026-07-04,سموذ,هند الحربي,الرياض,مدى,تم التسليم,3,245,0,25,270,35.22,234.78,74,16.0,2.7,142.08
102469,2026-07-04,سموذ,جود الشهري,جدة,مدى,ملغي,1,189,0,25,214,0,0,0,0,0,0
102468,2026-07-04,سموذ,دانة العنزي,أبها,الدفع عند الاستلام,تم التسليم,1,75,0,25,100,13.04,86.96,22,24.0,12.0,28.96
102467,2026-07-04,سموذ,تركي السالم,الخبر,Apple Pay,تم التسليم,2,309,31,0,278,36.26,241.74,103,19.0,5.56,114.18
102466,2026-07-04,سموذ,رهف العتيبي,الخبر,تمارا,تم التسليم,1,75,15,25,85,11.09,73.91,22,21.28,5.53,25.11
102465,2026-07-04,سموذ,دانة العنزي,أبها,مدى,تم التسليم,3,335,0,0,335,43.7,291.3,112,24.0,3.35,151.95
102464,2026-07-03,قلوريز,عبدالله الرشيدي,الدمام,تمارا,تم التسليم,2,155,0,0,155,20.22,134.78,42,19.0,10.08,63.71
102463,2026-07-03,قلوريز,شهد الرشيدي,الرياض,مدى,تم التسليم,2,118,0,20,138,18.0,120.0,28,13.6,1.38,77.02
102462,2026-07-03,قلوريز,ماجد الجهني,مكة,مدى,تم التسليم,5,241,0,0,241,31.43,209.57,55,23.52,2.41,128.64
102461,2026-07-03,قلوريز,منيرة السالم,القصيم,Apple Pay,تم التسليم,1,39,0,20,59,7.7,51.3,9,26.88,1.18,14.24
102460,2026-07-03,قلوريز,عبدالله العنزي,الرياض,مدى,تم التسليم,1,49,0,20,69,9.0,60.0,11,17.92,0.69,30.39
102459,2026-07-03,قلوريز,أمل المطيري,الدمام,فيزا,تم التسليم,4,202,0,0,202,26.35,175.65,47,14.82,5.05,108.78
102458,2026-07-03,قلوريز,جود العتيبي,الرياض,Apple Pay,تم التسليم,3,129,19,20,130,16.96,113.04,30,13.6,2.6,66.84
102457,2026-07-03,قلوريز,محمد الشهري,جدة,Apple Pay,ملغي,1,39,0,20,59,0,0,0,0,0,0
102456,2026-07-03,قلوريز,راكان المالكي,المدينة,مدى,تم التسليم,1,35,5,20,50,6.52,43.48,8,17.85,0.5,17.13
102455,2026-07-03,قلوريز,نورة الجهني,الرياض,مدى,تم التسليم,1,49,0,20,69,9.0,60.0,11,16.0,0.69,32.31
102454,2026-07-03,قلوريز,بندر العتيبي,مكة,Apple Pay,تم التسليم,3,149,0,20,169,22.04,146.96,35,21.0,3.38,87.58
102453,2026-07-03,قلوريز,دانة الزهراني,الدمام,الدفع عند الاستلام,تم التسليم,1,59,0,20,79,10.3,68.7,14,16.15,12.0,26.55
102452,2026-07-03,قلوريز,عبدالله المطيري,الرياض,مدى,تم التسليم,2,90,0,20,110,14.35,95.65,21,13.6,1.1,59.95
102451,2026-07-03,قلوريز,منيرة المطيري,مكة,فيزا,تم التسليم,1,120,0,20,140,18.26,121.74,34,21.0,3.5,63.24
102450,2026-07-03,قلوريز,غادة المالكي,جدة,فيزا,تم التسليم,2,118,0,20,138,18.0,120.0,28,21.28,3.45,67.27
102449,2026-07-03,قلوريز,جود البقمي,الدمام,مدى,تم التسليم,1,59,0,20,79,10.3,68.7,14,19.0,0.79,34.91
102448,2026-07-03,قلوريز,عبير السالم,الرياض,مدى,تم التسليم,1,55,0,20,75,9.78,65.22,13,17.92,0.75,33.55
102447,2026-07-03,قلوريز,بندر الرشيدي,الرياض,مدى,تم التسليم,1,35,0,20,55,7.17,47.83,8,16.0,0.55,23.28
102446,2026-07-03,قلوريز,ماجد الشمري,الرياض,الدفع عند الاستلام,تم التسليم,1,55,0,20,75,9.78,65.22,13,12.48,12.0,27.74
102445,2026-07-03,قلوريز,عبير الشهري,الدمام,تمارا,تم التسليم,3,208,42,0,166,21.65,144.35,54,21.28,10.79,58.28
102444,2026-07-03,قلوريز,تركي السالم,القصيم,Apple Pay,تم التسليم,1,35,0,20,55,7.17,47.83,8,26.88,1.1,11.85
102443,2026-07-03,سموذ,محمد المالكي,الخبر,مدى,تم التسليم,2,265,0,0,265,34.57,230.43,89,14.82,2.65,123.96
102442,2026-07-03,سموذ,فهد العنزي,القصيم,Apple Pay,تم التسليم,2,309,31,0,278,36.26,241.74,103,26.88,5.56,106.3
102441,2026-07-03,سموذ,ريم البقمي,القصيم,الدفع عند الاستلام,تم التسليم,2,220,0,25,245,31.96,213.04,70,24.0,12.0,107.04
102440,2026-07-03,سموذ,محمد الزهراني,أبها,مدى,تم التسليم,3,315,0,0,315,41.09,273.91,100,20.4,3.15,150.36
102439,2026-07-03,سموذ,عبير المطيري,الرياض,Apple Pay,ملغي,3,359,36,0,323,0,0,0,0,0,0
102438,2026-07-03,سموذ,راكان العتيبي,جدة,مدى,تم التسليم,3,523,0,0,523,68.22,454.78,172,21.28,5.23,256.27
102437,2026-07-03,سموذ,تركي الشمري,جدة,مدى,تم التسليم,3,365,55,0,310,40.43,269.57,118,19.0,3.1,129.47
102436,2026-07-03,سموذ,جود المالكي,القصيم,فيزا,تم التسليم,1,85,0,25,110,14.35,95.65,26,20.4,2.75,46.5
102435,2026-07-03,سموذ,ريم الغامدي,الرياض,Apple Pay,تم التسليم,1,85,13,25,97,12.65,84.35,26,12.48,1.94,43.93
102434,2026-07-03,سموذ,عبير الجهني,مكة,مدى,تم التسليم,1,85,0,25,110,14.35,95.65,26,21.0,1.1,47.55
102433,2026-07-03,سموذ,دانة الشهري,مكة,فيزا,تم التسليم,1,95,0,25,120,15.65,104.35,30,21.0,3.0,50.35
102432,2026-07-03,سموذ,ماجد البقمي,الدمام,مدى,تم التسليم,1,95,0,25,120,15.65,104.35,30,14.82,1.2,58.33
102431,2026-07-03,سموذ,ريم السالم,جدة,مدى,تم التسليم,3,295,0,0,295,38.48,256.52,92,19.0,2.95,142.57
102430,2026-07-03,سموذ,نايف الرشيدي,جدة,تمارا,تم التسليم,3,310,31,0,279,36.39,242.61,101,16.15,18.14,107.32
102429,2026-07-03,سموذ,جود العنزي,الرياض,تمارا,تم التسليم,2,378,0,0,378,49.3,328.7,124,12.48,24.57,167.65
102428,2026-07-03,سموذ,رهف المطيري,الدمام,مدى,ملغي,2,220,0,25,245,0,0,0,0,0,0
102427,2026-07-03,سموذ,سلطان الشهري,الرياض,تمارا,تم التسليم,2,334,0,0,334,43.57,290.43,110,16.0,21.71,142.72
102426,2026-07-03,سموذ,جود الحربي,الرياض,تمارا,تم التسليم,2,240,0,25,265,34.57,230.43,82,16.0,17.23,115.21
102425,2026-07-03,سموذ,عبير الزهراني,جدة,مدى,تم التسليم,4,530,0,0,530,69.13,460.87,174,21.28,5.3,260.29
102424,2026-07-03,سموذ,فهد القحطاني,جدة,مدى,ملغي,5,485,0,0,485,0,0,0,0,0,0
102423,2026-07-02,قلوريز,بندر الجهني,الرياض,Apple Pay,تم التسليم,2,78,0,20,98,12.78,85.22,18,16.0,1.96,49.26
102422,2026-07-02,قلوريز,نورة العتيبي,الرياض,مدى,تم التسليم,4,216,0,0,216,28.17,187.83,51,16.0,2.16,118.67
102421,2026-07-02,قلوريز,تركي العنزي,جدة,مدى,تم التسليم,1,35,0,20,55,7.17,47.83,8,19.0,0.55,20.28
102420,2026-07-02,قلوريز,ماجد القحطاني,جدة,مدى,تم التسليم,3,147,0,20,167,21.78,145.22,33,14.82,1.67,95.73
102419,2026-07-02,قلوريز,عبير الدوسري,مكة,فيزا,تم التسليم,3,165,0,0,165,21.52,143.48,39,21.0,4.12,79.35
102418,2026-07-02,قلوريز,خالد البقمي,الرياض,Apple Pay,تم التسليم,3,129,0,20,149,19.43,129.57,30,13.6,2.98,82.99
102417,2026-07-02,قلوريز,ياسر المالكي,أبها,مدى,تم التسليم,1,49,0,20,69,9.0,60.0,11,24.0,0.69,24.31
102416,2026-07-02,قلوريز,منيرة الدوسري,المدينة,مدى,تم التسليم,2,118,0,20,138,18.0,120.0,28,17.85,1.38,72.77
102415,2026-07-02,قلوريز,عبدالله البقمي,أبها,مدى,ملغي,4,176,0,0,176,0,0,0,0,0,0
102414,2026-07-02,قلوريز,نورة العتيبي,الرياض,الدفع عند الاستلام,تم التسليم,2,94,0,20,114,14.87,99.13,22,16.0,12.0,49.13
102413,2026-07-02,قلوريز,خالد القحطاني,المدينة,مدى,تم التسليم,3,145,0,20,165,21.52,143.48,34,21.0,1.65,86.83
102412,2026-07-02,قلوريز,عبدالله الدوسري,القصيم,فيزا,تم التسليم,2,70,0,20,90,11.74,78.26,16,26.88,2.25,33.13
102411,2026-07-02,قلوريز,دانة السبيعي,الرياض,مدى,تم التسليم,2,159,0,0,159,20.74,138.26,43,16.0,1.59,77.67
102410,2026-07-02,قلوريز,راكان البقمي,جدة,مدى,تم التسليم,1,49,5,20,64,8.35,55.65,11,16.15,0.64,27.86
102409,2026-07-02,قلوريز,خالد العنزي,مكة,فيزا,تم التسليم,2,118,0,20,138,18.0,120.0,28,21.0,3.45,67.55
102408,2026-07-02,قلوريز,نايف المالكي,الرياض,فيزا,تم التسليم,2,114,0,20,134,17.48,116.52,27,16.0,3.35,70.17
102407,2026-07-02,قلوريز,أمل المطيري,جدة,فيزا,تم التسليم,3,149,0,20,169,22.04,146.96,35,19.0,4.23,88.73
102406,2026-07-02,قلوريز,منيرة المالكي,جدة,فيزا,تم التسليم,2,118,0,20,138,18.0,120.0,28,19.0,3.45,69.55
102405,2026-07-02,قلوريز,سلطان الغامدي,مكة,Apple Pay,تم التسليم,2,74,0,20,94,12.26,81.74,17,17.85,1.88,45.01
102404,2026-07-02,قلوريز,منيرة الدوسري,الرياض,الدفع عند الاستلام,تم التسليم,1,35,0,20,55,7.17,47.83,8,13.6,12.0,14.23
102403,2026-07-02,قلوريز,منيرة العنزي,الدمام,مدى,تم التسليم,1,35,0,20,55,7.17,47.83,8,19.0,0.55,20.28
102402,2026-07-02,سموذ,غادة الدوسري,القصيم,تمارا,تم التسليم,4,548,0,0,548,71.48,476.52,176,26.88,35.62,238.02
102401,2026-07-02,سموذ,ياسر الزهراني,الرياض,فيزا,تم التسليم,3,498,0,0,498,64.96,433.04,165,13.6,12.45,241.99
102400,2026-07-02,سموذ,عبدالله البقمي,المدينة,تمارا,تم التسليم,1,189,19,25,195,25.43,169.57,62,17.85,12.68,77.04
102399,2026-07-02,سموذ,هند العنزي,الرياض,الدفع عند الاستلام,تم التسليم,5,717,72,0,645,84.13,560.87,230,12.48,12.0,306.39
102398,2026-07-02,سموذ,غادة المطيري,مكة,فيزا,تم التسليم,2,274,0,0,274,35.74,238.26,88,23.52,6.85,119.89
102397,2026-07-02,سموذ,سارة الرشيدي,القصيم,تمارا,تم التسليم,2,240,0,25,265,34.57,230.43,78,24.0,17.23,111.21
102396,2026-07-02,سموذ,رهف المطيري,المدينة,تمارا,تم التسليم,3,310,0,0,310,40.43,269.57,101,23.52,20.15,124.9
102395,2026-07-02,سموذ,تركي السبيعي,جدة,Apple Pay,تم التسليم,3,290,0,0,290,37.83,252.17,93,14.82,5.8,138.55
102394,2026-07-02,سموذ,راكان الدوسري,تبوك,Apple Pay,تم التسليم,2,160,0,25,185,24.13,160.87,48,24.0,3.7,85.17
102393,2026-07-02,سموذ,تركي الجهني,الخبر,مدى,تم التسليم,2,284,0,0,284,37.04,246.96,92,19.0,2.84,133.12
102392,2026-07-02,سموذ,تركي الشمري,جدة,فيزا,تم التسليم,3,295,0,0,295,38.48,256.52,92,19.0,7.38,138.15
102391,2026-07-02,سموذ,محمد القحطاني,مكة,مدى,تم التسليم,3,567,0,0,567,73.96,493.04,186,23.52,5.67,277.85
102390,2026-07-02,سموذ,تركي العتيبي,جدة,فيزا,تم التسليم,5,590,0,0,590,76.96,513.04,197,19.0,14.75,282.29
102389,2026-07-02,سموذ,نايف الشهري,الخبر,Apple Pay,تم التسليم,3,245,0,25,270,35.22,234.78,74,21.28,5.4,134.1
102388,2026-07-02,سموذ,ريم العتيبي,الرياض,فيزا,تم التسليم,5,585,117,0,468,61.04,406.96,188,13.6,11.7,193.66
102387,2026-07-02,سموذ,نورة الجهني,الرياض,مدى,ملغي,1,145,0,25,170,0,0,0,0,0,0
102386,2026-07-02,سموذ,نايف السالم,الرياض,مدى,تم التسليم,1,95,10,25,110,14.35,95.65,30,13.6,1.1,50.95
102385,2026-07-02,سموذ,جود العتيبي,جدة,تمارا,تم التسليم,2,190,0,25,215,28.04,186.96,60,16.15,13.97,96.83
102384,2026-07-02,سموذ,سارة العتيبي,الرياض,Apple Pay,تم التسليم,3,285,28,0,257,33.52,223.48,90,17.92,5.14,110.42
102383,2026-07-02,سموذ,ريم القحطاني,الدمام,تمارا,تم التسليم,1,75,0,25,100,13.04,86.96,22,16.15,6.5,42.31
102382,2026-07-01,قلوريز,أمل الشهري,جدة,Apple Pay,تم التسليم,3,153,0,0,153,19.96,133.04,36,19.0,3.06,74.98
102381,2026-07-01,قلوريز,شهد الدوسري,أبها,الدفع عند الاستلام,تم التسليم,1,59,12,20,67,8.74,58.26,14,26.88,12.0,5.38
102380,2026-07-01,قلوريز,غادة المالكي,الخبر,تمارا,تم التسليم,3,208,0,0,208,27.13,180.87,54,21.28,13.52,92.07
102379,2026-07-01,قلوريز,سارة المطيري,الرياض,مدى,تم التسليم,1,39,0,20,59,7.7,51.3,9,16.0,0.59,25.71
102378,2026-07-01,قلوريز,جود المطيري,الخبر,مدى,تم التسليم,4,186,37,20,169,22.04,146.96,42,14.82,1.69,88.45
102377,2026-07-01,قلوريز,فهد الشمري,الرياض,Apple Pay,تم التسليم,2,104,10,20,114,14.87,99.13,24,16.0,2.28,56.85
102376,2026-07-01,قلوريز,غادة الرشيدي,أبها,Apple Pay,تم التسليم,1,39,0,20,59,7.7,51.3,9,20.4,1.18,20.72
102375,2026-07-01,قلوريز,نايف الدوسري,الدمام,Apple Pay,تم التسليم,3,218,0,0,218,28.43,189.57,57,19.0,4.36,109.21
102374,2026-07-01,قلوريز,نورة الدوسري,الرياض,مدى,تم التسليم,1,55,0,20,75,9.78,65.22,13,13.6,0.75,37.87
102373,2026-07-01,قلوريز,عبير الجهني,القصيم,مدى,تم التسليم,2,155,0,0,155,20.22,134.78,42,26.88,1.55,64.35
102372,2026-07-01,قلوريز,بندر الرشيدي,الرياض,مدى,تم التسليم,2,70,0,20,90,11.74,78.26,16,16.0,0.9,45.36
102371,2026-07-01,قلوريز,منيرة البقمي,الرياض,مدى,تم التسليم,5,470,0,0,470,61.3,408.7,128,17.92,4.7,258.08
102370,2026-07-01,قلوريز,خالد الغامدي,الرياض,مدى,تم التسليم,2,94,0,20,114,14.87,99.13,22,16.0,1.14,59.99
102369,2026-07-01,سموذ,تركي الغامدي,المدينة,الدفع عند الاستلام,تم التسليم,2,205,0,25,230,30.0,200.0,67,21.0,12.0,100.0
102368,2026-07-01,سموذ,ياسر السالم,المدينة,مدى,تم التسليم,6,610,0,0,610,79.57,530.43,196,23.52,6.1,304.81
102367,2026-07-01,سموذ,منيرة الدوسري,جدة,مدى,تم التسليم,3,235,35,25,225,29.35,195.65,70,14.82,2.25,108.58
102366,2026-07-01,سموذ,بندر العنزي,الرياض,مدى,تم التسليم,3,245,0,25,270,35.22,234.78,74,13.6,2.7,144.48
102365,2026-07-01,سموذ,جود الرشيدي,أبها,مدى,تم التسليم,3,255,38,25,242,31.57,210.43,78,26.88,2.42,103.13
102364,2026-07-01,سموذ,عبير السبيعي,جدة,تمارا,تم التسليم,1,85,0,25,110,14.35,95.65,26,14.82,7.15,47.68
102363,2026-07-01,سموذ,نايف الدوسري,الرياض,Apple Pay,تم التسليم,6,540,54,0,486,63.39,422.61,168,16.0,9.72,228.89
102362,2026-07-01,سموذ,خالد الشهري,الرياض,مدى,تم التسليم,2,170,0,25,195,25.43,169.57,52,16.0,1.95,99.62
102361,2026-07-01,سموذ,دانة العتيبي,الدمام,تمارا,تم التسليم,1,85,0,25,110,14.35,95.65,26,19.0,7.15,43.5
102360,2026-07-01,سموذ,دانة الغامدي,مكة,مدى,تم التسليم,1,120,0,25,145,18.91,126.09,41,17.85,1.45,65.79
102359,2026-07-01,سموذ,جود القحطاني,الخبر,Apple Pay,تم التسليم,3,295,0,0,295,38.48,256.52,92,21.28,5.9,137.34
102358,2026-07-01,سموذ,دانة القحطاني,جدة,فيزا,تم التسليم,1,145,29,25,141,18.39,122.61,48,14.82,3.53,56.26
102357,2026-07-01,سموذ,عبير المطيري,الدمام,Apple Pay,تم التسليم,1,75,0,25,100,13.04,86.96,22,16.15,2.0,46.81
102356,2026-07-01,سموذ,نايف المطيري,المدينة,مدى,تم التسليم,1,120,0,25,145,18.91,126.09,41,23.52,1.45,60.12
102355,2026-07-01,سموذ,ريم القحطاني,الدمام,فيزا,تم التسليم,2,190,0,25,215,28.04,186.96,60,16.15,5.38,105.43
