رقم الطلب,التاريخ,المتجر,العميل,المدينة,طريقة الدفع,الحالة,عدد القطع,المنتجات قبل الخصم,الخصم,الشحن المحصّل,الإجمالي شامل الضريبة,ضريبة القيمة المضافة,الصافي بدون ضريبة,تكلفة البضاعة,تكلفة الشحن,رسوم الدفع,الربح التقديري
101429,2026-05-31,قلوريز,سارة الشمري,جدة,مدى,تم التسليم,3,194,0,0,194,25.3,168.7,51,16.15,1.94,99.61
101428,2026-05-31,قلوريز,سارة الدوسري,الرياض,مدى,تم التسليم,2,84,13,20,91,11.87,79.13,19,13.6,0.91,45.62
101427,2026-05-31,قلوريز,راكان الحربي,القصيم,Apple Pay,تم التسليم,3,238,0,0,238,31.04,206.96,62,24.0,4.76,116.2
101426,2026-05-31,قلوريز,سارة القحطاني,المدينة,Apple Pay,تم التسليم,3,299,0,0,299,39.0,260.0,82,23.52,5.98,148.5
101425,2026-05-31,قلوريز,بندر البقمي,تبوك,مدى,تم التسليم,1,35,0,20,55,7.17,47.83,8,20.4,0.55,18.88
101424,2026-05-31,قلوريز,ياسر الرشيدي,مكة,Apple Pay,تم التسليم,1,35,0,20,55,7.17,47.83,8,17.85,1.1,20.88
101423,2026-05-31,قلوريز,عبير المالكي,الرياض,مدى,تم التسليم,3,194,0,0,194,25.3,168.7,51,16.0,1.94,99.76
101422,2026-05-31,قلوريز,هند الشهري,جدة,تمارا,تم التسليم,2,98,0,20,118,15.39,102.61,22,19.0,7.67,53.94
101421,2026-05-31,قلوريز,غادة السبيعي,الرياض,تمارا,تم التسليم,5,292,44,0,248,32.35,215.65,74,16.0,16.12,109.53
101420,2026-05-31,قلوريز,أمل الشمري,جدة,مدى,تم التسليم,1,55,0,20,75,9.78,65.22,13,19.0,0.75,32.47
101419,2026-05-31,قلوريز,سلطان الغامدي,تبوك,مدى,تم التسليم,1,120,0,20,140,18.26,121.74,34,26.88,1.4,59.46
101418,2026-05-31,قلوريز,عبدالله الزهراني,الرياض,مدى,تم التسليم,1,120,0,20,140,18.26,121.74,34,17.92,1.4,68.42
101417,2026-05-31,قلوريز,رهف الدوسري,مكة,Apple Pay,تم التسليم,2,104,0,20,124,16.17,107.83,24,17.85,2.48,63.5
101416,2026-05-31,سموذ,محمد الدوسري,مكة,مدى,تم التسليم,3,245,0,25,270,35.22,234.78,74,16.38,2.7,141.7
101415,2026-05-31,سموذ,محمد الحربي,الرياض,الدفع عند الاستلام,ملغي,2,240,0,25,265,0,0,0,0,0,0
101414,2026-05-31,سموذ,راكان المالكي,مكة,فيزا,تم التسليم,5,575,0,0,575,75.0,500.0,186,16.38,14.38,283.25
101413,2026-05-31,سموذ,سلطان العنزي,الخبر,مدى,تم التسليم,1,120,0,25,145,18.91,126.09,41,19.0,1.45,64.64
101412,2026-05-31,سموذ,ياسر الشمري,الرياض,الدفع عند الاستلام,تم التسليم,1,85,0,25,110,14.35,95.65,26,17.92,12.0,39.73
101411,2026-05-31,سموذ,سلطان الزهراني,الخبر,تمارا,تم التسليم,3,567,0,0,567,73.96,493.04,186,19.0,36.86,251.19
101410,2026-05-31,سموذ,جود الشهري,جدة,مدى,تم التسليم,1,75,8,25,92,12.0,80.0,22,21.28,0.92,35.8
101409,2026-05-31,سموذ,فهد الشمري,مكة,Apple Pay,تم التسليم,2,265,0,0,265,34.57,230.43,89,23.52,5.3,112.61
101408,2026-05-31,سموذ,نايف السالم,الرياض,مدى,تم التسليم,1,95,0,25,120,15.65,104.35,30,13.6,1.2,59.55
101407,2026-05-31,سموذ,هند السبيعي,الرياض,مدى,تم التسليم,5,519,52,0,467,60.91,406.09,162,17.92,4.67,221.5
101406,2026-05-30,قلوريز,شهد الغامدي,جدة,Apple Pay,تم التسليم,2,78,0,20,98,12.78,85.22,18,19.0,1.96,46.26
101405,2026-05-30,قلوريز,ماجد الرشيدي,الرياض,مدى,تم التسليم,1,39,0,20,59,7.7,51.3,9,13.6,0.59,28.11
101404,2026-05-30,قلوريز,محمد الشهري,الرياض,Apple Pay,تم التسليم,1,49,0,20,69,9.0,60.0,11,16.0,1.38,31.62
101403,2026-05-30,قلوريز,سلطان الشهري,الرياض,فيزا,تم التسليم,1,39,0,20,59,7.7,51.3,9,12.48,1.48,28.35
101402,2026-05-30,قلوريز,غادة الشمري,القصيم,فيزا,تم التسليم,2,169,0,0,169,22.04,146.96,45,26.88,4.23,70.85
101401,2026-05-30,قلوريز,عبدالله القحطاني,الدمام,Apple Pay,تم التسليم,4,168,34,20,154,20.09,133.91,39,16.15,3.08,75.68
101400,2026-05-30,قلوريز,راكان البقمي,جدة,الدفع عند الاستلام,تم التسليم,5,239,48,0,191,24.91,166.09,56,14.82,12.0,83.27
101399,2026-05-30,قلوريز,جود السالم,الرياض,Apple Pay,تم التسليم,2,110,0,20,130,16.96,113.04,26,16.0,2.6,68.44
101398,2026-05-30,قلوريز,عبير العتيبي,الدمام,Apple Pay,تم التسليم,2,169,0,0,169,22.04,146.96,45,19.0,3.38,79.58
101397,2026-05-30,قلوريز,لمى الشمري,الدمام,Apple Pay,تم التسليم,1,59,0,20,79,10.3,68.7,14,21.28,1.58,31.84
101396,2026-05-30,قلوريز,جود الحربي,مكة,مدى,تم التسليم,2,240,36,0,204,26.61,177.39,68,23.52,2.04,83.83
101395,2026-05-30,قلوريز,غادة الدوسري,الرياض,مدى,تم التسليم,2,169,0,0,169,22.04,146.96,45,12.48,1.69,87.79
101394,2026-05-30,قلوريز,سلطان العنزي,القصيم,مدى,تم التسليم,1,55,0,20,75,9.78,65.22,13,24.0,0.75,27.47
101393,2026-05-30,قلوريز,سارة المطيري,أبها,فيزا,تم التسليم,4,226,45,0,181,23.61,157.39,53,26.88,4.53,72.99
101392,2026-05-30,قلوريز,ياسر المطيري,الرياض,Apple Pay,تم التسليم,1,120,18,20,122,15.91,106.09,34,16.0,2.44,53.65
101391,2026-05-30,قلوريز,راكان العتيبي,جدة,Apple Pay,تم التسليم,2,175,0,0,175,22.83,152.17,47,19.0,3.5,82.67
101390,2026-05-30,قلوريز,راكان المالكي,الدمام,مدى,تم التسليم,3,159,0,0,159,20.74,138.26,37,19.0,1.59,80.67
101389,2026-05-30,سموذ,بندر الحربي,الخبر,فيزا,تم التسليم,1,85,13,25,97,12.65,84.35,26,19.0,2.43,36.92
101388,2026-05-30,سموذ,بندر العنزي,الرياض,الدفع عند الاستلام,تم التسليم,1,145,14,25,156,20.35,135.65,48,12.48,12.0,63.17
101387,2026-05-30,سموذ,بندر المالكي,مكة,مدى,تم التسليم,2,378,0,0,378,49.3,328.7,124,21.0,3.78,179.92
101386,2026-05-30,سموذ,راكان الزهراني,الدمام,Apple Pay,تم التسليم,5,807,0,0,807,105.26,701.74,264,19.0,16.14,402.6
101385,2026-05-30,سموذ,نايف الجهني,جدة,تمارا,تم التسليم,2,150,0,25,175,22.83,152.17,44,16.15,11.38,80.65
101384,2026-05-30,سموذ,محمد الدوسري,الدمام,مدى,تم التسليم,2,170,0,25,195,25.43,169.57,52,14.82,1.95,100.8
101383,2026-05-30,سموذ,جود العنزي,الخبر,مدى,تم التسليم,2,240,24,25,241,31.43,209.57,82,19.0,2.41,106.16
101382,2026-05-30,سموذ,هند المالكي,مكة,مدى,تم التسليم,2,170,26,25,169,22.04,146.96,52,21.0,1.69,72.27
101381,2026-05-30,سموذ,خالد العتيبي,الرياض,تمارا,تم التسليم,2,230,0,25,255,33.26,221.74,74,13.6,16.57,117.56
101380,2026-05-30,سموذ,نايف الجهني,جدة,الدفع عند الاستلام,ملغي,7,695,0,0,695,0,0,0,0,0,0
101379,2026-05-30,سموذ,جود البقمي,جدة,تمارا,ملغي,5,600,0,0,600,0,0,0,0,0,0
101378,2026-05-30,سموذ,عبدالله السالم,الرياض,مدى,تم التسليم,2,170,0,25,195,25.43,169.57,52,16.0,1.95,99.62
101377,2026-05-30,سموذ,تركي الغامدي,المدينة,Apple Pay,تم التسليم,2,284,0,0,284,37.04,246.96,92,16.38,5.68,132.9
101376,2026-05-30,سموذ,نايف الغامدي,المدينة,تمارا,تم التسليم,1,189,19,25,195,25.43,169.57,62,21.0,12.68,73.89
101375,2026-05-30,سموذ,منيرة السالم,الرياض,مدى,تم التسليم,5,515,77,0,438,57.13,380.87,162,13.6,4.38,200.89
101374,2026-05-29,قلوريز,شهد البقمي,الرياض,مدى,تم التسليم,2,159,0,0,159,20.74,138.26,43,12.48,1.59,81.19
101373,2026-05-29,قلوريز,دانة الشمري,جدة,مدى,تم التسليم,3,145,0,20,165,21.52,143.48,34,16.15,1.65,91.68
101372,2026-05-29,قلوريز,منيرة العنزي,الرياض,الدفع عند الاستلام,تم التسليم,1,35,0,20,55,7.17,47.83,8,16.0,12.0,11.83
101371,2026-05-29,قلوريز,دانة القحطاني,الرياض,مدى,تم التسليم,1,120,0,20,140,18.26,121.74,34,16.0,1.4,70.34
101370,2026-05-29,قلوريز,ريم الحربي,جدة,تمارا,تم التسليم,3,147,22,20,145,18.91,126.09,33,21.28,9.43,62.38
101369,2026-05-29,قلوريز,فهد الجهني,جدة,تمارا,ملغي,5,308,0,0,308,0,0,0,0,0,0
101368,2026-05-29,قلوريز,نورة المالكي,الرياض,مدى,تم التسليم,3,208,0,0,208,27.13,180.87,54,13.6,2.08,111.19
101367,2026-05-29,قلوريز,نايف العتيبي,الرياض,مدى,تم التسليم,2,94,0,20,114,14.87,99.13,22,16.0,1.14,59.99
101366,2026-05-29,قلوريز,محمد الشمري,الرياض,Apple Pay,تم التسليم,4,154,0,0,154,20.09,133.91,35,12.48,3.08,83.35
101365,2026-05-29,قلوريز,تركي الجهني,الرياض,مدى,تم التسليم,2,84,13,20,91,11.87,79.13,19,16.0,0.91,43.22
101364,2026-05-29,قلوريز,منيرة الزهراني,الدمام,مدى,تم التسليم,1,120,18,20,122,15.91,106.09,34,19.0,1.22,51.87
101363,2026-05-29,قلوريز,غادة المالكي,جدة,مدى,تم التسليم,2,70,0,20,90,11.74,78.26,16,21.28,0.9,40.08
101362,2026-05-29,قلوريز,ريم المالكي,مكة,مدى,تم التسليم,1,39,6,20,53,6.91,46.09,9,21.0,0.53,15.56
101361,2026-05-29,قلوريز,بندر الرشيدي,الرياض,مدى,تم التسليم,2,179,0,0,179,23.35,155.65,48,13.6,1.79,92.26
101360,2026-05-29,قلوريز,ريم الدوسري,الدمام,مدى,تم التسليم,3,360,0,0,360,46.96,313.04,102,16.15,3.6,191.29
101359,2026-05-29,قلوريز,نورة الرشيدي,جدة,Apple Pay,تم التسليم,1,49,0,20,69,9.0,60.0,11,21.28,1.38,26.34
101358,2026-05-29,قلوريز,ريم الحربي,جدة,فيزا,تم التسليم,2,78,0,20,98,12.78,85.22,18,16.15,2.45,48.62
101357,2026-05-29,قلوريز,هند الغامدي,المدينة,Apple Pay,تم التسليم,1,55,0,20,75,9.78,65.22,13,23.52,1.5,27.2
101356,2026-05-29,قلوريز,بندر الشمري,أبها,مدى,تم التسليم,1,59,0,20,79,10.3,68.7,14,26.88,0.79,27.03
101355,2026-05-29,قلوريز,سلطان البقمي,الدمام,تمارا,تم التسليم,1,55,0,20,75,9.78,65.22,13,16.15,4.88,31.19
101354,2026-05-29,قلوريز,نايف الحربي,أبها,مدى,تم التسليم,3,234,0,0,234,30.52,203.48,61,26.88,2.34,113.26
101353,2026-05-29,قلوريز,غادة السبيعي,القصيم,مدى,تم التسليم,6,312,0,0,312,40.7,271.3,72,24.0,3.12,172.18
101352,2026-05-29,قلوريز,شهد البقمي,الرياض,مدى,تم التسليم,5,326,0,0,326,42.52,283.48,81,12.48,3.26,186.74
101351,2026-05-29,قلوريز,عبدالله المالكي,الدمام,مدى,تم التسليم,2,88,0,20,108,14.09,93.91,20,19.0,1.08,53.83
101350,2026-05-29,قلوريز,ياسر الشمري,الدمام,Apple Pay,تم التسليم,3,147,0,20,167,21.78,145.22,33,21.28,3.34,87.6
101349,2026-05-29,سموذ,فهد الزهراني,الرياض,Apple Pay,تم التسليم,3,255,0,0,255,33.26,221.74,78,17.92,5.1,120.72
101348,2026-05-29,سموذ,منيرة المالكي,الرياض,تمارا,تم التسليم,4,548,0,0,548,71.48,476.52,176,13.6,35.62,251.3
101347,2026-05-29,سموذ,جود السبيعي,القصيم,الدفع عند الاستلام,تم التسليم,2,290,0,0,290,37.83,252.17,96,20.4,12.0,123.77
101346,2026-05-29,سموذ,ياسر الزهراني,الرياض,فيزا,تم التسليم,1,95,0,25,120,15.65,104.35,30,16.0,3.0,55.35
101345,2026-05-29,سموذ,تركي السالم,الخبر,مدى,تم التسليم,2,220,0,25,245,31.96,213.04,70,19.0,2.45,121.59
101344,2026-05-29,سموذ,جود البقمي,جدة,تمارا,ملغي,4,370,74,0,296,0,0,0,0,0,0
101343,2026-05-29,سموذ,ريم السبيعي,الدمام,Apple Pay,تم التسليم,1,75,0,25,100,13.04,86.96,22,14.82,2.0,48.14
101342,2026-05-29,سموذ,محمد الزهراني,الخبر,الدفع عند الاستلام,تم التسليم,3,315,0,0,315,41.09,273.91,104,16.15,12.0,141.76
101341,2026-05-29,سموذ,راكان المطيري,الرياض,Apple Pay,تم التسليم,1,85,0,25,110,14.35,95.65,26,17.92,2.2,49.53
101340,2026-05-29,سموذ,جود البقمي,الدمام,Apple Pay,تم التسليم,1,189,0,25,214,27.91,186.09,62,19.0,4.28,100.81
101339,2026-05-29,سموذ,غادة الدوسري,الدمام,Apple Pay,تم التسليم,1,189,0,25,214,27.91,186.09,62,19.0,4.28,100.81
101338,2026-05-29,سموذ,ياسر الرشيدي,جدة,مدى,تم التسليم,1,85,8,25,102,13.3,88.7,26,19.0,1.02,42.68
101337,2026-05-29,سموذ,نورة الجهني,الرياض,فيزا,تم التسليم,2,240,0,25,265,34.57,230.43,82,12.48,6.62,129.33
101336,2026-05-29,سموذ,نايف الجهني,مكة,مدى,تم التسليم,4,420,0,0,420,54.78,365.22,138,17.85,4.2,205.17
101335,2026-05-29,سموذ,نورة الرشيدي,مكة,Apple Pay,تم التسليم,1,120,18,25,127,16.57,110.43,41,21.0,2.54,45.89
101334,2026-05-28,قلوريز,لمى الشمري,الرياض,مدى,تم التسليم,2,70,0,20,90,11.74,78.26,16,16.0,0.9,45.36
101333,2026-05-28,قلوريز,عبير السالم,جدة,مدى,تم التسليم,2,110,0,20,130,16.96,113.04,26,16.15,1.3,69.59
101332,2026-05-28,قلوريز,نورة القحطاني,جدة,Apple Pay,ملغي,3,218,0,0,218,0,0,0,0,0,0
101331,2026-05-28,قلوريز,منيرة الشمري,الرياض,Apple Pay,تم التسليم,3,165,0,0,165,21.52,143.48,39,12.48,3.3,88.7
101330,2026-05-28,قلوريز,نايف القحطاني,الرياض,Apple Pay,تم التسليم,1,49,0,20,69,9.0,60.0,11,12.48,1.38,35.14
101329,2026-05-28,قلوريز,جود الجهني,تبوك,مدى,تم التسليم,2,108,0,20,128,16.7,111.3,25,24.0,1.28,61.02
101328,2026-05-28,قلوريز,محمد السالم,الرياض,فيزا,تم التسليم,1,39,4,20,55,7.17,47.83,9,12.48,1.38,24.97
101327,2026-05-28,قلوريز,بندر الحربي,جدة,الدفع عند الاستلام,تم التسليم,1,35,0,20,55,7.17,47.83,8,21.28,12.0,6.55
101326,2026-05-28,قلوريز,ياسر المطيري,تبوك,مدى,تم التسليم,3,167,17,0,150,19.57,130.43,39,26.88,1.5,63.05
101325,2026-05-28,قلوريز,منيرة الحربي,تبوك,Apple Pay,تم التسليم,1,120,0,20,140,18.26,121.74,34,20.4,2.8,64.54
101324,2026-05-28,قلوريز,خالد المطيري,الرياض,الدفع عند الاستلام,تم التسليم,1,39,0,20,59,7.7,51.3,9,16.0,12.0,14.3
101323,2026-05-28,قلوريز,سارة المطيري,المدينة,مدى,تم التسليم,1,120,0,20,140,18.26,121.74,34,21.0,1.4,65.34
101322,2026-05-28,قلوريز,نورة الرشيدي,جدة,Apple Pay,تم التسليم,1,55,11,20,64,8.35,55.65,13,21.28,1.28,20.09
101321,2026-05-28,قلوريز,عبدالله الدوسري,جدة,تمارا,تم التسليم,2,110,0,20,130,16.96,113.04,26,19.0,8.45,59.59
101320,2026-05-28,قلوريز,سارة البقمي,جدة,Apple Pay,تم التسليم,2,94,0,20,114,14.87,99.13,22,19.0,2.28,55.85
101319,2026-05-28,قلوريز,غادة السالم,تبوك,مدى,تم التسليم,4,338,0,0,338,44.09,293.91,90,24.0,3.38,176.53
101318,2026-05-28,قلوريز,منيرة الشهري,الرياض,الدفع عند الاستلام,تم التسليم,1,39,0,20,59,7.7,51.3,9,17.92,12.0,12.38
101317,2026-05-28,قلوريز,هند الدوسري,القصيم,مدى,تم التسليم,3,165,33,20,152,19.83,132.17,39,18.72,1.52,72.93
101316,2026-05-28,قلوريز,عبدالله العتيبي,جدة,تمارا,تم التسليم,2,155,23,20,152,19.83,132.17,42,19.0,9.88,61.29
101315,2026-05-28,قلوريز,عبدالله المطيري,المدينة,مدى,تم التسليم,2,159,32,20,147,19.17,127.83,43,21.0,1.47,62.36
101314,2026-05-28,قلوريز,هند المالكي,مكة,Apple Pay,تم التسليم,2,108,0,20,128,16.7,111.3,25,17.85,2.56,65.89
101313,2026-05-28,قلوريز,هند الشمري,مكة,Apple Pay,تم التسليم,1,35,0,20,55,7.17,47.83,8,21.0,1.1,17.73
101312,2026-05-28,سموذ,فهد الشمري,الرياض,Apple Pay,تم التسليم,2,264,0,0,264,34.43,229.57,84,17.92,5.28,122.37
101311,2026-05-28,سموذ,سلطان المالكي,مكة,مدى,تم التسليم,1,95,14,25,106,13.83,92.17,30,21.0,1.06,40.11
101310,2026-05-28,سموذ,رهف العتيبي,الخبر,مدى,تم التسليم,1,189,0,25,214,27.91,186.09,62,16.15,2.14,105.8
101309,2026-05-28,سموذ,خالد العنزي,الرياض,مدى,تم التسليم,2,220,22,25,223,29.09,193.91,70,17.92,2.23,103.76
101308,2026-05-28,سموذ,عبير السبيعي,جدة,مدى,تم التسليم,1,189,0,25,214,27.91,186.09,62,14.82,2.14,107.13
101307,2026-05-28,سموذ,هند الرشيدي,المدينة,مدى,تم التسليم,1,145,0,25,170,22.17,147.83,48,17.85,1.7,80.28
101306,2026-05-28,سموذ,جود المالكي,أبها,مدى,تم التسليم,1,75,0,25,100,13.04,86.96,22,24.0,1.0,39.96
101305,2026-05-28,سموذ,شهد الغامدي,المدينة,Apple Pay,تم التسليم,3,365,0,0,365,47.61,317.39,118,21.0,7.3,171.09
101304,2026-05-28,سموذ,نورة القحطاني,جدة,Apple Pay,تم التسليم,2,170,17,25,178,23.22,154.78,52,16.15,3.56,83.07
101303,2026-05-28,سموذ,عبدالله البقمي,الرياض,مدى,تم التسليم,1,189,0,25,214,27.91,186.09,62,16.0,2.14,105.95
101302,2026-05-28,سموذ,سارة الجهني,مكة,مدى,تم التسليم,1,145,22,25,148,19.3,128.7,48,17.85,1.48,61.37
101301,2026-05-28,سموذ,لمى القحطاني,جدة,مدى,تم التسليم,2,240,0,25,265,34.57,230.43,82,16.15,2.65,129.63
101300,2026-05-28,سموذ,عبدالله الشمري,الدمام,مدى,تم التسليم,5,688,103,0,585,76.3,508.7,225,19.0,5.85,258.85
101299,2026-05-28,سموذ,بندر الحربي,الرياض,مدى,تم التسليم,2,170,0,25,195,25.43,169.57,52,16.0,1.95,99.62
101298,2026-05-27,قلوريز,غادة الحربي,الرياض,مدى,تم التسليم,5,377,0,0,377,49.17,327.83,100,16.0,3.77,208.06
101297,2026-05-27,قلوريز,أمل الرشيدي,الرياض,Apple Pay,تم التسليم,4,176,0,0,176,22.96,153.04,41,16.0,3.52,92.52
101296,2026-05-27,قلوريز,خالد الجهني,الرياض,مدى,تم التسليم,2,240,0,0,240,31.3,208.7,68,17.92,2.4,120.38
101295,2026-05-27,قلوريز,نايف الشهري,أبها,تمارا,تم التسليم,2,94,0,20,114,14.87,99.13,22,26.88,7.41,42.84
101294,2026-05-27,قلوريز,نورة الشهري,الرياض,الدفع عند الاستلام,تم التسليم,3,105,0,20,125,16.3,108.7,24,17.92,12.0,54.78
101293,2026-05-27,قلوريز,نورة العنزي,الدمام,مدى,تم التسليم,1,120,18,20,122,15.91,106.09,34,21.28,1.22,49.59
101292,2026-05-27,قلوريز,سلطان الزهراني,تبوك,فيزا,تم التسليم,2,114,23,20,111,14.48,96.52,27,24.0,2.78,42.75
101291,2026-05-27,قلوريز,أمل العتيبي,الرياض,مدى,تم التسليم,5,237,0,0,237,30.91,206.09,55,12.48,2.37,136.24
101290,2026-05-27,قلوريز,ريم الزهراني,الرياض,فيزا,تم التسليم,2,114,17,20,117,15.26,101.74,27,13.6,2.93,58.21
101289,2026-05-27,قلوريز,عبدالله العنزي,أبها,مدى,تم التسليم,3,224,0,0,224,29.22,194.78,58,26.88,2.24,107.66
101288,2026-05-27,قلوريز,غادة السبيعي,القصيم,مدى,تم التسليم,3,153,0,0,153,19.96,133.04,35,24.0,1.53,72.51
101287,2026-05-27,قلوريز,خالد الغامدي,الرياض,تمارا,تم التسليم,2,98,0,20,118,15.39,102.61,23,16.0,7.67,55.94
101286,2026-05-27,قلوريز,ماجد السبيعي,الرياض,فيزا,تم التسليم,1,55,0,20,75,9.78,65.22,13,16.0,1.88,34.34
101285,2026-05-27,قلوريز,شهد المطيري,جدة,مدى,تم التسليم,1,120,0,20,140,18.26,121.74,34,16.15,1.4,70.19
101284,2026-05-27,قلوريز,عبدالله السالم,الخبر,الدفع عند الاستلام,تم التسليم,1,35,0,20,55,7.17,47.83,8,14.82,12.0,13.01
101283,2026-05-27,قلوريز,بندر العتيبي,مكة,الدفع عند الاستلام,تم التسليم,3,299,0,0,299,39.0,260.0,82,21.0,12.0,145.0
101282,2026-05-27,قلوريز,عبدالله الحربي,الدمام,الدفع عند الاستلام,تم التسليم,3,177,0,0,177,23.09,153.91,42,16.15,12.0,83.76
101281,2026-05-27,قلوريز,هند الحربي,الرياض,Apple Pay,تم التسليم,2,175,0,0,175,22.83,152.17,47,17.92,3.5,83.75
101280,2026-05-27,سموذ,بندر القحطاني,مكة,تمارا,تم التسليم,1,120,0,25,145,18.91,126.09,41,21.0,9.43,54.66
101279,2026-05-27,سموذ,هند الحربي,مكة,فيزا,تم التسليم,1,145,0,25,170,22.17,147.83,48,16.38,4.25,79.2
101278,2026-05-27,سموذ,جود العتيبي,جدة,تمارا,تم التسليم,1,189,0,25,214,27.91,186.09,62,21.28,13.91,88.9
101277,2026-05-27,سموذ,فهد العنزي,المدينة,مدى,تم التسليم,1,95,0,25,120,15.65,104.35,30,23.52,1.2,49.63
101276,2026-05-27,سموذ,هند الحربي,الرياض,مدى,ملغي,4,310,0,0,310,0,0,0,0,0,0
101275,2026-05-27,سموذ,شهد السبيعي,الرياض,فيزا,تم التسليم,5,630,63,0,567,73.96,493.04,207,17.92,14.18,253.95
101274,2026-05-27,سموذ,سارة العتيبي,الرياض,مدى,تم التسليم,4,504,0,0,504,65.74,438.26,166,13.6,5.04,253.62
101273,2026-05-27,سموذ,تركي العتيبي,جدة,مدى,تم التسليم,2,170,0,25,195,25.43,169.57,52,16.15,1.95,99.47
101272,2026-05-27,سموذ,ياسر الدوسري,الخبر,Apple Pay,تم التسليم,2,190,0,25,215,28.04,186.96,60,14.82,4.3,107.84
101271,2026-05-27,سموذ,نورة العتيبي,مكة,مدى,تم التسليم,3,454,0,0,454,59.22,394.78,151,17.85,4.54,221.39
101270,2026-05-27,سموذ,دانة السالم,الرياض,مدى,تم التسليم,6,560,0,0,560,73.04,486.96,178,12.48,5.6,290.88
101269,2026-05-27,سموذ,نورة الشمري,الرياض,مدى,تم التسليم,1,189,0,25,214,27.91,186.09,62,12.48,2.14,109.47
101268,2026-05-27,سموذ,جود الشمري,جدة,مدى,تم التسليم,1,85,0,25,110,14.35,95.65,26,16.15,1.1,52.4
101267,2026-05-26,قلوريز,سلطان الغامدي,جدة,الدفع عند الاستلام,تم التسليم,2,90,0,20,110,14.35,95.65,21,16.15,12.0,46.5
101266,2026-05-26,قلوريز,هند الجهني,الرياض,تمارا,تم التسليم,2,179,0,0,179,23.35,155.65,48,12.48,11.63,83.54
101265,2026-05-26,قلوريز,ياسر البقمي,الخبر,تمارا,تم التسليم,2,240,48,0,192,25.04,166.96,68,16.15,12.48,70.33
101264,2026-05-26,قلوريز,عبير الحربي,جدة,Apple Pay,تم التسليم,1,35,0,20,55,7.17,47.83,8,21.28,1.1,17.45
101263,2026-05-26,قلوريز,غادة السالم,المدينة,مدى,تم التسليم,2,70,0,20,90,11.74,78.26,16,16.38,0.9,44.98
101262,2026-05-26,قلوريز,سارة العتيبي,الرياض,تمارا,تم التسليم,2,110,0,20,130,16.96,113.04,26,16.0,8.45,62.59
101261,2026-05-26,قلوريز,بندر العنزي,الدمام,مدى,تم التسليم,2,240,0,0,240,31.3,208.7,68,16.15,2.4,122.15
101260,2026-05-26,قلوريز,بندر الزهراني,الرياض,مدى,تم التسليم,4,265,40,0,225,29.35,195.65,68,17.92,2.25,107.48
101259,2026-05-26,قلوريز,ياسر السبيعي,الخبر,Apple Pay,تم التسليم,3,275,28,0,247,32.22,214.78,76,16.15,4.94,117.69
101258,2026-05-26,قلوريز,سارة العنزي,تبوك,مدى,تم التسليم,1,59,0,20,79,10.3,68.7,14,24.0,0.79,29.91
101257,2026-05-26,قلوريز,نورة الدوسري,الرياض,Apple Pay,تم التسليم,1,39,0,20,59,7.7,51.3,9,12.48,1.18,28.64
101256,2026-05-26,قلوريز,شهد الرشيدي,الدمام,مدى,تم التسليم,3,127,0,20,147,19.17,127.83,29,16.15,1.47,81.21
101255,2026-05-26,قلوريز,نورة العنزي,الرياض,فيزا,تم التسليم,1,120,24,20,116,15.13,100.87,34,13.6,2.9,50.37
101254,2026-05-26,سموذ,ريم المطيري,المدينة,Apple Pay,تم التسليم,2,378,0,0,378,49.3,328.7,124,21.0,7.56,176.14
101253,2026-05-26,سموذ,أمل العنزي,الرياض,Apple Pay,تم التسليم,2,240,24,25,241,31.43,209.57,78,16.0,4.82,110.75
101252,2026-05-26,سموذ,منيرة الرشيدي,مكة,الدفع عند الاستلام,تم التسليم,1,145,0,25,170,22.17,147.83,48,21.0,12.0,66.83
101251,2026-05-26,سموذ,عبير السالم,مكة,الدفع عند الاستلام,ملغي,1,95,0,25,120,0,0,0,0,0,0
101250,2026-05-26,سموذ,منيرة الدوسري,مكة,الدفع عند الاستلام,تم التسليم,3,315,0,0,315,41.09,273.91,104,21.0,12.0,136.91
101249,2026-05-26,سموذ,تركي الجهني,أبها,Apple Pay,تم التسليم,1,95,0,25,120,15.65,104.35,30,24.0,2.4,47.95
101248,2026-05-26,سموذ,سلطان الغامدي,الدمام,Apple Pay,تم التسليم,1,120,0,25,145,18.91,126.09,41,21.28,2.9,60.91
101247,2026-05-26,سموذ,راكان العنزي,الخبر,فيزا,تم التسليم,4,528,106,0,422,55.04,366.96,168,14.82,10.55,173.59
101246,2026-05-26,سموذ,خالد المطيري,الرياض,Apple Pay,تم التسليم,5,594,0,0,594,77.48,516.52,193,16.0,11.88,295.64
101245,2026-05-26,سموذ,سلطان الشمري,الرياض,تمارا,تم التسليم,6,795,159,0,636,82.96,553.04,267,17.92,41.34,226.78
101244,2026-05-26,سموذ,شهد العتيبي,جدة,Apple Pay,تم التسليم,1,85,8,25,102,13.3,88.7,26,19.0,2.04,41.66
101243,2026-05-26,سموذ,نايف الجهني,جدة,فيزا,تم التسليم,7,685,0,0,685,89.35,595.65,220,16.15,17.12,342.38
101242,2026-05-25,قلوريز,رهف الجهني,القصيم,Apple Pay,تم التسليم,2,110,0,20,130,16.96,113.04,26,20.4,2.6,64.04
101241,2026-05-25,قلوريز,عبدالله البقمي,مكة,Apple Pay,تم التسليم,2,110,0,20,130,16.96,113.04,26,17.85,2.6,66.59
101240,2026-05-25,قلوريز,ياسر العنزي,الرياض,Apple Pay,تم التسليم,4,212,0,0,212,27.65,184.35,50,16.0,4.24,114.11
101239,2026-05-25,قلوريز,ماجد الزهراني,تبوك,مدى,تم التسليم,4,182,0,0,182,23.74,158.26,42,18.72,1.82,95.72
101238,2026-05-25,قلوريز,عبدالله السبيعي,الدمام,فيزا,تم التسليم,1,120,18,20,122,15.91,106.09,34,19.0,3.05,50.04
101237,2026-05-25,قلوريز,هند العنزي,الدمام,مدى,تم التسليم,3,149,0,20,169,22.04,146.96,35,16.15,1.69,94.12
101236,2026-05-25,قلوريز,عبدالله العتيبي,الرياض,فيزا,تم التسليم,6,250,0,0,250,32.61,217.39,57,13.6,6.25,140.54
101235,2026-05-25,قلوريز,فهد الحربي,مكة,فيزا,تم التسليم,1,49,0,20,69,9.0,60.0,11,17.85,1.73,29.42
101234,2026-05-25,قلوريز,رهف الشمري,أبها,Apple Pay,تم التسليم,2,98,0,20,118,15.39,102.61,22,24.0,2.36,54.25
101233,2026-05-25,قلوريز,هند الغامدي,الرياض,مدى,تم التسليم,2,70,0,20,90,11.74,78.26,16,16.0,0.9,45.36
101232,2026-05-25,قلوريز,أمل الشمري,جدة,تمارا,تم التسليم,2,94,0,20,114,14.87,99.13,22,16.15,7.41,53.57
101231,2026-05-25,قلوريز,محمد الزهراني,الخبر,Apple Pay,تم التسليم,1,39,0,20,59,7.7,51.3,9,16.15,1.18,24.97
101230,2026-05-25,قلوريز,عبير البقمي,الرياض,مدى,تم التسليم,1,35,0,20,55,7.17,47.83,8,12.48,0.55,26.8
101229,2026-05-25,قلوريز,دانة البقمي,أبها,مدى,تم التسليم,2,114,0,20,134,17.48,116.52,27,20.4,1.34,67.78
101228,2026-05-25,قلوريز,لمى الشمري,الدمام,تمارا,تم التسليم,4,228,34,0,194,25.3,168.7,54,14.82,12.61,87.27
101227,2026-05-25,سموذ,جود الزهراني,الرياض,Apple Pay,تم التسليم,1,95,0,25,120,15.65,104.35,30,12.48,2.4,59.47
101226,2026-05-25,سموذ,راكان الزهراني,الدمام,مدى,تم التسليم,2,220,33,25,212,27.65,184.35,70,19.0,2.12,93.23
101225,2026-05-25,سموذ,خالد الشهري,الرياض,مدى,تم التسليم,3,453,0,0,453,59.09,393.91,146,16.0,4.53,227.38
101224,2026-05-25,سموذ,فهد الجهني,الرياض,Apple Pay,تم التسليم,1,85,0,25,110,14.35,95.65,26,13.6,2.2,53.85
101223,2026-05-25,سموذ,لمى الدوسري,جدة,فيزا,تم التسليم,4,548,0,0,548,71.48,476.52,176,21.28,13.7,265.54
101222,2026-05-25,سموذ,ريم العتيبي,الرياض,مدى,تم التسليم,1,75,0,25,100,13.04,86.96,22,16.0,1.0,47.96
101221,2026-05-25,سموذ,سارة الجهني,الدمام,مدى,تم التسليم,1,75,0,25,100,13.04,86.96,22,16.15,1.0,47.81
101220,2026-05-25,سموذ,شهد العنزي,الدمام,مدى,تم التسليم,2,150,15,25,160,20.87,139.13,44,16.15,1.6,77.38
101219,2026-05-25,سموذ,محمد الدوسري,الدمام,مدى,تم التسليم,2,284,0,0,284,37.04,246.96,92,21.28,2.84,130.84
101218,2026-05-25,سموذ,محمد الزهراني,الدمام,مدى,تم التسليم,2,264,0,0,264,34.43,229.57,84,14.82,2.64,128.11
101217,2026-05-25,سموذ,رهف المالكي,مكة,مدى,تم التسليم,1,120,0,25,145,18.91,126.09,41,16.38,1.45,67.26
101216,2026-05-25,سموذ,تركي السالم,جدة,مدى,تم التسليم,1,145,0,25,170,22.17,147.83,48,19.0,1.7,79.13
101215,2026-05-24,قلوريز,نايف الغامدي,الرياض,Apple Pay,تم التسليم,2,78,0,20,98,12.78,85.22,18,16.0,1.96,49.26
101214,2026-05-24,قلوريز,شهد المطيري,الرياض,تمارا,تم التسليم,3,208,0,0,208,27.13,180.87,54,12.48,13.52,100.87
101213,2026-05-24,قلوريز,رهف الجهني,مكة,مدى,تم التسليم,1,49,5,20,64,8.35,55.65,11,17.85,0.64,26.16
101212,2026-05-24,قلوريز,راكان الشمري,مكة,مدى,تم التسليم,3,127,0,20,147,19.17,127.83,29,21.0,1.47,76.36
101211,2026-05-24,قلوريز,فهد الرشيدي,جدة,الدفع عند الاستلام,تم التسليم,2,110,0,20,130,16.96,113.04,26,21.28,12.0,53.76
101210,2026-05-24,قلوريز,عبير السبيعي,أبها,مدى,تم التسليم,3,159,0,0,159,20.74,138.26,37,20.4,1.59,79.27
101209,2026-05-24,قلوريز,عبير السبيعي,أبها,Apple Pay,تم التسليم,1,35,0,20,55,7.17,47.83,8,24.0,1.1,14.73
101208,2026-05-24,قلوريز,شهد العنزي,جدة,مدى,تم التسليم,1,39,0,20,59,7.7,51.3,9,19.0,0.59,22.71
101207,2026-05-24,قلوريز,لمى الحربي,الرياض,تمارا,ملغي,1,39,4,20,55,0,0,0,0,0,0
101206,2026-05-24,قلوريز,عبير المالكي,الخبر,تمارا,تم التسليم,2,110,16,20,114,14.87,99.13,26,19.0,7.41,46.72
101205,2026-05-24,قلوريز,بندر المطيري,الرياض,Apple Pay,تم التسليم,5,274,0,0,274,35.74,238.26,69,16.0,5.48,147.78
101204,2026-05-24,قلوريز,فهد الدوسري,الرياض,مدى,تم التسليم,1,59,0,20,79,10.3,68.7,14,13.6,0.79,40.31
101203,2026-05-24,قلوريز,شهد الشهري,المدينة,فيزا,تم التسليم,2,240,0,0,240,31.3,208.7,68,21.0,6.0,113.7
101202,2026-05-24,قلوريز,جود الشمري,الرياض,فيزا,تم التسليم,2,94,0,20,114,14.87,99.13,22,13.6,2.85,60.68
101201,2026-05-24,قلوريز,أمل الزهراني,الرياض,مدى,تم التسليم,2,70,7,20,83,10.83,72.17,16,16.0,0.83,39.34
101200,2026-05-24,سموذ,جود الحربي,الدمام,مدى,تم التسليم,3,315,0,0,315,41.09,273.91,100,19.0,3.15,151.76
101199,2026-05-24,سموذ,منيرة المالكي,الرياض,مدى,تم التسليم,2,240,0,25,265,34.57,230.43,82,16.0,2.65,129.78
101198,2026-05-24,سموذ,نورة المطيري,الخبر,فيزا,تم التسليم,3,270,54,25,241,31.43,209.57,85,14.82,6.03,103.72
101197,2026-05-24,سموذ,لمى الدوسري,الرياض,Apple Pay,تم التسليم,3,305,61,25,269,35.09,233.91,96,12.48,5.38,120.05
101196,2026-05-24,سموذ,ريم الغامدي,مكة,مدى,تم التسليم,3,255,26,25,254,33.13,220.87,78,21.0,2.54,119.33
101195,2026-05-24,سموذ,نورة الدوسري,الخبر,تمارا,تم التسليم,2,240,0,25,265,34.57,230.43,78,19.0,17.23,116.21
101194,2026-05-24,سموذ,ماجد العنزي,القصيم,فيزا,تم التسليم,1,95,0,25,120,15.65,104.35,30,24.0,3.0,47.35
101193,2026-05-24,سموذ,خالد الدوسري,الرياض,مدى,تم التسليم,2,265,0,0,265,34.57,230.43,89,16.0,2.65,122.78
101192,2026-05-24,سموذ,فهد الحربي,أبها,الدفع عند الاستلام,ملغي,3,255,0,0,255,0,0,0,0,0,0
101191,2026-05-24,سموذ,دانة الشهري,الخبر,Apple Pay,تم التسليم,1,145,0,25,170,22.17,147.83,48,16.15,3.4,80.28
101190,2026-05-24,سموذ,ريم الغامدي,الدمام,Apple Pay,تم التسليم,3,310,31,0,279,36.39,242.61,101,19.0,5.58,117.03
101189,2026-05-24,سموذ,ماجد القحطاني,جدة,مدى,تم التسليم,2,170,17,25,178,23.22,154.78,52,19.0,1.78,82.0
101188,2026-05-24,سموذ,راكان الغامدي,جدة,Apple Pay,تم التسليم,1,95,14,25,106,13.83,92.17,30,21.28,2.12,38.77
101187,2026-05-23,قلوريز,أمل الشهري,الرياض,Apple Pay,تم التسليم,1,35,0,20,55,7.17,47.83,8,16.0,1.1,22.73
101186,2026-05-23,قلوريز,تركي الدوسري,جدة,مدى,تم التسليم,2,114,17,20,117,15.26,101.74,27,16.15,1.17,57.42
101185,2026-05-23,قلوريز,جود العتيبي,مكة,فيزا,تم التسليم,1,120,0,20,140,18.26,121.74,34,16.38,3.5,67.86
101184,2026-05-23,قلوريز,محمد الحربي,مكة,تمارا,تم التسليم,1,35,4,20,51,6.65,44.35,8,16.38,3.31,16.65
101183,2026-05-23,قلوريز,رهف المالكي,الرياض,الدفع عند الاستلام,تم التسليم,2,98,20,20,98,12.78,85.22,22,16.0,12.0,35.22
101182,2026-05-23,قلوريز,سارة العتيبي,الرياض,Apple Pay,تم التسليم,4,168,0,0,168,21.91,146.09,38,16.0,3.36,88.73
101181,2026-05-23,قلوريز,بندر الجهني,الرياض,تمارا,تم التسليم,1,120,0,20,140,18.26,121.74,34,13.6,9.1,65.04
101180,2026-05-23,قلوريز,خالد الدوسري,جدة,فيزا,تم التسليم,3,143,14,20,149,19.43,129.57,33,21.28,3.73,71.56
101179,2026-05-23,قلوريز,عبير الحربي,الرياض,Apple Pay,تم التسليم,1,59,0,20,79,10.3,68.7,14,16.0,1.58,37.12
101178,2026-05-23,قلوريز,دانة المالكي,الرياض,تمارا,تم التسليم,1,59,0,20,79,10.3,68.7,14,16.0,5.13,33.56
101177,2026-05-23,قلوريز,غادة السالم,جدة,تمارا,تم التسليم,3,360,0,0,360,46.96,313.04,102,19.0,23.4,168.64
101176,2026-05-23,قلوريز,غادة الشهري,الرياض,مدى,تم التسليم,3,143,0,20,163,21.26,141.74,33,16.0,1.63,91.11
101175,2026-05-23,قلوريز,فهد البقمي,الرياض,فيزا,تم التسليم,2,169,34,20,155,20.22,134.78,45,13.6,3.88,72.31
101174,2026-05-23,قلوريز,عبدالله الرشيدي,الدمام,مدى,تم التسليم,3,137,0,20,157,20.48,136.52,31,16.15,1.57,87.8
101173,2026-05-23,قلوريز,خالد الزهراني,مكة,تمارا,تم التسليم,1,39,0,20,59,7.7,51.3,9,17.85,3.83,20.62
101172,2026-05-23,سموذ,هند الحربي,الرياض,تمارا,تم التسليم,3,325,65,0,260,33.91,226.09,104,13.6,16.9,91.59
101171,2026-05-23,سموذ,لمى الغامدي,الرياض,فيزا,تم التسليم,2,264,0,0,264,34.43,229.57,84,13.6,6.6,125.37
101170,2026-05-23,سموذ,عبير المطيري,جدة,Apple Pay,تم التسليم,3,255,51,25,229,29.87,199.13,78,14.82,4.58,101.73
101169,2026-05-23,سموذ,فهد الغامدي,مكة,مدى,تم التسليم,1,145,0,25,170,22.17,147.83,48,21.0,1.7,77.13
101168,2026-05-23,سموذ,هند القحطاني,جدة,فيزا,تم التسليم,2,290,0,0,290,37.83,252.17,96,21.28,7.25,127.64
101167,2026-05-23,سموذ,بندر الجهني,مكة,الدفع عند الاستلام,تم التسليم,2,230,0,25,255,33.26,221.74,74,21.0,12.0,114.74
101166,2026-05-23,سموذ,ماجد العنزي,القصيم,الدفع عند الاستلام,تم التسليم,2,205,0,25,230,30.0,200.0,67,20.4,12.0,100.6
101165,2026-05-23,سموذ,ماجد البقمي,الدمام,فيزا,تم التسليم,5,633,0,0,633,82.57,550.43,202,21.28,15.83,311.33
101164,2026-05-23,سموذ,ياسر المطيري,جدة,مدى,تم التسليم,2,265,0,0,265,34.57,230.43,89,21.28,2.65,117.5
101163,2026-05-23,سموذ,أمل السبيعي,جدة,مدى,تم التسليم,5,753,0,0,753,98.22,654.78,246,16.15,7.53,385.1
101162,2026-05-23,سموذ,ياسر الحربي,مكة,Apple Pay,تم التسليم,1,189,0,25,214,27.91,186.09,62,21.0,4.28,98.81
101161,2026-05-23,سموذ,شهد العتيبي,الرياض,Apple Pay,تم التسليم,1,120,0,25,145,18.91,126.09,41,17.92,2.9,64.27
101160,2026-05-22,قلوريز,عبير الزهراني,الرياض,مدى,تم التسليم,1,35,0,20,55,7.17,47.83,8,16.0,0.55,23.28
101159,2026-05-22,قلوريز,سلطان الشهري,جدة,الدفع عند الاستلام,ملغي,1,55,6,20,69,0,0,0,0,0,0
101158,2026-05-22,قلوريز,دانة الغامدي,الرياض,Apple Pay,تم التسليم,1,55,0,20,75,9.78,65.22,13,12.48,1.5,38.24
101157,2026-05-22,قلوريز,لمى الغامدي,الرياض,فيزا,تم التسليم,1,49,0,20,69,9.0,60.0,11,16.0,1.73,31.27
101156,2026-05-22,قلوريز,دانة الرشيدي,تبوك,Apple Pay,تم التسليم,1,35,0,20,55,7.17,47.83,8,18.72,1.1,20.01
101155,2026-05-22,قلوريز,دانة العتيبي,الدمام,الدفع عند الاستلام,تم التسليم,2,94,0,20,114,14.87,99.13,22,16.15,12.0,48.98
101154,2026-05-22,قلوريز,نورة السالم,الخبر,Apple Pay,تم التسليم,4,164,0,0,164,21.39,142.61,38,19.0,3.28,82.33
101153,2026-05-22,قلوريز,دانة المطيري,الدمام,مدى,تم التسليم,1,59,0,20,79,10.3,68.7,14,16.15,0.79,37.76
101152,2026-05-22,قلوريز,أمل الغامدي,الرياض,Apple Pay,تم التسليم,2,84,0,20,104,13.57,90.43,19,13.6,2.08,55.75
101151,2026-05-22,قلوريز,نورة الجهني,الرياض,فيزا,تم التسليم,3,147,0,20,167,21.78,145.22,33,17.92,4.17,90.12
101150,2026-05-22,قلوريز,هند الرشيدي,جدة,الدفع عند الاستلام,تم التسليم,4,200,30,0,170,22.17,147.83,47,14.82,12.0,74.01
101149,2026-05-22,قلوريز,جود الغامدي,الرياض,مدى,تم التسليم,1,35,0,20,55,7.17,47.83,8,13.6,0.55,25.68
101148,2026-05-22,قلوريز,ريم البقمي,الرياض,تمارا,ملغي,2,88,0,20,108,0,0,0,0,0,0
101147,2026-05-22,قلوريز,أمل الغامدي,الرياض,فيزا,تم التسليم,2,114,0,20,134,17.48,116.52,27,16.0,3.35,70.17
101146,2026-05-22,قلوريز,دانة السالم,جدة,Apple Pay,تم التسليم,2,155,23,20,152,19.83,132.17,42,14.82,3.04,72.31
101145,2026-05-22,قلوريز,لمى القحطاني,أبها,مدى,تم التسليم,4,419,63,0,356,46.43,309.57,116,26.88,3.56,163.13
101144,2026-05-22,قلوريز,عبدالله العنزي,الرياض,Apple Pay,تم التسليم,2,98,0,20,118,15.39,102.61,23,17.92,2.36,59.33
101143,2026-05-22,قلوريز,أمل المطيري,مكة,فيزا,تم التسليم,1,49,0,20,69,9.0,60.0,11,21.0,1.73,26.27
101142,2026-05-22,قلوريز,راكان السبيعي,الرياض,مدى,تم التسليم,2,88,0,20,108,14.09,93.91,20,16.0,1.08,56.83
101141,2026-05-22,قلوريز,ريم العتيبي,الرياض,Apple Pay,تم التسليم,2,114,0,20,134,17.48,116.52,27,12.48,2.68,74.36
101140,2026-05-22,قلوريز,عبدالله السالم,الرياض,مدى,تم التسليم,2,98,0,20,118,15.39,102.61,22,13.6,1.18,65.83
101139,2026-05-22,قلوريز,أمل السبيعي,جدة,تمارا,تم التسليم,2,118,0,20,138,18.0,120.0,28,19.0,8.97,64.03
101138,2026-05-22,سموذ,سلطان الرشيدي,الرياض,مدى,ملغي,1,85,0,25,110,0,0,0,0,0,0
101137,2026-05-22,سموذ,نورة الحربي,مكة,تمارا,تم التسليم,3,290,0,0,290,37.83,252.17,93,21.0,18.85,119.32
101136,2026-05-22,سموذ,منيرة السبيعي,الرياض,تمارا,تم التسليم,2,290,44,25,271,35.35,235.65,96,13.6,17.62,108.44
101135,2026-05-22,سموذ,منيرة العنزي,الرياض,Apple Pay,ملغي,2,170,0,25,195,0,0,0,0,0,0
101134,2026-05-22,سموذ,جود البقمي,جدة,تمارا,تم التسليم,2,240,0,25,265,34.57,230.43,82,16.15,17.23,115.06
101133,2026-05-22,سموذ,هند الشهري,الخبر,مدى,تم التسليم,3,285,28,0,257,33.52,223.48,90,19.0,2.57,111.91
101132,2026-05-22,سموذ,ياسر الجهني,الرياض,الدفع عند الاستلام,تم التسليم,4,350,0,0,350,45.65,304.35,108,17.92,12.0,166.43
101131,2026-05-22,سموذ,بندر الزهراني,أبها,تمارا,تم التسليم,1,145,14,25,156,20.35,135.65,48,18.72,10.14,58.79
101130,2026-05-22,سموذ,فهد المطيري,تبوك,Apple Pay,تم التسليم,1,189,0,25,214,27.91,186.09,62,24.0,4.28,95.81
101129,2026-05-22,سموذ,ريم الجهني,أبها,فيزا,تم التسليم,5,669,0,0,669,87.26,581.74,218,24.0,16.73,323.01
101128,2026-05-22,سموذ,سلطان المالكي,الرياض,مدى,تم التسليم,2,290,0,0,290,37.83,252.17,96,17.92,2.9,135.35
101127,2026-05-22,سموذ,جود الرشيدي,مكة,مدى,تم التسليم,3,453,0,0,453,59.09,393.91,146,17.85,4.53,225.53
101126,2026-05-22,سموذ,لمى العنزي,الخبر,Apple Pay,تم التسليم,2,290,0,0,290,37.83,252.17,96,19.0,5.8,131.37
101125,2026-05-22,سموذ,فهد العتيبي,القصيم,مدى,تم التسليم,2,220,0,25,245,31.96,213.04,70,24.0,2.45,116.59
101124,2026-05-22,سموذ,ياسر السالم,الدمام,Apple Pay,تم التسليم,1,145,22,25,148,19.3,128.7,48,14.82,2.96,62.92
101123,2026-05-22,سموذ,راكان المالكي,جدة,تمارا,تم التسليم,1,75,15,25,85,11.09,73.91,22,19.0,5.53,27.39
101122,2026-05-22,سموذ,سارة البقمي,الخبر,مدى,تم التسليم,1,95,10,25,110,14.35,95.65,30,16.15,1.1,48.4
101121,2026-05-22,سموذ,ماجد البقمي,الدمام,مدى,تم التسليم,1,85,0,25,110,14.35,95.65,26,19.0,1.1,49.55
101120,2026-05-22,سموذ,هند المالكي,مكة,تمارا,تم التسليم,1,75,0,25,100,13.04,86.96,22,21.0,6.5,37.46
101119,2026-05-21,قلوريز,أمل الزهراني,الدمام,مدى,تم التسليم,1,39,0,20,59,7.7,51.3,9,19.0,0.59,22.71
101118,2026-05-21,قلوريز,سلطان الزهراني,الرياض,تمارا,تم التسليم,1,39,8,20,51,6.65,44.35,9,16.0,3.31,16.03
101117,2026-05-21,قلوريز,دانة الغامدي,مكة,مدى,تم التسليم,1,59,0,20,79,10.3,68.7,14,21.0,0.79,32.91
101116,2026-05-21,قلوريز,فهد المطيري,الدمام,الدفع عند الاستلام,تم التسليم,1,49,0,20,69,9.0,60.0,11,16.15,12.0,20.85
101115,2026-05-21,قلوريز,منيرة الرشيدي,الرياض,Apple Pay,تم التسليم,3,289,0,0,289,37.7,251.3,79,16.0,5.78,150.52
101114,2026-05-21,قلوريز,ياسر الحربي,جدة,مدى,تم التسليم,3,360,72,0,288,37.57,250.43,102,21.28,2.88,124.27
101113,2026-05-21,قلوريز,لمى الدوسري,الرياض,مدى,تم التسليم,1,49,0,20,69,9.0,60.0,11,12.48,0.69,35.83
101112,2026-05-21,قلوريز,منيرة الشمري,الرياض,مدى,تم التسليم,1,39,0,20,59,7.7,51.3,9,16.0,0.59,25.71
101111,2026-05-21,قلوريز,خالد القحطاني,المدينة,Apple Pay,تم التسليم,1,120,0,20,140,18.26,121.74,34,21.0,2.8,63.94
101110,2026-05-21,قلوريز,تركي الرشيدي,الرياض,مدى,تم التسليم,1,35,0,20,55,7.17,47.83,8,17.92,0.55,21.36
101109,2026-05-21,قلوريز,منيرة الرشيدي,الرياض,مدى,تم التسليم,1,55,0,20,75,9.78,65.22,13,17.92,0.75,33.55
101108,2026-05-21,قلوريز,هند الدوسري,القصيم,الدفع عند الاستلام,تم التسليم,3,109,22,20,107,13.96,93.04,25,18.72,12.0,37.32
101107,2026-05-21,قلوريز,ريم العتيبي,جدة,فيزا,تم التسليم,2,84,0,20,104,13.57,90.43,19,19.0,2.6,49.83
101106,2026-05-21,قلوريز,جود العتيبي,مكة,مدى,تم التسليم,2,118,18,20,120,15.65,104.35,28,21.0,1.2,54.15
101105,2026-05-21,قلوريز,دانة الغامدي,الرياض,فيزا,تم التسليم,2,70,0,20,90,11.74,78.26,16,16.0,2.25,44.01
101104,2026-05-21,سموذ,فهد العتيبي,القصيم,الدفع عند الاستلام,تم التسليم,1,120,0,25,145,18.91,126.09,41,20.4,12.0,52.69
101103,2026-05-21,سموذ,غادة السبيعي,الرياض,Apple Pay,تم التسليم,4,370,0,0,370,48.26,321.74,114,13.6,7.4,186.74
101102,2026-05-21,سموذ,فهد الشمري,الرياض,Apple Pay,ملغي,1,85,13,25,97,0,0,0,0,0,0
101101,2026-05-21,سموذ,عبير المالكي,الخبر,مدى,تم التسليم,1,120,0,25,145,18.91,126.09,41,16.15,1.45,67.49
101100,2026-05-21,سموذ,راكان الدوسري,جدة,مدى,تم التسليم,3,290,0,0,290,37.83,252.17,93,16.15,2.9,140.12
101099,2026-05-21,سموذ,منيرة الحربي,الرياض,Apple Pay,تم التسليم,2,378,0,0,378,49.3,328.7,124,17.92,7.56,179.22
101098,2026-05-21,سموذ,فهد الحربي,الرياض,تمارا,تم التسليم,1,75,0,25,100,13.04,86.96,22,16.0,6.5,42.46
101097,2026-05-21,سموذ,تركي الشمري,المدينة,الدفع عند الاستلام,تم التسليم,1,189,0,25,214,27.91,186.09,62,21.0,12.0,91.09
101096,2026-05-21,سموذ,راكان السبيعي,الرياض,تمارا,تم التسليم,1,189,0,25,214,27.91,186.09,62,16.0,13.91,94.18
101095,2026-05-21,سموذ,تركي الحربي,جدة,مدى,تم التسليم,2,160,0,25,185,24.13,160.87,48,16.15,1.85,94.87
101094,2026-05-21,سموذ,تركي الجهني,الخبر,مدى,تم التسليم,3,365,0,0,365,47.61,317.39,118,19.0,3.65,176.74
101093,2026-05-21,سموذ,نايف الشمري,جدة,مدى,تم التسليم,1,75,0,25,100,13.04,86.96,22,21.28,1.0,42.68
101092,2026-05-21,سموذ,غادة الزهراني,تبوك,تمارا,تم التسليم,1,75,0,25,100,13.04,86.96,22,24.0,6.5,34.46
101091,2026-05-21,سموذ,تركي العنزي,الرياض,مدى,تم التسليم,2,190,0,25,215,28.04,186.96,60,17.92,2.15,106.89
101090,2026-05-20,قلوريز,فهد الزهراني,تبوك,مدى,تم التسليم,1,49,0,20,69,9.0,60.0,11,26.88,0.69,21.43
101089,2026-05-20,قلوريز,شهد السالم,تبوك,Apple Pay,تم التسليم,2,94,0,20,114,14.87,99.13,22,24.0,2.28,50.85
101088,2026-05-20,قلوريز,محمد الزهراني,الرياض,تمارا,تم التسليم,6,322,48,0,274,35.74,238.26,75,17.92,17.81,127.53
101087,2026-05-20,قلوريز,لمى السالم,المدينة,فيزا,تم التسليم,3,204,0,0,204,26.61,177.39,53,21.0,5.1,98.29
101086,2026-05-20,قلوريز,منيرة الزهراني,الرياض,مدى,تم التسليم,1,120,0,20,140,18.26,121.74,34,17.92,1.4,68.42
101085,2026-05-20,قلوريز,عبدالله الشمري,المدينة,Apple Pay,تم التسليم,2,78,0,20,98,12.78,85.22,18,21.0,1.96,44.26
101084,2026-05-20,قلوريز,ماجد الشمري,جدة,تمارا,تم التسليم,3,214,0,0,214,27.91,186.09,56,16.15,13.91,100.03
101083,2026-05-20,قلوريز,تركي السبيعي,الرياض,فيزا,تم التسليم,1,120,0,20,140,18.26,121.74,34,16.0,3.5,68.24
101082,2026-05-20,قلوريز,بندر الرشيدي,الدمام,مدى,تم التسليم,4,358,36,0,322,42.0,280.0,96,19.0,3.22,161.78
101081,2026-05-20,قلوريز,ريم السالم,الرياض,فيزا,تم التسليم,2,169,25,20,164,21.39,142.61,45,16.0,4.1,77.51
101080,2026-05-20,قلوريز,نورة القحطاني,جدة,مدى,تم التسليم,4,212,0,0,212,27.65,184.35,50,14.82,2.12,117.41
101079,2026-05-20,قلوريز,فهد السبيعي,الرياض,فيزا,تم التسليم,1,49,0,20,69,9.0,60.0,11,12.48,1.73,34.79
101078,2026-05-20,قلوريز,بندر الدوسري,أبها,مدى,تم التسليم,1,39,0,20,59,7.7,51.3,9,20.4,0.59,21.31
101077,2026-05-20,قلوريز,رهف العنزي,الرياض,مدى,تم التسليم,2,78,0,20,98,12.78,85.22,18,16.0,0.98,50.24
101076,2026-05-20,قلوريز,عبير الجهني,الرياض,فيزا,تم التسليم,2,159,0,0,159,20.74,138.26,43,16.0,3.98,75.29
101075,2026-05-20,قلوريز,بندر الدوسري,أبها,مدى,تم التسليم,1,55,0,20,75,9.78,65.22,13,20.4,0.75,31.07
101074,2026-05-20,قلوريز,ريم الشمري,الرياض,الدفع عند الاستلام,ملغي,2,118,12,20,126,0,0,0,0,0,0
101073,2026-05-20,قلوريز,محمد الشمري,الرياض,تمارا,تم التسليم,2,98,0,20,118,15.39,102.61,22,17.92,7.67,55.02
101072,2026-05-20,قلوريز,بندر الزهراني,جدة,الدفع عند الاستلام,تم التسليم,3,125,0,20,145,18.91,126.09,29,14.82,12.0,70.27
101071,2026-05-20,سموذ,سارة القحطاني,الخبر,فيزا,تم التسليم,4,652,0,0,652,85.04,566.96,212,19.0,16.3,319.66
101070,2026-05-20,سموذ,راكان الغامدي,جدة,مدى,تم التسليم,1,75,0,25,100,13.04,86.96,22,14.82,1.0,49.14
101069,2026-05-20,سموذ,دانة الشهري,أبها,تمارا,تم التسليم,2,290,44,25,271,35.35,235.65,96,20.4,17.62,101.64
101068,2026-05-20,سموذ,بندر المطيري,المدينة,الدفع عند الاستلام,تم التسليم,4,624,125,0,499,65.09,433.91,206,21.0,12.0,194.91
101067,2026-05-20,سموذ,ماجد العنزي,جدة,Apple Pay,تم التسليم,1,145,0,25,170,22.17,147.83,48,19.0,3.4,77.43
101066,2026-05-20,سموذ,نايف العنزي,الرياض,تمارا,تم التسليم,1,95,0,25,120,15.65,104.35,30,16.0,7.8,50.55
101065,2026-05-20,سموذ,لمى العنزي,جدة,مدى,تم التسليم,2,170,0,25,195,25.43,169.57,52,19.0,1.95,96.62
101064,2026-05-20,سموذ,ياسر السالم,الخبر,Apple Pay,تم التسليم,1,189,0,25,214,27.91,186.09,62,14.82,4.28,104.99
101063,2026-05-20,سموذ,عبير العتيبي,الرياض,مدى,تم التسليم,3,270,0,0,270,35.22,234.78,85,17.92,2.7,129.16
101062,2026-05-20,سموذ,بندر القحطاني,القصيم,مدى,تم التسليم,3,295,59,25,261,34.04,226.96,92,18.72,2.61,113.63
101061,2026-05-20,سموذ,جود الزهراني,المدينة,مدى,تم التسليم,4,360,36,0,324,42.26,281.74,112,16.38,3.24,150.12
101060,2026-05-20,سموذ,منيرة السالم,تبوك,Apple Pay,تم التسليم,4,460,0,0,460,60.0,400.0,148,24.0,9.2,218.8
101059,2026-05-20,سموذ,ياسر الحربي,مكة,فيزا,تم التسليم,5,545,0,0,545,71.09,473.91,174,21.0,13.62,265.29
101058,2026-05-19,قلوريز,أمل الجهني,الرياض,تمارا,تم التسليم,4,348,52,0,296,38.61,257.39,93,16.0,19.24,129.15
101057,2026-05-19,قلوريز,ماجد الدوسري,الدمام,مدى,تم التسليم,5,344,0,0,344,44.87,299.13,87,19.0,3.44,189.69
101056,2026-05-19,قلوريز,شهد الجهني,الخبر,فيزا,تم التسليم,4,200,0,0,200,26.09,173.91,47,21.28,5.0,100.63
101055,2026-05-19,قلوريز,ماجد المالكي,المدينة,مدى,تم التسليم,2,94,0,20,114,14.87,99.13,22,21.0,1.14,54.99
101054,2026-05-19,قلوريز,سارة البقمي,جدة,Apple Pay,تم التسليم,1,39,0,20,59,7.7,51.3,9,19.0,1.18,22.12
101053,2026-05-19,قلوريز,نايف الحربي,الرياض,الدفع عند الاستلام,تم التسليم,1,55,6,20,69,9.0,60.0,13,12.48,12.0,22.52
101052,2026-05-19,قلوريز,نورة الشمري,الرياض,Apple Pay,تم التسليم,6,324,0,0,324,42.26,281.74,75,13.6,6.48,186.66
101051,2026-05-19,قلوريز,فهد السبيعي,الرياض,مدى,تم التسليم,4,226,0,0,226,29.48,196.52,53,13.6,2.26,127.66
101050,2026-05-19,قلوريز,عبير الجهني,الرياض,تمارا,تم التسليم,2,155,0,0,155,20.22,134.78,42,12.48,10.08,70.23
101049,2026-05-19,قلوريز,ماجد القحطاني,جدة,فيزا,تم التسليم,1,55,0,20,75,9.78,65.22,13,14.82,1.88,35.52
101048,2026-05-19,قلوريز,خالد الرشيدي,جدة,مدى,تم التسليم,2,169,34,20,155,20.22,134.78,45,16.15,1.55,72.08
101047,2026-05-19,قلوريز,شهد المالكي,المدينة,مدى,تم التسليم,1,35,0,20,55,7.17,47.83,8,17.85,0.55,21.43
101046,2026-05-19,قلوريز,أمل الغامدي,الرياض,مدى,تم التسليم,2,108,0,20,128,16.7,111.3,25,17.92,1.28,67.1
101045,2026-05-19,قلوريز,فهد المطيري,جدة,الدفع عند الاستلام,تم التسليم,1,49,7,20,62,8.09,53.91,11,14.82,12.0,16.09
101044,2026-05-19,قلوريز,ريم السبيعي,جدة,مدى,تم التسليم,1,35,0,20,55,7.17,47.83,8,16.15,0.55,23.13
101043,2026-05-19,قلوريز,جود الدوسري,الرياض,فيزا,تم التسليم,5,259,0,0,259,33.78,225.22,61,16.0,6.48,141.74
101042,2026-05-19,قلوريز,ريم الغامدي,الرياض,Apple Pay,تم التسليم,1,120,18,20,122,15.91,106.09,34,17.92,2.44,51.73
101041,2026-05-19,سموذ,سارة البقمي,الرياض,مدى,تم التسليم,1,189,0,25,214,27.91,186.09,62,13.6,2.14,108.35
101040,2026-05-19,سموذ,نورة الحربي,مكة,تمارا,تم التسليم,2,180,0,25,205,26.74,178.26,56,21.0,13.33,87.94
101039,2026-05-19,سموذ,نورة الرشيدي,الخبر,مدى,تم التسليم,1,189,0,25,214,27.91,186.09,62,21.28,2.14,100.67
101038,2026-05-19,سموذ,تركي البقمي,الرياض,فيزا,تم التسليم,1,85,0,25,110,14.35,95.65,26,12.48,2.75,54.42
101037,2026-05-19,سموذ,تركي السبيعي,القصيم,فيزا,تم التسليم,3,349,52,0,297,38.74,258.26,110,20.4,7.43,120.44
101036,2026-05-19,سموذ,خالد المالكي,أبها,الدفع عند الاستلام,تم التسليم,3,375,0,0,375,48.91,326.09,122,24.0,12.0,168.09
101035,2026-05-19,سموذ,لمى الدوسري,مكة,مدى,تم التسليم,5,455,0,0,455,59.35,395.65,142,23.52,4.55,225.58
101034,2026-05-19,سموذ,أمل المالكي,جدة,مدى,تم التسليم,3,410,0,0,410,53.48,356.52,137,14.82,4.1,200.6
101033,2026-05-19,سموذ,سارة الحربي,الرياض,Apple Pay,تم التسليم,1,85,0,25,110,14.35,95.65,26,16.0,2.2,51.45
101032,2026-05-19,سموذ,عبدالله الغامدي,الدمام,مدى,تم التسليم,3,360,36,0,324,42.26,281.74,123,16.15,3.24,139.35
101031,2026-05-19,سموذ,نورة المالكي,الرياض,مدى,تم التسليم,3,245,0,25,270,35.22,234.78,74,16.0,2.7,142.08
101030,2026-05-19,سموذ,هند الرشيدي,الرياض,مدى,تم التسليم,1,85,0,25,110,14.35,95.65,26,16.0,1.1,52.55
101029,2026-05-19,سموذ,منيرة الحربي,جدة,تمارا,تم التسليم,4,455,0,0,455,59.35,395.65,153,16.15,29.57,196.93
101028,2026-05-19,سموذ,هند المطيري,الخبر,Apple Pay,تم التسليم,1,145,0,25,170,22.17,147.83,48,19.0,3.4,77.43
101027,2026-05-19,سموذ,سلطان الشمري,الرياض,الدفع عند الاستلام,تم التسليم,2,334,0,0,334,43.57,290.43,110,17.92,12.0,150.51
101026,2026-05-18,قلوريز,سارة الزهراني,الرياض,Apple Pay,تم التسليم,1,49,0,20,69,9.0,60.0,11,12.48,1.38,35.14
101025,2026-05-18,قلوريز,جود الزهراني,مكة,مدى,تم التسليم,1,59,0,20,79,10.3,68.7,14,16.38,0.79,37.53
101024,2026-05-18,قلوريز,سارة المالكي,الرياض,مدى,تم التسليم,1,35,7,20,48,6.26,41.74,8,13.6,0.48,19.66
101023,2026-05-18,قلوريز,عبير السالم,جدة,مدى,تم التسليم,1,55,0,20,75,9.78,65.22,13,19.0,0.75,32.47
101022,2026-05-18,قلوريز,ياسر الغامدي,الخبر,فيزا,تم التسليم,1,49,0,20,69,9.0,60.0,11,19.0,1.73,28.27
101021,2026-05-18,قلوريز,دانة القحطاني,الرياض,فيزا,تم التسليم,7,402,80,0,322,42.0,280.0,100,13.6,8.05,158.35
101020,2026-05-18,قلوريز,ريم الزهراني,الرياض,مدى,تم التسليم,2,98,15,20,103,13.43,89.57,23,16.0,1.03,49.54
101019,2026-05-18,قلوريز,فهد الدوسري,المدينة,Apple Pay,تم التسليم,1,39,8,20,51,6.65,44.35,9,16.38,1.02,17.95
101018,2026-05-18,قلوريز,عبدالله العتيبي,الرياض,مدى,تم التسليم,1,59,9,20,70,9.13,60.87,14,17.92,0.7,28.25
101017,2026-05-18,قلوريز,لمى الشهري,الخبر,مدى,تم التسليم,1,35,0,20,55,7.17,47.83,8,21.28,0.55,18.0
101016,2026-05-18,قلوريز,عبدالله المطيري,المدينة,مدى,تم التسليم,1,35,0,20,55,7.17,47.83,8,21.0,0.55,18.28
101015,2026-05-18,قلوريز,عبير القحطاني,تبوك,فيزا,تم التسليم,2,88,0,20,108,14.09,93.91,20,24.0,2.7,47.21
101014,2026-05-18,قلوريز,رهف المالكي,الرياض,مدى,تم التسليم,3,228,0,0,228,29.74,198.26,59,16.0,2.28,120.98
101013,2026-05-18,قلوريز,نايف الشهري,أبها,تمارا,تم التسليم,5,454,0,0,454,59.22,394.78,124,20.4,29.51,220.87
101012,2026-05-18,قلوريز,غادة السالم,المدينة,فيزا,تم التسليم,3,113,0,20,133,17.35,115.65,26,21.0,3.33,65.33
101011,2026-05-18,قلوريز,سارة الحربي,مكة,مدى,تم التسليم,4,164,0,0,164,21.39,142.61,38,16.38,1.64,86.59
101010,2026-05-18,قلوريز,عبير السبيعي,أبها,Apple Pay,تم التسليم,1,39,0,20,59,7.7,51.3,9,18.72,1.18,22.4
101009,2026-05-18,سموذ,غادة العتيبي,الدمام,الدفع عند الاستلام,تم التسليم,1,85,0,25,110,14.35,95.65,26,16.15,12.0,41.5
101008,2026-05-18,سموذ,رهف السبيعي,مكة,فيزا,تم التسليم,8,1012,0,0,1012,132.0,880.0,324,21.0,25.3,509.7
101007,2026-05-18,سموذ,نايف الجهني,الرياض,Apple Pay,تم التسليم,3,335,0,0,335,43.7,291.3,108,12.48,6.7,164.12
101006,2026-05-18,سموذ,جود البقمي,أبها,مدى,تم التسليم,3,375,0,0,375,48.91,326.09,122,24.0,3.75,176.34
101005,2026-05-18,سموذ,راكان المطيري,الرياض,مدى,تم التسليم,1,95,0,25,120,15.65,104.35,30,16.0,1.2,57.15
101004,2026-05-18,سموذ,غادة البقمي,الرياض,فيزا,تم التسليم,2,230,23,25,232,30.26,201.74,74,16.0,5.8,105.94
101003,2026-05-18,سموذ,رهف العتيبي,الرياض,الدفع عند الاستلام,تم التسليم,3,255,0,0,255,33.26,221.74,78,17.92,12.0,113.82
101002,2026-05-18,سموذ,تركي السالم,الرياض,مدى,تم التسليم,3,384,0,0,384,50.09,333.91,125,17.92,3.84,187.15
101001,2026-05-18,سموذ,فهد الشهري,جدة,مدى,تم التسليم,1,75,0,25,100,13.04,86.96,22,19.0,1.0,44.96
101000,2026-05-18,سموذ,سلطان الغامدي,مكة,مدى,تم التسليم,2,378,0,0,378,49.3,328.7,124,21.0,3.78,179.92
100999,2026-05-18,سموذ,تركي البقمي,الخبر,الدفع عند الاستلام,ملغي,1,95,0,25,120,0,0,0,0,0,0
100998,2026-05-18,سموذ,عبدالله العتيبي,الرياض,فيزا,تم التسليم,1,189,0,25,214,27.91,186.09,62,16.0,5.35,102.74
100997,2026-05-18,سموذ,محمد الغامدي,الرياض,Apple Pay,تم التسليم,4,365,0,0,365,47.61,317.39,115,13.6,7.3,181.49
100996,2026-05-17,قلوريز,منيرة الغامدي,المدينة,فيزا,تم التسليم,1,49,0,20,69,9.0,60.0,11,16.38,1.73,30.9
100995,2026-05-17,قلوريز,راكان الشهري,جدة,تمارا,تم التسليم,2,88,0,20,108,14.09,93.91,20,14.82,7.02,52.07
100994,2026-05-17,قلوريز,محمد المالكي,الرياض,Apple Pay,تم التسليم,1,35,0,20,55,7.17,47.83,8,13.6,1.1,25.13
100993,2026-05-17,قلوريز,نورة الجهني,أبها,تمارا,تم التسليم,1,120,18,20,122,15.91,106.09,34,18.72,7.93,45.44
100992,2026-05-17,قلوريز,فهد الشهري,جدة,Apple Pay,تم التسليم,2,155,0,0,155,20.22,134.78,42,19.0,3.1,70.68
100991,2026-05-17,قلوريز,سلطان الغامدي,جدة,Apple Pay,تم التسليم,2,114,17,20,117,15.26,101.74,27,14.82,2.34,57.58
100990,2026-05-17,قلوريز,تركي الغامدي,المدينة,مدى,تم التسليم,1,35,0,20,55,7.17,47.83,8,23.52,0.55,15.76
100989,2026-05-17,قلوريز,عبدالله العتيبي,الرياض,فيزا,تم التسليم,3,113,0,20,133,17.35,115.65,26,12.48,3.33,73.85
100988,2026-05-17,قلوريز,بندر الزهراني,جدة,Apple Pay,تم التسليم,2,104,16,20,108,14.09,93.91,24,19.0,2.16,48.75
100987,2026-05-17,قلوريز,فهد البقمي,القصيم,مدى,تم التسليم,1,35,0,20,55,7.17,47.83,8,20.4,0.55,18.88
100986,2026-05-17,قلوريز,لمى الحربي,الخبر,مدى,تم التسليم,1,35,0,20,55,7.17,47.83,8,16.15,0.55,23.13
100985,2026-05-17,قلوريز,راكان الحربي,الدمام,مدى,تم التسليم,3,165,0,0,165,21.52,143.48,39,19.0,1.65,83.83
100984,2026-05-17,قلوريز,خالد الزهراني,الرياض,مدى,تم التسليم,2,240,0,0,240,31.3,208.7,68,13.6,2.4,124.7
100983,2026-05-17,قلوريز,راكان المطيري,الدمام,مدى,تم التسليم,1,35,0,20,55,7.17,47.83,8,19.0,0.55,20.28
100982,2026-05-17,قلوريز,ريم الجهني,الدمام,فيزا,تم التسليم,3,218,0,0,218,28.43,189.57,57,21.28,5.45,105.84
100981,2026-05-17,قلوريز,منيرة العتيبي,الدمام,فيزا,تم التسليم,2,70,7,20,83,10.83,72.17,16,16.15,2.08,37.95
100980,2026-05-17,قلوريز,خالد الزهراني,مكة,Apple Pay,تم التسليم,3,157,0,0,157,20.48,136.52,36,16.38,3.14,81.0
100979,2026-05-17,سموذ,أمل الشمري,الخبر,مدى,تم التسليم,2,150,0,25,175,22.83,152.17,44,21.28,1.75,85.14
100978,2026-05-17,سموذ,هند المطيري,جدة,Apple Pay,تم التسليم,4,340,0,0,340,44.35,295.65,104,16.15,6.8,168.7
100977,2026-05-17,سموذ,ياسر الرشيدي,القصيم,الدفع عند الاستلام,تم التسليم,2,190,0,25,215,28.04,186.96,60,26.88,12.0,88.08
100976,2026-05-17,سموذ,راكان العتيبي,مكة,مدى,تم التسليم,2,195,39,25,181,23.61,157.39,63,21.0,1.81,71.58
100975,2026-05-17,سموذ,خالد الغامدي,أبها,فيزا,تم التسليم,2,215,0,25,240,31.3,208.7,71,24.0,6.0,107.7
100974,2026-05-17,سموذ,ريم العنزي,الرياض,Apple Pay,تم التسليم,3,567,57,0,510,66.52,443.48,186,17.92,10.2,229.36
100973,2026-05-17,سموذ,سلطان المالكي,الرياض,مدى,تم التسليم,2,309,0,0,309,40.3,268.7,103,17.92,3.09,144.69
100972,2026-05-17,سموذ,نايف الغامدي,أبها,مدى,تم التسليم,1,85,0,25,110,14.35,95.65,26,24.0,1.1,44.55
100971,2026-05-17,سموذ,أمل القحطاني,الخبر,Apple Pay,تم التسليم,2,309,0,0,309,40.3,268.7,103,14.82,6.18,144.7
100970,2026-05-17,سموذ,عبير السالم,الرياض,مدى,تم التسليم,1,189,0,25,214,27.91,186.09,62,16.0,2.14,105.95
100969,2026-05-16,قلوريز,غادة الحربي,الرياض,Apple Pay,تم التسليم,3,157,0,0,157,20.48,136.52,36,16.0,3.14,81.38
100968,2026-05-16,قلوريز,شهد الرشيدي,جدة,فيزا,تم التسليم,2,118,18,20,120,15.65,104.35,28,19.0,3.0,54.35
100967,2026-05-16,قلوريز,راكان السبيعي,جدة,مدى,تم التسليم,1,39,4,20,55,7.17,47.83,9,19.0,0.55,19.28
100966,2026-05-16,قلوريز,شهد الرشيدي,جدة,فيزا,تم التسليم,2,78,0,20,98,12.78,85.22,18,14.82,2.45,49.95
100965,2026-05-16,قلوريز,دانة الغامدي,المدينة,Apple Pay,تم التسليم,3,208,42,0,166,21.65,144.35,54,21.0,3.32,66.03
100964,2026-05-16,قلوريز,خالد الشمري,الرياض,Apple Pay,تم التسليم,4,206,0,0,206,26.87,179.13,47,16.0,4.12,112.01
100963,2026-05-16,قلوريز,نايف الدوسري,الدمام,فيزا,تم التسليم,3,204,0,0,204,26.61,177.39,53,19.0,5.1,100.29
100962,2026-05-16,قلوريز,رهف الشمري,مكة,Apple Pay,تم التسليم,3,153,0,0,153,19.96,133.04,35,16.38,3.06,78.6
100961,2026-05-16,قلوريز,أمل الدوسري,مكة,Apple Pay,تم التسليم,3,159,16,20,163,21.26,141.74,37,23.52,3.26,77.96
100960,2026-05-16,قلوريز,راكان السبيعي,الرياض,مدى,تم التسليم,3,204,0,0,204,26.61,177.39,53,16.0,2.04,106.35
100959,2026-05-16,قلوريز,نورة الشهري,الرياض,مدى,تم التسليم,2,175,0,0,175,22.83,152.17,47,17.92,1.75,85.5
100958,2026-05-16,قلوريز,لمى العنزي,الرياض,الدفع عند الاستلام,تم التسليم,3,167,0,0,167,21.78,145.22,39,17.92,12.0,76.3
100957,2026-05-16,قلوريز,بندر المطيري,الرياض,مدى,تم التسليم,3,133,27,20,126,16.43,109.57,31,17.92,1.26,59.39
100956,2026-05-16,قلوريز,محمد السبيعي,الرياض,تمارا,تم التسليم,1,39,6,20,53,6.91,46.09,9,16.0,3.45,17.64
100955,2026-05-16,قلوريز,ريم الدوسري,القصيم,مدى,تم التسليم,3,109,0,20,129,16.83,112.17,25,20.4,1.29,65.48
100954,2026-05-16,قلوريز,محمد الجهني,الدمام,فيزا,تم التسليم,5,296,59,0,237,30.91,206.09,75,21.28,5.93,103.88
100953,2026-05-16,قلوريز,خالد الشهري,أبها,فيزا,تم التسليم,3,127,19,20,128,16.7,111.3,29,26.88,3.2,52.22
100952,2026-05-16,قلوريز,تركي المالكي,جدة,مدى,تم التسليم,5,257,39,0,218,28.43,189.57,59,16.15,2.18,112.24
100951,2026-05-16,سموذ,عبدالله الدوسري,المدينة,مدى,تم التسليم,2,230,23,25,232,30.26,201.74,74,17.85,2.32,107.57
100950,2026-05-16,سموذ,ماجد العنزي,الدمام,مدى,تم التسليم,1,120,12,25,133,17.35,115.65,41,14.82,1.33,58.5
100949,2026-05-16,سموذ,عبدالله العنزي,جدة,فيزا,تم التسليم,2,264,40,25,249,32.48,216.52,84,19.0,6.23,107.3
100948,2026-05-16,سموذ,عبير السالم,مكة,تمارا,تم التسليم,2,240,0,25,265,34.57,230.43,82,21.0,17.23,110.21
100947,2026-05-16,سموذ,أمل الجهني,المدينة,فيزا,تم التسليم,2,170,0,25,195,25.43,169.57,52,23.52,4.88,89.17
100946,2026-05-16,سموذ,خالد الدوسري,الرياض,مدى,تم التسليم,3,280,0,0,280,36.52,243.48,89,13.6,2.8,138.08
100945,2026-05-16,سموذ,خالد المطيري,الرياض,Apple Pay,تم التسليم,4,370,0,0,370,48.26,321.74,114,13.6,7.4,186.74
100944,2026-05-16,سموذ,عبدالله الشمري,الدمام,فيزا,تم التسليم,2,290,0,0,290,37.83,252.17,96,14.82,7.25,134.1
100943,2026-05-16,سموذ,بندر الحربي,الخبر,مدى,تم التسليم,1,85,8,25,102,13.3,88.7,26,21.28,1.02,40.4
100942,2026-05-16,سموذ,عبدالله السبيعي,القصيم,الدفع عند الاستلام,تم التسليم,2,240,24,25,241,31.43,209.57,82,20.4,12.0,95.17
100941,2026-05-15,قلوريز,سلطان العتيبي,الدمام,Apple Pay,تم التسليم,2,94,19,20,95,12.39,82.61,22,16.15,1.9,42.56
100940,2026-05-15,قلوريز,غادة السبيعي,أبها,مدى,تم التسليم,3,133,0,20,153,19.96,133.04,31,20.4,1.53,80.11
100939,2026-05-15,قلوريز,محمد العنزي,الرياض,مدى,تم التسليم,5,450,0,0,450,58.7,391.3,123,16.0,4.5,247.8
100938,2026-05-15,قلوريز,دانة الحربي,جدة,Apple Pay,تم التسليم,2,108,0,20,128,16.7,111.3,25,16.15,2.56,67.59
100937,2026-05-15,قلوريز,عبدالله الحربي,جدة,مدى,تم التسليم,1,35,5,20,50,6.52,43.48,8,14.82,0.5,20.16
100936,2026-05-15,قلوريز,تركي الزهراني,جدة,مدى,تم التسليم,2,98,15,20,103,13.43,89.57,22,19.0,1.03,47.54
100935,2026-05-15,قلوريز,جود القحطاني,الرياض,Apple Pay,تم التسليم,2,179,36,20,163,21.26,141.74,48,16.0,3.26,74.48
100934,2026-05-15,قلوريز,فهد السبيعي,الرياض,Apple Pay,تم التسليم,3,165,0,0,165,21.52,143.48,39,17.92,3.3,83.26
100933,2026-05-15,قلوريز,ريم الدوسري,الرياض,فيزا,تم التسليم,2,94,0,20,114,14.87,99.13,22,16.0,2.85,58.28
100932,2026-05-15,قلوريز,بندر البقمي,الرياض,الدفع عند الاستلام,ملغي,1,59,0,20,79,0,0,0,0,0,0
100931,2026-05-15,قلوريز,شهد الجهني,الرياض,مدى,تم التسليم,1,35,0,20,55,7.17,47.83,8,16.0,0.55,23.28
100930,2026-05-15,قلوريز,رهف المطيري,جدة,مدى,تم التسليم,1,35,0,20,55,7.17,47.83,8,16.15,0.55,23.13
100929,2026-05-15,قلوريز,دانة العتيبي,الدمام,مدى,تم التسليم,1,49,0,20,69,9.0,60.0,11,16.15,0.69,32.16
100928,2026-05-15,قلوريز,شهد الغامدي,الرياض,Apple Pay,تم التسليم,3,129,0,20,149,19.43,129.57,30,12.48,2.98,84.11
100927,2026-05-15,قلوريز,جود السالم,الرياض,تمارا,تم التسليم,1,55,0,20,75,9.78,65.22,13,12.48,4.88,34.86
100926,2026-05-15,قلوريز,ريم القحطاني,المدينة,فيزا,تم التسليم,3,198,0,0,198,25.83,172.17,52,17.85,4.95,97.37
100925,2026-05-15,قلوريز,عبدالله السالم,الرياض,مدى,تم التسليم,2,94,0,20,114,14.87,99.13,22,13.6,1.14,62.39
100924,2026-05-15,قلوريز,هند البقمي,القصيم,فيزا,تم التسليم,1,59,0,20,79,10.3,68.7,14,24.0,1.98,28.72
100923,2026-05-15,قلوريز,سارة الشهري,الخبر,تمارا,تم التسليم,1,55,0,20,75,9.78,65.22,13,14.82,4.88,32.52
100922,2026-05-15,قلوريز,خالد القحطاني,الرياض,مدى,تم التسليم,2,114,0,20,134,17.48,116.52,27,12.48,1.34,75.7
100921,2026-05-15,سموذ,ياسر القحطاني,جدة,الدفع عند الاستلام,تم التسليم,1,189,0,25,214,27.91,186.09,62,19.0,12.0,93.09
100920,2026-05-15,سموذ,هند المطيري,الخبر,تمارا,تم التسليم,1,75,8,25,92,12.0,80.0,22,16.15,5.98,35.87
100919,2026-05-15,سموذ,جود البقمي,مكة,Apple Pay,تم التسليم,1,120,0,25,145,18.91,126.09,41,21.0,2.9,61.19
100918,2026-05-15,سموذ,فهد المالكي,الرياض,Apple Pay,تم التسليم,2,378,0,0,378,49.3,328.7,124,12.48,7.56,184.66
100917,2026-05-15,سموذ,غادة الجهني,القصيم,مدى,تم التسليم,3,255,0,0,255,33.26,221.74,78,24.0,2.55,117.19
100916,2026-05-15,سموذ,سارة الرشيدي,الخبر,فيزا,تم التسليم,2,170,0,25,195,25.43,169.57,52,19.0,4.88,93.69
100915,2026-05-15,سموذ,فهد السالم,الدمام,Apple Pay,ملغي,3,255,0,0,255,0,0,0,0,0,0
100914,2026-05-15,سموذ,سلطان البقمي,الخبر,فيزا,تم التسليم,1,85,8,25,102,13.3,88.7,26,19.0,2.55,41.15
100913,2026-05-15,سموذ,نورة الحربي,جدة,مدى,تم التسليم,4,365,0,0,365,47.61,317.39,115,21.28,3.65,177.46
100912,2026-05-15,سموذ,محمد القحطاني,مكة,فيزا,تم التسليم,2,160,0,25,185,24.13,160.87,48,17.85,4.62,90.39
100911,2026-05-15,سموذ,ياسر الدوسري,مكة,مدى,تم التسليم,5,465,0,0,465,60.65,404.35,144,16.38,4.65,239.32
100910,2026-05-15,سموذ,عبير المطيري,الدمام,تمارا,تم التسليم,1,189,28,25,186,24.26,161.74,62,19.0,12.09,68.65
100909,2026-05-15,سموذ,رهف السالم,أبها,تمارا,تم التسليم,3,359,0,0,359,46.83,312.17,114,18.72,23.34,156.12
100908,2026-05-15,سموذ,خالد المالكي,أبها,الدفع عند الاستلام,ملغي,1,189,0,25,214,0,0,0,0,0,0
100907,2026-05-15,سموذ,عبدالله الشهري,الرياض,مدى,تم التسليم,1,95,10,25,110,14.35,95.65,30,13.6,1.1,50.95
100906,2026-05-15,سموذ,ياسر البقمي,جدة,تمارا,ملغي,1,145,14,25,156,0,0,0,0,0,0
100905,2026-05-15,سموذ,منيرة الجهني,المدينة,مدى,تم التسليم,1,145,14,25,156,20.35,135.65,48,21.0,1.56,65.09
100904,2026-05-14,قلوريز,غادة البقمي,المدينة,تمارا,تم التسليم,3,177,0,0,177,23.09,153.91,42,21.0,11.51,79.41
100903,2026-05-14,قلوريز,لمى المطيري,الرياض,Apple Pay,تم التسليم,2,78,0,20,98,12.78,85.22,18,16.0,1.96,49.26
100902,2026-05-14,قلوريز,ياسر الشمري,تبوك,تمارا,تم التسليم,3,163,0,0,163,21.26,141.74,38,24.0,10.6,69.14
100901,2026-05-14,قلوريز,عبير السالم,جدة,مدى,تم التسليم,3,177,0,0,177,23.09,153.91,42,19.0,1.77,91.14
100900,2026-05-14,قلوريز,عبير الزهراني,جدة,الدفع عند الاستلام,ملغي,2,169,0,0,169,0,0,0,0,0,0
100899,2026-05-14,قلوريز,عبدالله السالم,الخبر,مدى,تم التسليم,1,120,18,20,122,15.91,106.09,34,19.0,1.22,51.87
100898,2026-05-14,قلوريز,محمد القحطاني,القصيم,Apple Pay,تم التسليم,3,177,0,0,177,23.09,153.91,42,24.0,3.54,84.37
100897,2026-05-14,قلوريز,هند الشهري,جدة,الدفع عند الاستلام,تم التسليم,4,192,19,0,173,22.57,150.43,45,21.28,12.0,72.15
100896,2026-05-14,قلوريز,ريم الزهراني,الرياض,مدى,تم التسليم,1,120,0,20,140,18.26,121.74,34,16.0,1.4,70.34
100895,2026-05-14,قلوريز,بندر البقمي,الرياض,مدى,تم التسليم,3,295,0,0,295,38.48,256.52,81,13.6,2.95,158.97
100894,2026-05-14,قلوريز,ماجد الشمري,جدة,فيزا,تم التسليم,1,49,0,20,69,9.0,60.0,11,21.28,1.73,25.99
100893,2026-05-14,قلوريز,راكان الغامدي,مكة,Apple Pay,تم التسليم,2,98,20,20,98,12.78,85.22,23,21.0,1.96,39.26
100892,2026-05-14,قلوريز,نايف العتيبي,الرياض,فيزا,تم التسليم,1,59,0,20,79,10.3,68.7,14,16.0,1.98,36.72
100891,2026-05-14,قلوريز,عبير الزهراني,الرياض,مدى,تم التسليم,2,70,0,20,90,11.74,78.26,16,16.0,0.9,45.36
100890,2026-05-14,قلوريز,دانة القحطاني,الرياض,Apple Pay,تم التسليم,1,39,0,20,59,7.7,51.3,9,13.6,1.18,27.52
100889,2026-05-14,قلوريز,سلطان الغامدي,جدة,الدفع عند الاستلام,تم التسليم,5,345,0,0,345,45.0,300.0,92,21.28,12.0,174.72
100888,2026-05-14,قلوريز,رهف العتيبي,الدمام,Apple Pay,تم التسليم,1,59,0,20,79,10.3,68.7,14,19.0,1.58,34.12
100887,2026-05-14,قلوريز,سلطان المالكي,أبها,مدى,تم التسليم,2,114,0,20,134,17.48,116.52,27,24.0,1.34,64.18
100886,2026-05-14,قلوريز,شهد السبيعي,الرياض,تمارا,تم التسليم,3,177,0,0,177,23.09,153.91,42,13.6,11.51,86.81
100885,2026-05-14,قلوريز,سلطان الغامدي,مكة,تمارا,تم التسليم,2,169,17,0,152,19.83,132.17,45,17.85,9.88,59.44
100884,2026-05-14,سموذ,ريم الزهراني,الدمام,Apple Pay,تم التسليم,1,120,0,25,145,18.91,126.09,41,14.82,2.9,67.37
100883,2026-05-14,سموذ,نورة الدوسري,الخبر,Apple Pay,تم التسليم,3,275,0,0,275,35.87,239.13,86,16.15,5.5,131.48
100882,2026-05-14,سموذ,هند الشهري,الخبر,فيزا,تم التسليم,1,85,0,25,110,14.35,95.65,26,21.28,2.75,45.62
100881,2026-05-14,سموذ,شهد السبيعي,الرياض,Apple Pay,تم التسليم,6,725,72,0,653,85.17,567.83,237,17.92,13.06,299.85
100880,2026-05-14,سموذ,سارة الحربي,الرياض,مدى,تم التسليم,1,145,0,25,170,22.17,147.83,48,12.48,1.7,85.65
100879,2026-05-14,سموذ,لمى القحطاني,أبها,تمارا,تم التسليم,3,419,84,0,335,43.7,291.3,136,18.72,21.78,114.81
100878,2026-05-14,سموذ,محمد الدوسري,الرياض,Apple Pay,تم التسليم,1,95,0,25,120,15.65,104.35,30,16.0,2.4,55.95
100877,2026-05-14,سموذ,لمى الدوسري,المدينة,مدى,تم التسليم,1,145,0,25,170,22.17,147.83,48,17.85,1.7,80.28
100876,2026-05-14,سموذ,محمد القحطاني,الرياض,الدفع عند الاستلام,تم التسليم,1,145,0,25,170,22.17,147.83,48,16.0,12.0,71.83
100875,2026-05-14,سموذ,منيرة البقمي,المدينة,مدى,تم التسليم,1,145,0,25,170,22.17,147.83,48,21.0,1.7,77.13
100874,2026-05-14,سموذ,ماجد العنزي,الدمام,مدى,تم التسليم,2,170,0,25,195,25.43,169.57,52,19.0,1.95,96.62
100873,2026-05-14,سموذ,نورة الشهري,الرياض,فيزا,تم التسليم,3,360,0,0,360,46.96,313.04,123,16.0,9.0,165.04
100872,2026-05-14,سموذ,شهد الغامدي,تبوك,تمارا,تم التسليم,1,95,0,25,120,15.65,104.35,30,18.72,7.8,47.83
100871,2026-05-14,سموذ,رهف المطيري,الرياض,مدى,تم التسليم,1,85,8,25,102,13.3,88.7,26,17.92,1.02,43.76
100870,2026-05-14,سموذ,فهد الغامدي,مكة,مدى,تم التسليم,2,264,26,25,263,34.3,228.7,84,21.0,2.63,121.07
100869,2026-05-14,سموذ,سلطان المالكي,الرياض,فيزا,تم التسليم,2,170,0,25,195,25.43,169.57,52,16.0,4.88,96.69
100868,2026-05-14,سموذ,سلطان المالكي,الرياض,مدى,تم التسليم,1,145,0,25,170,22.17,147.83,48,17.92,1.7,80.21
100867,2026-05-14,سموذ,عبير المالكي,الخبر,مدى,تم التسليم,1,95,0,25,120,15.65,104.35,30,16.15,1.2,57.0
100866,2026-05-13,قلوريز,هند الغامدي,الرياض,الدفع عند الاستلام,تم التسليم,4,273,41,0,232,30.26,201.74,70,16.0,12.0,103.74
100865,2026-05-13,قلوريز,دانة العنزي,مكة,مدى,تم التسليم,3,127,0,20,147,19.17,127.83,29,17.85,1.47,79.51
100864,2026-05-13,قلوريز,نايف الزهراني,الرياض,مدى,تم التسليم,2,98,15,20,103,13.43,89.57,22,16.0,1.03,50.54
100863,2026-05-13,قلوريز,تركي الشمري,جدة,مدى,تم التسليم,3,125,19,20,126,16.43,109.57,29,16.15,1.26,63.16
100862,2026-05-13,قلوريز,نورة المالكي,القصيم,Apple Pay,تم التسليم,1,35,0,20,55,7.17,47.83,8,20.4,1.1,18.33
100861,2026-05-13,قلوريز,فهد الزهراني,جدة,مدى,تم التسليم,3,230,46,0,184,24.0,160.0,60,16.15,1.84,82.01
100860,2026-05-13,قلوريز,ياسر السالم,جدة,الدفع عند الاستلام,ملغي,3,299,0,0,299,0,0,0,0,0,0
100859,2026-05-13,قلوريز,بندر السالم,الخبر,مدى,تم التسليم,4,184,0,0,184,24.0,160.0,43,14.82,1.84,100.34
100858,2026-05-13,قلوريز,رهف المطيري,الرياض,الدفع عند الاستلام,ملغي,1,49,0,20,69,0,0,0,0,0,0
100857,2026-05-13,قلوريز,نورة العتيبي,الخبر,Apple Pay,تم التسليم,4,399,0,0,399,52.04,346.96,111,14.82,7.98,213.16
100856,2026-05-13,قلوريز,ريم الغامدي,الرياض,مدى,تم التسليم,3,218,0,0,218,28.43,189.57,57,16.0,2.18,114.39
100855,2026-05-13,قلوريز,خالد الزهراني,الرياض,Apple Pay,تم التسليم,3,165,0,0,165,21.52,143.48,39,13.6,3.3,87.58
100854,2026-05-13,قلوريز,نورة المالكي,الرياض,Apple Pay,تم التسليم,1,59,12,20,67,8.74,58.26,14,17.92,1.34,25.0
100853,2026-05-13,قلوريز,ياسر الزهراني,الدمام,تمارا,تم التسليم,1,35,0,20,55,7.17,47.83,8,16.15,3.58,20.1
100852,2026-05-13,قلوريز,فهد السبيعي,الرياض,Apple Pay,تم التسليم,4,172,0,0,172,22.43,149.57,40,12.48,3.44,93.65
100851,2026-05-13,سموذ,لمى السبيعي,المدينة,مدى,تم التسليم,2,378,0,0,378,49.3,328.7,124,23.52,3.78,177.4
100850,2026-05-13,سموذ,دانة القحطاني,الدمام,Apple Pay,تم التسليم,1,95,0,25,120,15.65,104.35,30,19.0,2.4,52.95
100849,2026-05-13,سموذ,سارة الغامدي,تبوك,مدى,تم التسليم,3,335,34,0,301,39.26,261.74,108,18.72,3.01,132.01
100848,2026-05-13,سموذ,ياسر الشهري,جدة,Apple Pay,تم التسليم,1,85,0,25,110,14.35,95.65,26,14.82,2.2,52.63
100847,2026-05-13,سموذ,محمد الدوسري,جدة,مدى,تم التسليم,2,150,15,25,160,20.87,139.13,44,19.0,1.6,74.53
100846,2026-05-13,سموذ,نايف الجهني,جدة,فيزا,ملغي,1,189,0,25,214,0,0,0,0,0,0
100845,2026-05-13,سموذ,شهد الدوسري,الدمام,تمارا,ملغي,3,359,0,0,359,0,0,0,0,0,0
100844,2026-05-13,سموذ,جود القحطاني,المدينة,مدى,تم التسليم,2,378,0,0,378,49.3,328.7,124,21.0,3.78,179.92
100843,2026-05-13,سموذ,رهف السالم,أبها,تمارا,تم التسليم,2,240,0,25,265,34.57,230.43,78,18.72,17.23,116.49
100842,2026-05-12,قلوريز,بندر المطيري,الرياض,تمارا,تم التسليم,1,39,0,20,59,7.7,51.3,9,16.0,3.83,22.47
100841,2026-05-12,قلوريز,لمى الجهني,القصيم,فيزا,تم التسليم,3,149,22,20,147,19.17,127.83,35,26.88,3.68,62.27
100840,2026-05-12,قلوريز,نورة الجهني,الدمام,Apple Pay,تم التسليم,1,49,0,20,69,9.0,60.0,11,16.15,1.38,31.47
100839,2026-05-12,قلوريز,هند المالكي,مكة,مدى,تم التسليم,3,153,0,0,153,19.96,133.04,35,17.85,1.53,78.66
100838,2026-05-12,قلوريز,ياسر السالم,جدة,الدفع عند الاستلام,ملغي,2,179,0,0,179,0,0,0,0,0,0
100837,2026-05-12,قلوريز,محمد السبيعي,الرياض,فيزا,تم التسليم,3,279,0,0,279,36.39,242.61,77,13.6,6.98,145.03
100836,2026-05-12,قلوريز,خالد السالم,الرياض,مدى,تم التسليم,2,110,16,20,114,14.87,99.13,26,12.48,1.14,59.51
100835,2026-05-12,قلوريز,دانة المطيري,جدة,مدى,تم التسليم,1,55,0,20,75,9.78,65.22,13,19.0,0.75,32.47
100834,2026-05-12,قلوريز,خالد البقمي,الدمام,مدى,تم التسليم,3,119,18,20,121,15.78,105.22,27,19.0,1.21,58.01
100833,2026-05-12,قلوريز,بندر الدوسري,القصيم,Apple Pay,تم التسليم,1,35,0,20,55,7.17,47.83,8,18.72,1.1,20.01
100832,2026-05-12,قلوريز,بندر الشمري,القصيم,فيزا,تم التسليم,1,59,0,20,79,10.3,68.7,14,26.88,1.98,25.84
100831,2026-05-12,قلوريز,نورة المالكي,الرياض,Apple Pay,تم التسليم,3,194,0,0,194,25.3,168.7,51,16.0,3.88,97.82
100830,2026-05-12,قلوريز,محمد الجهني,الرياض,Apple Pay,تم التسليم,2,114,0,20,134,17.48,116.52,27,16.0,2.68,70.84
100829,2026-05-12,قلوريز,بندر الشمري,جدة,Apple Pay,تم التسليم,2,169,0,0,169,22.04,146.96,45,21.28,3.38,77.3
100828,2026-05-12,قلوريز,ريم السبيعي,جدة,Apple Pay,تم التسليم,2,155,0,0,155,20.22,134.78,42,16.15,3.1,73.53
100827,2026-05-12,سموذ,تركي الشمري,المدينة,تمارا,تم التسليم,1,75,0,25,100,13.04,86.96,22,17.85,6.5,40.61
100826,2026-05-12,سموذ,محمد الحربي,جدة,فيزا,تم التسليم,1,145,0,25,170,22.17,147.83,48,14.82,4.25,80.76
100825,2026-05-12,سموذ,منيرة الغامدي,الدمام,فيزا,تم التسليم,1,85,8,25,102,13.3,88.7,26,21.28,2.55,38.87
100824,2026-05-12,سموذ,سلطان الغامدي,الرياض,مدى,ملغي,3,335,34,0,301,0,0,0,0,0,0
100823,2026-05-12,سموذ,رهف البقمي,الدمام,مدى,تم التسليم,1,95,0,25,120,15.65,104.35,30,16.15,1.2,57.0
100822,2026-05-12,سموذ,جود السبيعي,القصيم,فيزا,تم التسليم,2,170,34,25,161,21.0,140.0,52,20.4,4.03,63.57
100821,2026-05-12,سموذ,سارة القحطاني,الخبر,مدى,تم التسليم,3,385,38,0,347,45.26,301.74,126,21.28,3.47,150.99
100820,2026-05-12,سموذ,نورة الرشيدي,الخبر,مدى,تم التسليم,1,75,0,25,100,13.04,86.96,22,19.0,1.0,44.96
100819,2026-05-12,سموذ,تركي المطيري,الخبر,مدى,تم التسليم,4,360,0,0,360,46.96,313.04,112,19.0,3.6,178.44
100818,2026-05-12,سموذ,منيرة الدوسري,مكة,مدى,تم التسليم,3,365,36,0,329,42.91,286.09,118,16.38,3.29,148.42
100817,2026-05-12,سموذ,نايف الحربي,المدينة,مدى,تم التسليم,3,225,0,25,250,32.61,217.39,66,16.38,2.5,132.51
100816,2026-05-11,قلوريز,عبدالله الزهراني,الدمام,مدى,تم التسليم,3,194,0,0,194,25.3,168.7,51,14.82,1.94,100.94
100815,2026-05-11,قلوريز,ماجد الزهراني,الدمام,فيزا,ملغي,1,39,8,20,51,0,0,0,0,0,0
100814,2026-05-11,قلوريز,لمى الحربي,الرياض,تمارا,تم التسليم,1,39,0,20,59,7.7,51.3,9,16.0,3.83,22.47
100813,2026-05-11,قلوريز,نورة الحربي,جدة,مدى,تم التسليم,1,35,0,20,55,7.17,47.83,8,16.15,0.55,23.13
100812,2026-05-11,قلوريز,هند المطيري,أبها,مدى,تم التسليم,3,230,0,0,230,30.0,200.0,60,24.0,2.3,113.7
100811,2026-05-11,قلوريز,نورة العنزي,الدمام,الدفع عند الاستلام,ملغي,1,39,0,20,59,0,0,0,0,0,0
100810,2026-05-11,قلوريز,بندر المالكي,الرياض,Apple Pay,تم التسليم,1,39,0,20,59,7.7,51.3,9,13.6,1.18,27.52
100809,2026-05-11,قلوريز,عبير الدوسري,الرياض,مدى,تم التسليم,3,177,0,0,177,23.09,153.91,42,17.92,1.77,92.22
100808,2026-05-11,قلوريز,ماجد الشمري,الرياض,فيزا,تم التسليم,1,35,5,20,50,6.52,43.48,8,17.92,1.25,16.31
100807,2026-05-11,قلوريز,فهد السالم,المدينة,الدفع عند الاستلام,ملغي,4,200,20,0,180,0,0,0,0,0,0
100806,2026-05-11,قلوريز,رهف الشهري,المدينة,مدى,تم التسليم,3,153,0,0,153,19.96,133.04,36,16.38,1.53,79.13
100805,2026-05-11,قلوريز,سارة الشهري,الخبر,مدى,تم التسليم,2,94,0,20,114,14.87,99.13,22,21.28,1.14,54.71
100804,2026-05-11,قلوريز,نورة الجهني,أبها,مدى,تم التسليم,4,208,0,0,208,27.13,180.87,49,24.0,2.08,105.79
100803,2026-05-11,قلوريز,جود الزهراني,جدة,تمارا,تم التسليم,3,167,0,0,167,21.78,145.22,39,19.0,10.86,76.36
100802,2026-05-11,قلوريز,ريم الزهراني,الرياض,مدى,تم التسليم,1,39,0,20,59,7.7,51.3,9,16.0,0.59,25.71
100801,2026-05-11,قلوريز,محمد الزهراني,الدمام,Apple Pay,تم التسليم,2,175,0,0,175,22.83,152.17,47,16.15,3.5,85.52
100800,2026-05-11,قلوريز,ماجد الشمري,جدة,مدى,تم التسليم,3,157,0,0,157,20.48,136.52,36,19.0,1.57,79.95
100799,2026-05-11,سموذ,راكان الدوسري,تبوك,تمارا,تم التسليم,4,554,0,0,554,72.26,481.74,180,20.4,36.01,245.33
100798,2026-05-11,سموذ,نايف القحطاني,تبوك,فيزا,تم التسليم,4,400,0,0,400,52.17,347.83,126,20.4,10.0,191.43
100797,2026-05-11,سموذ,لمى العتيبي,القصيم,تمارا,تم التسليم,2,220,22,25,223,29.09,193.91,70,24.0,14.5,85.42
100796,2026-05-11,سموذ,محمد الجهني,الرياض,Apple Pay,تم التسليم,1,145,14,25,156,20.35,135.65,48,17.92,3.12,66.61
100795,2026-05-11,سموذ,فهد العتيبي,القصيم,مدى,تم التسليم,3,384,38,0,346,45.13,300.87,125,20.4,3.46,152.01
100794,2026-05-11,سموذ,شهد السبيعي,الدمام,Apple Pay,تم التسليم,3,315,0,0,315,41.09,273.91,104,21.28,6.3,142.33
100793,2026-05-11,سموذ,دانة الرشيدي,الرياض,الدفع عند الاستلام,تم التسليم,3,385,0,0,385,50.22,334.78,126,13.6,12.0,183.18
100792,2026-05-11,سموذ,عبير العنزي,الرياض,مدى,تم التسليم,1,120,0,25,145,18.91,126.09,41,17.92,1.45,65.72
100791,2026-05-11,سموذ,سارة العنزي,الخبر,فيزا,تم التسليم,3,285,0,0,285,37.17,247.83,90,14.82,7.12,135.88
100790,2026-05-11,سموذ,غادة البقمي,جدة,تمارا,تم التسليم,2,378,0,0,378,49.3,328.7,124,16.15,24.57,163.98
100789,2026-05-11,سموذ,خالد الشمري,الرياض,مدى,تم التسليم,2,309,31,0,278,36.26,241.74,103,12.48,2.78,123.48
100788,2026-05-11,سموذ,عبير القحطاني,الدمام,تمارا,تم التسليم,1,85,8,25,102,13.3,88.7,26,19.0,6.63,37.07
100787,2026-05-10,قلوريز,غادة البقمي,الرياض,فيزا,تم التسليم,1,55,0,20,75,9.78,65.22,13,12.48,1.88,37.86
100786,2026-05-10,قلوريز,دانة البقمي,جدة,مدى,تم التسليم,3,224,0,0,224,29.22,194.78,58,21.28,2.24,113.26
100785,2026-05-10,قلوريز,ياسر الشمري,الدمام,Apple Pay,تم التسليم,3,165,33,20,152,19.83,132.17,39,16.15,3.04,73.98
100784,2026-05-10,قلوريز,ياسر السالم,جدة,تمارا,تم التسليم,3,275,0,0,275,35.87,239.13,76,21.28,17.88,123.98
100783,2026-05-10,قلوريز,عبدالله المطيري,جدة,فيزا,تم التسليم,1,39,0,20,59,7.7,51.3,9,16.15,1.48,24.68
100782,2026-05-10,قلوريز,جود الشمري,أبها,الدفع عند الاستلام,تم التسليم,1,39,0,20,59,7.7,51.3,9,20.4,12.0,9.9
100781,2026-05-10,قلوريز,ريم الشهري,القصيم,تمارا,تم التسليم,1,55,0,20,75,9.78,65.22,13,26.88,4.88,20.46
100780,2026-05-10,قلوريز,رهف العتيبي,الدمام,مدى,تم التسليم,2,155,16,20,159,20.74,138.26,42,21.28,1.59,73.39
100779,2026-05-10,قلوريز,تركي السبيعي,تبوك,مدى,تم التسليم,1,39,0,20,59,7.7,51.3,9,24.0,0.59,17.71
100778,2026-05-10,قلوريز,عبير المالكي,الدمام,Apple Pay,تم التسليم,3,167,0,0,167,21.78,145.22,39,19.0,3.34,83.88
100777,2026-05-10,قلوريز,عبير العتيبي,الرياض,الدفع عند الاستلام,ملغي,2,98,0,20,118,0,0,0,0,0,0
100776,2026-05-10,قلوريز,ريم السالم,الرياض,الدفع عند الاستلام,تم التسليم,2,169,0,0,169,22.04,146.96,45,13.6,12.0,76.36
100775,2026-05-10,قلوريز,ريم الغامدي,الرياض,مدى,تم التسليم,1,39,0,20,59,7.7,51.3,9,17.92,0.59,23.79
100774,2026-05-10,قلوريز,غادة السالم,جدة,Apple Pay,تم التسليم,4,188,0,0,188,24.52,163.48,44,21.28,3.76,94.44
100773,2026-05-10,قلوريز,جود الحربي,جدة,تمارا,تم التسليم,1,120,12,20,128,16.7,111.3,34,19.0,8.32,49.98
100772,2026-05-10,قلوريز,ياسر الرشيدي,مكة,مدى,تم التسليم,3,129,19,20,130,16.96,113.04,30,16.38,1.3,65.36
100771,2026-05-10,قلوريز,ماجد الدوسري,الدمام,تمارا,تم التسليم,4,237,36,0,201,26.22,174.78,61,21.28,13.07,79.44
100770,2026-05-10,سموذ,بندر الشمري,الرياض,الدفع عند الاستلام,تم التسليم,1,120,0,25,145,18.91,126.09,41,17.92,12.0,55.17
100769,2026-05-10,سموذ,نورة القحطاني,مكة,مدى,تم التسليم,4,520,0,0,520,67.83,452.17,170,17.85,5.2,259.12
100768,2026-05-10,سموذ,منيرة المطيري,الرياض,مدى,تم التسليم,3,385,0,0,385,50.22,334.78,130,13.6,3.85,187.33
100767,2026-05-10,سموذ,سلطان الشمري,المدينة,Apple Pay,تم التسليم,2,170,34,25,161,21.0,140.0,52,17.85,3.22,66.93
100766,2026-05-10,سموذ,راكان المطيري,الرياض,مدى,تم التسليم,2,205,0,25,230,30.0,200.0,67,17.92,2.3,112.78
100765,2026-05-10,سموذ,عبير الزهراني,الرياض,تمارا,تم التسليم,2,274,0,0,274,35.74,238.26,88,17.92,17.81,114.53
100764,2026-05-10,سموذ,جود البقمي,جدة,Apple Pay,تم التسليم,3,285,0,0,285,37.17,247.83,90,21.28,5.7,130.85
100763,2026-05-10,سموذ,لمى القحطاني,الرياض,تمارا,تم التسليم,2,290,0,0,290,37.83,252.17,96,16.0,18.85,121.32
100762,2026-05-10,سموذ,تركي السالم,جدة,Apple Pay,تم التسليم,2,205,31,25,199,25.96,173.04,67,16.15,3.98,85.91
100761,2026-05-10,سموذ,عبير العنزي,الرياض,تمارا,ملغي,1,120,0,25,145,0,0,0,0,0,0
100760,2026-05-10,سموذ,فهد المالكي,مكة,Apple Pay,تم التسليم,1,95,19,25,101,13.17,87.83,30,21.0,2.02,34.81
100759,2026-05-09,قلوريز,رهف الحربي,أبها,فيزا,ملغي,2,94,0,20,114,0,0,0,0,0,0
100758,2026-05-09,قلوريز,رهف المطيري,الرياض,Apple Pay,تم التسليم,2,108,0,20,128,16.7,111.3,25,16.0,2.56,67.74
100757,2026-05-09,قلوريز,بندر البقمي,تبوك,فيزا,تم التسليم,1,35,0,20,55,7.17,47.83,8,20.4,1.38,18.05
100756,2026-05-09,قلوريز,هند الرشيدي,جدة,مدى,تم التسليم,2,74,0,20,94,12.26,81.74,17,19.0,0.94,44.8
100755,2026-05-09,قلوريز,سلطان الغامدي,المدينة,مدى,تم التسليم,4,338,51,0,287,37.43,249.57,90,21.0,2.87,135.7
100754,2026-05-09,قلوريز,ريم الزهراني,الرياض,فيزا,تم التسليم,2,78,0,20,98,12.78,85.22,18,17.92,2.45,46.85
100753,2026-05-09,قلوريز,شهد الرشيدي,الدمام,تمارا,تم التسليم,4,208,0,0,208,27.13,180.87,49,19.0,13.52,99.35
100752,2026-05-09,قلوريز,لمى السبيعي,جدة,الدفع عند الاستلام,تم التسليم,1,59,12,20,67,8.74,58.26,14,21.28,12.0,10.98
100751,2026-05-09,قلوريز,لمى العنزي,الرياض,مدى,تم التسليم,3,133,0,20,153,19.96,133.04,31,16.0,1.53,84.51
100750,2026-05-09,قلوريز,شهد الرشيدي,الدمام,Apple Pay,تم التسليم,2,98,10,20,108,14.09,93.91,22,16.15,2.16,53.6
100749,2026-05-09,قلوريز,خالد السبيعي,الدمام,Apple Pay,تم التسليم,1,35,0,20,55,7.17,47.83,8,16.15,1.1,22.58
100748,2026-05-09,قلوريز,عبير السبيعي,أبها,مدى,تم التسليم,2,179,27,0,152,19.83,132.17,48,26.88,1.52,55.77
100747,2026-05-09,قلوريز,لمى العنزي,الرياض,Apple Pay,تم التسليم,1,39,0,20,59,7.7,51.3,9,17.92,1.18,23.2
100746,2026-05-09,قلوريز,ريم الدوسري,القصيم,Apple Pay,تم التسليم,3,145,0,20,165,21.52,143.48,34,26.88,3.3,79.3
100745,2026-05-09,قلوريز,عبير البقمي,الرياض,مدى,تم التسليم,2,118,12,20,126,16.43,109.57,28,17.92,1.26,62.39
100744,2026-05-09,سموذ,راكان الشهري,مكة,تمارا,تم التسليم,1,120,12,25,133,17.35,115.65,41,23.52,8.64,42.49
100743,2026-05-09,سموذ,خالد الغامدي,جدة,Apple Pay,تم التسليم,1,85,0,25,110,14.35,95.65,26,16.15,2.2,51.3
100742,2026-05-09,سموذ,أمل العتيبي,الرياض,مدى,تم التسليم,3,419,0,0,419,54.65,364.35,136,13.6,4.19,210.56
100741,2026-05-09,سموذ,سارة الجهني,المدينة,فيزا,ملغي,1,189,0,25,214,0,0,0,0,0,0
100740,2026-05-09,سموذ,فهد المالكي,الرياض,مدى,تم التسليم,3,285,0,0,285,37.17,247.83,90,17.92,2.85,137.06
100739,2026-05-09,سموذ,دانة الرشيدي,القصيم,مدى,تم التسليم,3,429,43,0,386,50.35,335.65,144,24.0,3.86,163.79
100738,2026-05-09,سموذ,شهد السبيعي,الرياض,مدى,تم التسليم,1,85,0,25,110,14.35,95.65,26,17.92,1.1,50.63
100737,2026-05-09,سموذ,ياسر الدوسري,مكة,مدى,تم التسليم,2,284,0,0,284,37.04,246.96,92,17.85,2.84,134.27
100736,2026-05-09,سموذ,نورة المالكي,القصيم,Apple Pay,تم التسليم,1,75,8,25,92,12.0,80.0,22,20.4,1.84,35.76
100735,2026-05-09,سموذ,هند الدوسري,الرياض,مدى,ملغي,4,340,0,0,340,0,0,0,0,0,0
100734,2026-05-08,قلوريز,عبير الدوسري,الرياض,فيزا,تم التسليم,3,129,13,20,136,17.74,118.26,30,13.6,3.4,71.26
100733,2026-05-08,قلوريز,عبير المالكي,الرياض,Apple Pay,تم التسليم,3,133,13,20,140,18.26,121.74,31,16.0,2.8,71.94
100732,2026-05-08,قلوريز,محمد البقمي,جدة,الدفع عند الاستلام,تم التسليم,3,238,0,0,238,31.04,206.96,62,19.0,12.0,113.96
100731,2026-05-08,قلوريز,محمد السبيعي,جدة,Apple Pay,تم التسليم,4,212,0,0,212,27.65,184.35,50,21.28,4.24,108.83
100730,2026-05-08,قلوريز,بندر العتيبي,القصيم,الدفع عند الاستلام,تم التسليم,1,39,0,20,59,7.7,51.3,9,24.0,12.0,6.3
100729,2026-05-08,قلوريز,دانة الغامدي,جدة,تمارا,تم التسليم,2,84,17,20,87,11.35,75.65,19,19.0,5.66,32.0
100728,2026-05-08,قلوريز,محمد المالكي,مكة,الدفع عند الاستلام,تم التسليم,1,120,18,20,122,15.91,106.09,34,16.38,12.0,43.71
100727,2026-05-08,قلوريز,خالد القحطاني,الخبر,مدى,تم التسليم,3,147,0,20,167,21.78,145.22,33,19.0,1.67,91.55
100726,2026-05-08,قلوريز,محمد المالكي,الرياض,مدى,تم التسليم,3,137,0,20,157,20.48,136.52,31,12.48,1.57,91.47
100725,2026-05-08,قلوريز,عبدالله العنزي,القصيم,تمارا,تم التسليم,2,240,0,0,240,31.3,208.7,68,24.0,15.6,101.1
100724,2026-05-08,قلوريز,ياسر الجهني,القصيم,تمارا,تم التسليم,1,49,0,20,69,9.0,60.0,11,18.72,4.49,25.8
100723,2026-05-08,قلوريز,فهد الرشيدي,جدة,الدفع عند الاستلام,تم التسليم,5,271,0,0,271,35.35,235.65,64,16.15,12.0,143.5
100722,2026-05-08,قلوريز,نورة المطيري,الرياض,Apple Pay,تم التسليم,2,70,0,20,90,11.74,78.26,16,17.92,1.8,42.54
100721,2026-05-08,قلوريز,دانة الغامدي,الدمام,الدفع عند الاستلام,تم التسليم,1,59,9,20,70,9.13,60.87,14,16.15,12.0,18.72
100720,2026-05-08,قلوريز,منيرة الشهري,الرياض,Apple Pay,تم التسليم,1,39,0,20,59,7.7,51.3,9,16.0,1.18,25.12
100719,2026-05-08,قلوريز,منيرة الزهراني,الدمام,مدى,تم التسليم,2,240,0,0,240,31.3,208.7,68,19.0,2.4,119.3
100718,2026-05-08,قلوريز,لمى الدوسري,الرياض,فيزا,تم التسليم,1,59,0,20,79,10.3,68.7,14,16.0,1.98,36.72
100717,2026-05-08,قلوريز,عبير الزهراني,جدة,مدى,تم التسليم,2,78,0,20,98,12.78,85.22,18,16.15,0.98,50.09
100716,2026-05-08,قلوريز,شهد العنزي,الرياض,Apple Pay,تم التسليم,5,223,0,0,223,29.09,193.91,52,13.6,4.46,123.85
100715,2026-05-08,قلوريز,جود الرشيدي,الرياض,Apple Pay,تم التسليم,2,94,14,20,100,13.04,86.96,22,16.0,2.0,46.96
100714,2026-05-08,قلوريز,نورة السبيعي,الرياض,الدفع عند الاستلام,تم التسليم,2,78,0,20,98,12.78,85.22,18,16.0,12.0,39.22
100713,2026-05-08,قلوريز,بندر الشهري,الرياض,مدى,تم التسليم,3,360,0,0,360,46.96,313.04,102,17.92,3.6,189.52
100712,2026-05-08,قلوريز,سلطان الشمري,الدمام,مدى,تم التسليم,1,49,0,20,69,9.0,60.0,11,19.0,0.69,29.31
100711,2026-05-08,سموذ,أمل الشمري,الخبر,مدى,تم التسليم,4,460,0,0,460,60.0,400.0,148,19.0,4.6,228.4
100710,2026-05-08,سموذ,لمى الغامدي,تبوك,Apple Pay,تم التسليم,1,85,13,25,97,12.65,84.35,26,20.4,1.94,36.01
100709,2026-05-08,سموذ,سارة المالكي,جدة,Apple Pay,تم التسليم,1,189,28,25,186,24.26,161.74,62,14.82,3.72,81.2
100708,2026-05-08,سموذ,محمد الدوسري,مكة,مدى,تم التسليم,1,85,0,25,110,14.35,95.65,26,16.38,1.1,52.17
100707,2026-05-08,سموذ,رهف المالكي,الرياض,Apple Pay,تم التسليم,2,190,0,25,215,28.04,186.96,60,13.6,4.3,109.06
100706,2026-05-08,سموذ,ياسر الدوسري,جدة,مدى,تم التسليم,2,150,22,25,153,19.96,133.04,44,19.0,1.53,68.51
100705,2026-05-08,سموذ,دانة العتيبي,الدمام,مدى,تم التسليم,1,189,38,25,176,22.96,153.04,62,19.0,1.76,70.28
100704,2026-05-08,سموذ,خالد العنزي,الرياض,الدفع عند الاستلام,تم التسليم,2,150,0,25,175,22.83,152.17,44,16.0,12.0,80.17
100703,2026-05-08,سموذ,محمد الدوسري,مكة,فيزا,تم التسليم,2,150,0,25,175,22.83,152.17,44,21.0,4.38,82.8
100702,2026-05-08,سموذ,منيرة الرشيدي,مكة,الدفع عند الاستلام,تم التسليم,1,120,0,25,145,18.91,126.09,41,21.0,12.0,52.09
100701,2026-05-08,سموذ,منيرة الجهني,الدمام,مدى,ملغي,1,85,0,25,110,0,0,0,0,0,0
100700,2026-05-08,سموذ,خالد الجهني,المدينة,فيزا,تم التسليم,3,295,44,0,251,32.74,218.26,92,16.38,6.28,103.61
100699,2026-05-08,سموذ,غادة الرشيدي,الرياض,تمارا,تم التسليم,4,400,0,0,400,52.17,347.83,126,12.48,26.0,183.35
100698,2026-05-07,قلوريز,جود السالم,جدة,فيزا,تم التسليم,1,35,7,20,48,6.26,41.74,8,19.0,1.2,13.54
100697,2026-05-07,قلوريز,بندر الدوسري,القصيم,Apple Pay,تم التسليم,1,55,8,20,67,8.74,58.26,13,24.0,1.34,19.92
100696,2026-05-07,قلوريز,سارة الحربي,الرياض,مدى,تم التسليم,5,283,0,0,283,36.91,246.09,67,16.0,2.83,160.26
100695,2026-05-07,قلوريز,ريم القحطاني,جدة,مدى,تم التسليم,3,119,0,20,139,18.13,120.87,27,21.28,1.39,71.2
100694,2026-05-07,قلوريز,شهد البقمي,الرياض,مدى,تم التسليم,5,438,0,0,438,57.13,380.87,120,17.92,4.38,238.57
100693,2026-05-07,قلوريز,نورة المطيري,الرياض,مدى,تم التسليم,1,35,0,20,55,7.17,47.83,8,13.6,0.55,25.68
100692,2026-05-07,قلوريز,جود الحربي,الرياض,فيزا,تم التسليم,1,35,0,20,55,7.17,47.83,8,13.6,1.38,24.85
100691,2026-05-07,قلوريز,بندر القحطاني,الرياض,فيزا,تم التسليم,3,139,0,20,159,20.74,138.26,32,12.48,3.98,89.81
100690,2026-05-07,قلوريز,رهف الشمري,مكة,مدى,تم التسليم,2,84,0,20,104,13.57,90.43,19,17.85,1.04,52.54
100689,2026-05-07,قلوريز,دانة الشهري,الرياض,مدى,تم التسليم,5,265,0,0,265,34.57,230.43,62,17.92,2.65,147.86
100688,2026-05-07,قلوريز,خالد الشهري,جدة,مدى,تم التسليم,1,49,0,20,69,9.0,60.0,11,19.0,0.69,29.31
100687,2026-05-07,قلوريز,هند السبيعي,الرياض,مدى,تم التسليم,1,120,0,20,140,18.26,121.74,34,17.92,1.4,68.42
100686,2026-05-07,قلوريز,ريم القحطاني,أبها,Apple Pay,تم التسليم,1,49,0,20,69,9.0,60.0,11,24.0,1.38,23.62
100685,2026-05-07,قلوريز,محمد الشمري,المدينة,Apple Pay,تم التسليم,1,59,0,20,79,10.3,68.7,14,21.0,1.58,32.12
100684,2026-05-07,قلوريز,نورة الحربي,جدة,تمارا,تم التسليم,3,123,18,20,125,16.3,108.7,28,16.15,8.12,56.42
100683,2026-05-07,قلوريز,رهف الرشيدي,تبوك,فيزا,تم التسليم,1,35,5,20,50,6.52,43.48,8,26.88,1.25,7.35
100682,2026-05-07,قلوريز,ماجد المالكي,جدة,مدى,تم التسليم,2,70,10,20,80,10.43,69.57,16,19.0,0.8,33.77
100681,2026-05-07,قلوريز,ماجد المالكي,جدة,Apple Pay,تم التسليم,1,59,0,20,79,10.3,68.7,14,21.28,1.58,31.84
100680,2026-05-07,قلوريز,أمل البقمي,مكة,فيزا,تم التسليم,3,145,0,20,165,21.52,143.48,34,21.0,4.12,84.35
100679,2026-05-07,قلوريز,لمى السالم,المدينة,مدى,تم التسليم,1,49,0,20,69,9.0,60.0,11,16.38,0.69,31.93
100678,2026-05-07,قلوريز,فهد القحطاني,الدمام,الدفع عند الاستلام,تم التسليم,2,169,0,0,169,22.04,146.96,45,19.0,12.0,70.96
100677,2026-05-07,قلوريز,بندر الزهراني,الرياض,تمارا,تم التسليم,2,175,0,0,175,22.83,152.17,47,16.0,11.38,77.8
100676,2026-05-07,سموذ,تركي الشهري,الرياض,تمارا,تم التسليم,4,459,0,0,459,59.87,399.13,147,12.48,29.84,209.82
100675,2026-05-07,سموذ,شهد الحربي,الدمام,الدفع عند الاستلام,ملغي,4,385,0,0,385,0,0,0,0,0,0
100674,2026-05-07,سموذ,منيرة السالم,الدمام,مدى,تم التسليم,1,145,0,25,170,22.17,147.83,48,14.82,1.7,83.31
100673,2026-05-07,سموذ,محمد الدوسري,مكة,مدى,تم التسليم,2,230,0,25,255,33.26,221.74,74,21.0,2.55,124.19
100672,2026-05-07,سموذ,نايف الشهري,الخبر,مدى,تم التسليم,1,145,0,25,170,22.17,147.83,48,19.0,1.7,79.13
100671,2026-05-07,سموذ,جود البقمي,جدة,مدى,تم التسليم,3,463,0,0,463,60.39,402.61,150,14.82,4.63,233.16
100670,2026-05-07,سموذ,بندر الشمري,أبها,تمارا,تم التسليم,4,474,71,0,403,52.57,350.43,152,18.72,26.2,153.52
100669,2026-05-07,سموذ,ماجد السالم,أبها,تمارا,تم التسليم,4,668,100,0,568,74.09,493.91,220,18.72,36.92,218.27
100668,2026-05-07,سموذ,رهف القحطاني,أبها,الدفع عند الاستلام,تم التسليم,1,120,0,25,145,18.91,126.09,41,24.0,12.0,49.09
100667,2026-05-07,سموذ,ريم العنزي,جدة,مدى,تم التسليم,2,190,19,25,196,25.57,170.43,60,14.82,1.96,93.65
100666,2026-05-07,سموذ,سلطان الغامدي,الدمام,فيزا,تم التسليم,1,85,17,25,93,12.13,80.87,26,16.15,2.33,36.39
100665,2026-05-07,سموذ,محمد الغامدي,جدة,تمارا,تم التسليم,1,95,0,25,120,15.65,104.35,30,14.82,7.8,51.73
100664,2026-05-07,سموذ,نايف السالم,جدة,Apple Pay,تم التسليم,2,264,40,25,249,32.48,216.52,84,14.82,4.98,112.72
100663,2026-05-07,سموذ,شهد العتيبي,الرياض,Apple Pay,ملغي,4,410,0,0,410,0,0,0,0,0,0
100662,2026-05-07,سموذ,سارة السالم,الرياض,فيزا,تم التسليم,3,265,0,0,265,34.57,230.43,82,16.0,6.62,125.81
100661,2026-05-06,قلوريز,منيرة الشهري,الرياض,Apple Pay,تم التسليم,1,35,4,20,51,6.65,44.35,8,17.92,1.02,17.41
100660,2026-05-06,قلوريز,خالد الغامدي,الرياض,مدى,تم التسليم,3,137,0,20,157,20.48,136.52,31,13.6,1.57,90.35
100659,2026-05-06,قلوريز,نورة الزهراني,جدة,فيزا,تم التسليم,1,39,6,20,53,6.91,46.09,9,14.82,1.33,20.94
100658,2026-05-06,قلوريز,محمد السالم,جدة,مدى,تم التسليم,3,147,0,20,167,21.78,145.22,33,21.28,1.67,89.27
100657,2026-05-06,قلوريز,دانة الغامدي,الدمام,مدى,تم التسليم,2,169,0,0,169,22.04,146.96,45,21.28,1.69,78.99
100656,2026-05-06,قلوريز,عبدالله العنزي,الرياض,مدى,تم التسليم,1,59,0,20,79,10.3,68.7,14,16.0,0.79,37.91
100655,2026-05-06,قلوريز,سارة الدوسري,الرياض,تمارا,تم التسليم,2,98,0,20,118,15.39,102.61,22,13.6,7.67,59.34
100654,2026-05-06,قلوريز,سلطان المالكي,جدة,مدى,تم التسليم,2,98,0,20,118,15.39,102.61,22,16.15,1.18,63.28
100653,2026-05-06,قلوريز,فهد الشهري,جدة,Apple Pay,تم التسليم,4,196,0,0,196,25.57,170.43,46,21.28,3.92,99.23
100652,2026-05-06,قلوريز,سارة الدوسري,الرياض,مدى,تم التسليم,1,120,0,20,140,18.26,121.74,34,17.92,1.4,68.42
100651,2026-05-06,قلوريز,سلطان الشمري,الدمام,فيزا,تم التسليم,2,98,10,20,108,14.09,93.91,23,19.0,2.7,49.21
100650,2026-05-06,قلوريز,جود المطيري,جدة,Apple Pay,تم التسليم,1,39,0,20,59,7.7,51.3,9,21.28,1.18,19.84
100649,2026-05-06,قلوريز,بندر البقمي,القصيم,مدى,تم التسليم,2,88,0,20,108,14.09,93.91,20,24.0,1.08,48.83
100648,2026-05-06,قلوريز,عبير السالم,مكة,مدى,ملغي,2,118,24,20,114,0,0,0,0,0,0
100647,2026-05-06,قلوريز,عبير الشمري,جدة,مدى,تم التسليم,1,39,0,20,59,7.7,51.3,9,19.0,0.59,22.71
100646,2026-05-06,قلوريز,بندر الجهني,الرياض,فيزا,تم التسليم,2,84,0,20,104,13.57,90.43,19,12.48,2.6,56.35
100645,2026-05-06,سموذ,بندر الشهري,جدة,مدى,تم التسليم,1,189,0,25,214,27.91,186.09,62,21.28,2.14,100.67
100644,2026-05-06,سموذ,نورة المطيري,الخبر,مدى,تم التسليم,2,265,40,25,250,32.61,217.39,89,21.28,2.5,104.61
100643,2026-05-06,سموذ,منيرة الغامدي,الدمام,مدى,تم التسليم,1,189,0,25,214,27.91,186.09,62,21.28,2.14,100.67
100642,2026-05-06,سموذ,أمل المالكي,جدة,Apple Pay,تم التسليم,1,85,8,25,102,13.3,88.7,26,21.28,2.04,39.38
100641,2026-05-06,سموذ,ياسر الغامدي,مكة,Apple Pay,تم التسليم,1,95,0,25,120,15.65,104.35,30,21.0,2.4,50.95
100640,2026-05-06,سموذ,تركي الشمري,جدة,الدفع عند الاستلام,تم التسليم,1,120,0,25,145,18.91,126.09,41,19.0,12.0,54.09
100639,2026-05-06,سموذ,نورة الحربي,جدة,فيزا,تم التسليم,2,190,0,25,215,28.04,186.96,60,19.0,5.38,102.58
100638,2026-05-06,سموذ,ريم السبيعي,جدة,Apple Pay,تم التسليم,1,85,13,25,97,12.65,84.35,26,21.28,1.94,35.13
100637,2026-05-06,سموذ,شهد السبيعي,الدمام,تمارا,تم التسليم,1,75,0,25,100,13.04,86.96,22,14.82,6.5,43.64
100636,2026-05-06,سموذ,منيرة الحربي,جدة,Apple Pay,تم التسليم,1,75,0,25,100,13.04,86.96,22,14.82,2.0,48.14
100635,2026-05-06,سموذ,غادة الجهني,الرياض,فيزا,تم التسليم,4,520,0,0,520,67.83,452.17,170,12.48,13.0,256.69
100634,2026-05-06,سموذ,جود المطيري,الدمام,Apple Pay,تم التسليم,1,85,0,25,110,14.35,95.65,26,21.28,2.2,46.17
100633,2026-05-06,سموذ,بندر القحطاني,الرياض,الدفع عند الاستلام,تم التسليم,2,378,0,0,378,49.3,328.7,124,13.6,12.0,179.1
100632,2026-05-06,سموذ,ماجد المالكي,جدة,مدى,ملغي,4,480,0,0,480,0,0,0,0,0,0
100631,2026-05-05,قلوريز,عبير السبيعي,أبها,مدى,تم التسليم,1,55,0,20,75,9.78,65.22,13,24.0,0.75,27.47
100630,2026-05-05,قلوريز,ماجد القحطاني,جدة,Apple Pay,تم التسليم,2,70,0,20,90,11.74,78.26,16,16.15,1.8,44.31
100629,2026-05-05,قلوريز,نايف الشهري,الرياض,مدى,تم التسليم,1,39,0,20,59,7.7,51.3,9,17.92,0.59,23.79
100628,2026-05-05,قلوريز,هند العنزي,الرياض,الدفع عند الاستلام,تم التسليم,2,118,12,20,126,16.43,109.57,28,16.0,12.0,53.57
100627,2026-05-05,قلوريز,نورة الشمري,الرياض,مدى,تم التسليم,4,172,0,0,172,22.43,149.57,39,16.0,1.72,92.85
100626,2026-05-05,قلوريز,رهف العتيبي,الخبر,الدفع عند الاستلام,تم التسليم,3,218,44,0,174,22.7,151.3,57,16.15,12.0,66.15
100625,2026-05-05,قلوريز,شهد الغامدي,الرياض,تمارا,تم التسليم,4,168,34,20,154,20.09,133.91,38,17.92,10.01,67.98
100624,2026-05-05,قلوريز,نايف المطيري,الرياض,مدى,تم التسليم,1,35,0,20,55,7.17,47.83,8,13.6,0.55,25.68
100623,2026-05-05,قلوريز,دانة الشهري,الرياض,تمارا,تم التسليم,2,240,0,0,240,31.3,208.7,68,12.48,15.6,112.62
100622,2026-05-05,قلوريز,تركي العنزي,جدة,تمارا,تم التسليم,2,70,0,20,90,11.74,78.26,16,19.0,5.85,37.41
100621,2026-05-05,قلوريز,خالد العنزي,مكة,الدفع عند الاستلام,تم التسليم,3,360,0,0,360,46.96,313.04,102,23.52,12.0,175.52
100620,2026-05-05,قلوريز,خالد الرشيدي,مكة,مدى,تم التسليم,1,49,0,20,69,9.0,60.0,11,21.0,0.69,27.31
100619,2026-05-05,قلوريز,عبير الدوسري,الرياض,مدى,تم التسليم,3,105,0,20,125,16.3,108.7,24,13.6,1.25,69.85
100618,2026-05-05,قلوريز,ريم الحربي,الرياض,الدفع عند الاستلام,تم التسليم,3,177,27,0,150,19.57,130.43,42,16.0,12.0,60.43
100617,2026-05-05,قلوريز,أمل الجهني,الرياض,مدى,تم التسليم,4,212,0,0,212,27.65,184.35,50,13.6,2.12,118.63
100616,2026-05-05,قلوريز,نايف البقمي,الرياض,فيزا,تم التسليم,2,74,0,20,94,12.26,81.74,17,12.48,2.35,49.91
100615,2026-05-05,قلوريز,منيرة القحطاني,الرياض,Apple Pay,تم التسليم,1,39,0,20,59,7.7,51.3,9,17.92,1.18,23.2
100614,2026-05-05,سموذ,شهد المالكي,الخبر,مدى,تم التسليم,5,650,0,0,650,84.78,565.22,219,21.28,6.5,318.44
100613,2026-05-05,سموذ,دانة السالم,الرياض,مدى,تم التسليم,5,559,0,0,559,72.91,486.09,176,13.6,5.59,290.9
100612,2026-05-05,سموذ,منيرة الحربي,جدة,مدى,تم التسليم,3,463,0,0,463,60.39,402.61,150,21.28,4.63,226.7
100611,2026-05-05,سموذ,شهد الشمري,الدمام,فيزا,تم التسليم,2,240,0,25,265,34.57,230.43,82,16.15,6.62,125.66
100610,2026-05-05,سموذ,عبير المالكي,الرياض,Apple Pay,تم التسليم,1,95,0,25,120,15.65,104.35,30,13.6,2.4,58.35
100609,2026-05-05,سموذ,شهد الغامدي,تبوك,Apple Pay,تم التسليم,2,290,0,0,290,37.83,252.17,96,26.88,5.8,123.49
100608,2026-05-05,سموذ,لمى الدوسري,المدينة,فيزا,تم التسليم,1,189,0,25,214,27.91,186.09,62,21.0,5.35,97.74
100607,2026-05-05,سموذ,ياسر الدوسري,جدة,الدفع عند الاستلام,ملغي,2,334,0,0,334,0,0,0,0,0,0
100606,2026-05-05,سموذ,ماجد الشمري,المدينة,مدى,تم التسليم,2,190,0,25,215,28.04,186.96,60,16.38,2.15,108.43
100605,2026-05-05,سموذ,محمد الجهني,جدة,مدى,تم التسليم,2,309,0,0,309,40.3,268.7,103,19.0,3.09,143.61
100604,2026-05-05,سموذ,سارة الجهني,مكة,مدى,تم التسليم,2,190,0,25,215,28.04,186.96,60,21.0,2.15,103.81
100603,2026-05-04,قلوريز,شهد المطيري,الرياض,Apple Pay,تم التسليم,1,35,0,20,55,7.17,47.83,8,16.0,1.1,22.73
100602,2026-05-04,قلوريز,غادة السالم,تبوك,فيزا,تم التسليم,1,55,0,20,75,9.78,65.22,13,26.88,1.88,23.46
100601,2026-05-04,قلوريز,نايف الزهراني,جدة,Apple Pay,تم التسليم,3,165,0,0,165,21.52,143.48,39,16.15,3.3,85.03
100600,2026-05-04,قلوريز,ريم السبيعي,جدة,تمارا,تم التسليم,2,78,12,20,86,11.22,74.78,18,21.28,5.59,29.91
100599,2026-05-04,قلوريز,لمى المالكي,الرياض,تمارا,تم التسليم,3,129,0,20,149,19.43,129.57,30,16.0,9.69,73.88
100598,2026-05-04,قلوريز,خالد القحطاني,الرياض,مدى,تم التسليم,4,415,62,0,353,46.04,306.96,115,17.92,3.53,170.51
100597,2026-05-04,قلوريز,لمى السبيعي,جدة,الدفع عند الاستلام,تم التسليم,1,49,0,20,69,9.0,60.0,11,21.28,12.0,15.72
100596,2026-05-04,قلوريز,لمى الشمري,الرياض,Apple Pay,تم التسليم,3,105,0,20,125,16.3,108.7,24,13.6,2.5,68.6
100595,2026-05-04,قلوريز,غادة المطيري,الرياض,مدى,تم التسليم,2,98,15,20,103,13.43,89.57,22,16.0,1.03,50.54
100594,2026-05-04,قلوريز,أمل القحطاني,الرياض,الدفع عند الاستلام,تم التسليم,1,59,0,20,79,10.3,68.7,14,16.0,12.0,26.7
100593,2026-05-04,قلوريز,غادة القحطاني,الرياض,تمارا,تم التسليم,3,133,0,20,153,19.96,133.04,30,16.0,9.95,77.1
100592,2026-05-04,قلوريز,عبير العتيبي,الدمام,مدى,تم التسليم,1,49,0,20,69,9.0,60.0,11,19.0,0.69,29.31
100591,2026-05-04,قلوريز,ريم المالكي,مكة,تمارا,تم التسليم,3,295,0,0,295,38.48,256.52,81,21.0,19.18,135.35
100590,2026-05-04,قلوريز,ياسر السالم,جدة,فيزا,تم التسليم,3,119,0,20,139,18.13,120.87,27,21.28,3.48,69.11
100589,2026-05-04,قلوريز,راكان البقمي,جدة,مدى,تم التسليم,1,55,0,20,75,9.78,65.22,13,14.82,0.75,36.65
100588,2026-05-04,قلوريز,راكان الحربي,القصيم,مدى,تم التسليم,1,49,0,20,69,9.0,60.0,11,20.4,0.69,27.91
100587,2026-05-04,قلوريز,منيرة الشهري,الرياض,مدى,تم التسليم,1,49,0,20,69,9.0,60.0,11,16.0,0.69,32.31
100586,2026-05-04,قلوريز,لمى الحربي,الدمام,Apple Pay,تم التسليم,4,206,41,0,165,21.52,143.48,47,19.0,3.3,74.18
100585,2026-05-04,سموذ,نورة العنزي,مكة,فيزا,تم التسليم,2,190,0,25,215,28.04,186.96,60,23.52,5.38,98.06
100584,2026-05-04,سموذ,ريم البقمي,القصيم,مدى,تم التسليم,1,145,29,25,141,18.39,122.61,48,24.0,1.41,49.2
100583,2026-05-04,سموذ,بندر العتيبي,جدة,الدفع عند الاستلام,تم التسليم,1,145,0,25,170,22.17,147.83,48,14.82,12.0,73.01
100582,2026-05-04,سموذ,ماجد الزهراني,أبها,مدى,تم التسليم,1,145,0,25,170,22.17,147.83,48,20.4,1.7,77.73
100581,2026-05-04,سموذ,رهف الشهري,جدة,فيزا,تم التسليم,2,265,0,0,265,34.57,230.43,89,21.28,6.62,113.53
100580,2026-05-04,سموذ,نورة العنزي,مكة,فيزا,تم التسليم,3,365,36,0,329,42.91,286.09,118,16.38,8.22,143.48
100579,2026-05-04,سموذ,دانة الشهري,أبها,Apple Pay,تم التسليم,3,335,0,0,335,43.7,291.3,112,24.0,6.7,148.6
100578,2026-05-04,سموذ,عبدالله الزهراني,المدينة,الدفع عند الاستلام,تم التسليم,2,290,0,0,290,37.83,252.17,96,16.38,12.0,127.79
100577,2026-05-04,سموذ,عبير السالم,مكة,مدى,تم التسليم,1,95,0,25,120,15.65,104.35,30,21.0,1.2,52.15
100576,2026-05-04,سموذ,عبدالله المالكي,تبوك,فيزا,تم التسليم,2,180,0,25,205,26.74,178.26,56,20.4,5.12,96.74
100575,2026-05-04,سموذ,تركي الدوسري,المدينة,Apple Pay,تم التسليم,1,145,0,25,170,22.17,147.83,48,21.0,3.4,75.43
100574,2026-05-04,سموذ,جود القحطاني,جدة,مدى,تم التسليم,1,85,0,25,110,14.35,95.65,26,21.28,1.1,47.27
100573,2026-05-03,قلوريز,ريم العتيبي,تبوك,مدى,تم التسليم,1,55,0,20,75,9.78,65.22,13,26.88,0.75,24.59
100572,2026-05-03,قلوريز,نورة القحطاني,جدة,فيزا,تم التسليم,2,78,12,20,86,11.22,74.78,18,16.15,2.15,38.48
100571,2026-05-03,قلوريز,نورة الجهني,الرياض,الدفع عند الاستلام,تم التسليم,1,120,0,20,140,18.26,121.74,34,17.92,12.0,57.82
100570,2026-05-03,قلوريز,بندر المالكي,الخبر,Apple Pay,تم التسليم,1,55,11,20,64,8.35,55.65,13,14.82,1.28,26.55
100569,2026-05-03,قلوريز,هند الغامدي,الرياض,مدى,تم التسليم,1,49,0,20,69,9.0,60.0,11,12.48,0.69,35.83
100568,2026-05-03,قلوريز,منيرة القحطاني,الرياض,مدى,تم التسليم,1,59,0,20,79,10.3,68.7,14,12.48,0.79,41.43
100567,2026-05-03,قلوريز,عبدالله العتيبي,جدة,مدى,تم التسليم,1,120,24,20,116,15.13,100.87,34,16.15,1.16,49.56
100566,2026-05-03,قلوريز,فهد السبيعي,الرياض,Apple Pay,تم التسليم,2,159,0,0,159,20.74,138.26,43,17.92,3.18,74.16
100565,2026-05-03,قلوريز,خالد المالكي,مكة,مدى,تم التسليم,2,98,0,20,118,15.39,102.61,22,21.0,1.18,58.43
100564,2026-05-03,قلوريز,تركي القحطاني,جدة,فيزا,تم التسليم,2,110,16,20,114,14.87,99.13,26,21.28,2.85,49.0
100563,2026-05-03,قلوريز,منيرة الجهني,الرياض,مدى,تم التسليم,2,70,0,20,90,11.74,78.26,16,17.92,0.9,43.44
100562,2026-05-03,قلوريز,رهف الشمري,الرياض,الدفع عند الاستلام,ملغي,1,55,0,20,75,0,0,0,0,0,0
100561,2026-05-03,قلوريز,راكان العنزي,مكة,فيزا,تم التسليم,1,49,0,20,69,9.0,60.0,11,23.52,1.73,23.75
100560,2026-05-03,سموذ,جود العتيبي,جدة,مدى,تم التسليم,1,85,8,25,102,13.3,88.7,26,21.28,1.02,40.4
100559,2026-05-03,سموذ,سارة الغامدي,المدينة,Apple Pay,تم التسليم,3,410,0,0,410,53.48,356.52,137,21.0,8.2,190.32
100558,2026-05-03,سموذ,أمل العنزي,جدة,مدى,تم التسليم,3,360,54,0,306,39.91,266.09,123,16.15,3.06,123.88
100557,2026-05-03,سموذ,نورة الحربي,مكة,Apple Pay,تم التسليم,1,189,0,25,214,27.91,186.09,62,21.0,4.28,98.81
100556,2026-05-03,سموذ,شهد السبيعي,الدمام,الدفع عند الاستلام,تم التسليم,1,189,0,25,214,27.91,186.09,62,21.28,12.0,90.81
100555,2026-05-03,سموذ,راكان الشمري,جدة,مدى,تم التسليم,4,420,0,0,420,54.78,365.22,134,21.28,4.2,205.74
100554,2026-05-03,سموذ,دانة الحربي,مكة,مدى,تم التسليم,5,475,0,0,475,61.96,413.04,152,17.85,4.75,238.44
100553,2026-05-03,سموذ,سارة المالكي,المدينة,Apple Pay,تم التسليم,7,785,0,0,785,102.39,682.61,256,23.52,15.7,387.39
100552,2026-05-03,سموذ,رهف المالكي,الرياض,مدى,تم التسليم,1,145,14,25,156,20.35,135.65,48,16.0,1.56,70.09
100551,2026-05-03,سموذ,سارة الحربي,الرياض,الدفع عند الاستلام,تم التسليم,3,360,0,0,360,46.96,313.04,123,17.92,12.0,160.12
100550,2026-05-03,سموذ,بندر الزهراني,أبها,مدى,تم التسليم,2,150,15,25,160,20.87,139.13,44,26.88,1.6,66.65
100549,2026-05-03,سموذ,عبير المطيري,جدة,مدى,ملغي,2,170,0,25,195,0,0,0,0,0,0
100548,2026-05-02,قلوريز,محمد الجهني,الرياض,الدفع عند الاستلام,تم التسليم,1,55,0,20,75,9.78,65.22,13,12.48,12.0,27.74
100547,2026-05-02,قلوريز,تركي الدوسري,أبها,فيزا,تم التسليم,1,59,9,20,70,9.13,60.87,14,26.88,1.75,18.24
100546,2026-05-02,قلوريز,لمى الحربي,الرياض,Apple Pay,تم التسليم,2,98,0,20,118,15.39,102.61,22,16.0,2.36,62.25
100545,2026-05-02,قلوريز,نايف الشمري,المدينة,الدفع عند الاستلام,تم التسليم,1,39,0,20,59,7.7,51.3,9,23.52,12.0,6.78
100544,2026-05-02,قلوريز,جود الزهراني,جدة,تمارا,تم التسليم,5,353,0,0,353,46.04,306.96,94,21.28,22.95,168.73
100543,2026-05-02,قلوريز,منيرة الرشيدي,الرياض,فيزا,تم التسليم,1,49,0,20,69,9.0,60.0,11,12.48,1.73,34.79
100542,2026-05-02,قلوريز,هند البقمي,القصيم,مدى,تم التسليم,2,84,13,20,91,11.87,79.13,19,24.0,0.91,35.22
100541,2026-05-02,قلوريز,نورة السالم,الخبر,مدى,تم التسليم,2,155,0,0,155,20.22,134.78,42,21.28,1.55,69.95
100540,2026-05-02,قلوريز,هند الجهني,جدة,الدفع عند الاستلام,تم التسليم,1,49,0,20,69,9.0,60.0,11,21.28,12.0,15.72
100539,2026-05-02,قلوريز,شهد الغامدي,الرياض,Apple Pay,تم التسليم,5,253,0,0,253,33.0,220.0,59,13.6,5.06,142.34
100538,2026-05-02,قلوريز,فهد الدوسري,المدينة,تمارا,تم التسليم,2,155,0,0,155,20.22,134.78,42,23.52,10.08,59.19
100537,2026-05-02,قلوريز,نورة الحربي,جدة,Apple Pay,تم التسليم,3,165,0,0,165,21.52,143.48,39,16.15,3.3,85.03
100536,2026-05-02,قلوريز,لمى المطيري,القصيم,فيزا,تم التسليم,3,153,23,20,150,19.57,130.43,36,24.0,3.75,66.68
100535,2026-05-02,قلوريز,عبير المالكي,الدمام,الدفع عند الاستلام,تم التسليم,1,120,0,20,140,18.26,121.74,34,16.15,12.0,59.59
100534,2026-05-02,قلوريز,خالد المالكي,الرياض,مدى,تم التسليم,3,113,0,20,133,17.35,115.65,26,16.0,1.33,72.32
100533,2026-05-02,قلوريز,خالد القحطاني,الرياض,Apple Pay,تم التسليم,1,35,0,20,55,7.17,47.83,8,13.6,1.1,25.13
100532,2026-05-02,قلوريز,أمل العتيبي,جدة,Apple Pay,تم التسليم,3,113,0,20,133,17.35,115.65,26,21.28,2.66,65.71
100531,2026-05-02,قلوريز,هند الشمري,مكة,فيزا,تم التسليم,3,125,0,20,145,18.91,126.09,29,21.0,3.62,72.46
100530,2026-05-02,سموذ,فهد العتيبي,الرياض,Apple Pay,تم التسليم,1,145,0,25,170,22.17,147.83,48,17.92,3.4,78.51
100529,2026-05-02,سموذ,تركي السالم,الرياض,Apple Pay,تم التسليم,2,230,34,25,221,28.83,192.17,74,13.6,4.42,100.15
100528,2026-05-02,سموذ,منيرة السبيعي,المدينة,مدى,تم التسليم,3,285,0,0,285,37.17,247.83,90,21.0,2.85,133.98
100527,2026-05-02,سموذ,دانة القحطاني,الرياض,الدفع عند الاستلام,تم التسليم,3,369,0,0,369,48.13,320.87,118,13.6,12.0,177.27
100526,2026-05-02,سموذ,ماجد المالكي,جدة,Apple Pay,تم التسليم,3,235,47,25,213,27.78,185.22,70,16.15,4.26,94.81
100525,2026-05-02,سموذ,سارة المالكي,المدينة,Apple Pay,تم التسليم,3,315,0,0,315,41.09,273.91,104,23.52,6.3,140.09
100524,2026-05-02,سموذ,عبدالله الرشيدي,الرياض,تمارا,تم التسليم,1,145,0,25,170,22.17,147.83,48,13.6,11.05,75.18
100523,2026-05-02,سموذ,هند البقمي,المدينة,مدى,تم التسليم,1,120,0,25,145,18.91,126.09,41,21.0,1.45,62.64
100522,2026-05-02,سموذ,جود العتيبي,جدة,مدى,تم التسليم,1,85,0,25,110,14.35,95.65,26,14.82,1.1,53.73
100521,2026-05-02,سموذ,جود البقمي,الخبر,Apple Pay,تم التسليم,2,274,0,0,274,35.74,238.26,88,19.0,5.48,125.78
100520,2026-05-02,سموذ,غادة الرشيدي,الرياض,مدى,تم التسليم,1,189,0,25,214,27.91,186.09,62,17.92,2.14,104.03
100519,2026-05-02,سموذ,هند المالكي,مكة,مدى,تم التسليم,1,145,0,25,170,22.17,147.83,48,17.85,1.7,80.28
100518,2026-05-02,سموذ,لمى الغامدي,تبوك,تمارا,تم التسليم,1,189,0,25,214,27.91,186.09,62,24.0,13.91,86.18
100517,2026-05-02,سموذ,منيرة السالم,الدمام,الدفع عند الاستلام,تم التسليم,2,290,0,0,290,37.83,252.17,96,16.15,12.0,128.02
100516,2026-05-01,قلوريز,هند المالكي,مكة,فيزا,تم التسليم,2,94,0,20,114,14.87,99.13,22,17.85,2.85,56.43
100515,2026-05-01,قلوريز,نايف البقمي,مكة,مدى,تم التسليم,2,179,36,20,163,21.26,141.74,48,17.85,1.63,74.26
100514,2026-05-01,قلوريز,عبدالله السالم,الخبر,Apple Pay,تم التسليم,2,74,0,20,94,12.26,81.74,17,21.28,1.88,41.58
100513,2026-05-01,قلوريز,لمى الزهراني,جدة,مدى,تم التسليم,1,120,0,20,140,18.26,121.74,34,21.28,1.4,65.06
100512,2026-05-01,قلوريز,جود العتيبي,جدة,مدى,تم التسليم,4,293,0,0,293,38.22,254.78,75,14.82,2.93,162.03
100511,2026-05-01,قلوريز,خالد الجهني,الرياض,تمارا,تم التسليم,2,118,0,20,138,18.0,120.0,28,13.6,8.97,69.43
100510,2026-05-01,قلوريز,رهف الشهري,المدينة,Apple Pay,تم التسليم,1,39,0,20,59,7.7,51.3,9,16.38,1.18,24.74
100509,2026-05-01,قلوريز,سلطان الشهري,الدمام,Apple Pay,تم التسليم,1,49,0,20,69,9.0,60.0,11,16.15,1.38,31.47
100508,2026-05-01,قلوريز,خالد المطيري,الدمام,Apple Pay,تم التسليم,4,186,0,0,186,24.26,161.74,43,21.28,3.72,93.74
100507,2026-05-01,قلوريز,غادة القحطاني,الرياض,مدى,تم التسليم,2,104,0,20,124,16.17,107.83,24,17.92,1.24,64.67
100506,2026-05-01,قلوريز,دانة الرشيدي,تبوك,مدى,تم التسليم,4,176,0,0,176,22.96,153.04,40,26.88,1.76,84.4
100505,2026-05-01,قلوريز,شهد الغامدي,القصيم,فيزا,تم التسليم,1,59,6,20,73,9.52,63.48,14,18.72,1.83,28.93
100504,2026-05-01,قلوريز,بندر الزهراني,جدة,تمارا,تم التسليم,4,226,0,0,226,29.48,196.52,53,14.82,14.69,114.01
100503,2026-05-01,قلوريز,ماجد الدوسري,الدمام,مدى,تم التسليم,3,129,0,20,149,19.43,129.57,30,16.15,1.49,81.93
100502,2026-05-01,قلوريز,فهد الرشيدي,جدة,مدى,تم التسليم,1,55,0,20,75,9.78,65.22,13,19.0,0.75,32.47
100501,2026-05-01,قلوريز,ريم البقمي,المدينة,Apple Pay,تم التسليم,1,59,0,20,79,10.3,68.7,14,21.0,1.58,32.12
100500,2026-05-01,قلوريز,لمى الشهري,الخبر,تمارا,تم التسليم,1,49,10,20,59,7.7,51.3,11,14.82,3.83,21.65
100499,2026-05-01,قلوريز,خالد البقمي,الدمام,مدى,تم التسليم,2,70,14,20,76,9.91,66.09,16,19.0,0.76,30.33
100498,2026-05-01,قلوريز,رهف الشهري,المدينة,مدى,تم التسليم,2,104,21,20,103,13.43,89.57,24,23.52,1.03,41.02
100497,2026-05-01,قلوريز,سلطان البقمي,الدمام,Apple Pay,تم التسليم,3,167,0,0,167,21.78,145.22,39,21.28,3.34,81.6
100496,2026-05-01,سموذ,منيرة الجهني,تبوك,مدى,تم التسليم,3,369,0,0,369,48.13,320.87,118,26.88,3.69,172.3
100495,2026-05-01,سموذ,عبير الرشيدي,الخبر,فيزا,تم التسليم,1,120,12,25,133,17.35,115.65,41,16.15,3.33,55.18
100494,2026-05-01,سموذ,بندر الرشيدي,مكة,تمارا,تم التسليم,6,882,0,0,882,115.04,766.96,286,16.38,57.33,407.25
100493,2026-05-01,سموذ,رهف القحطاني,أبها,تمارا,تم التسليم,1,189,38,25,176,22.96,153.04,62,20.4,11.44,59.2
100492,2026-05-01,سموذ,راكان الزهراني,الدمام,مدى,تم التسليم,3,225,0,25,250,32.61,217.39,66,19.0,2.5,129.89
100491,2026-05-01,سموذ,فهد الحربي,الخبر,Apple Pay,تم التسليم,3,360,54,0,306,39.91,266.09,123,21.28,6.12,115.69
100490,2026-05-01,سموذ,محمد الدوسري,مكة,مدى,تم التسليم,3,255,0,0,255,33.26,221.74,78,23.52,2.55,117.67
100489,2026-05-01,سموذ,ريم الشهري,القصيم,تمارا,تم التسليم,2,220,0,25,245,31.96,213.04,70,20.4,15.93,106.72
100488,2026-05-01,سموذ,تركي المالكي,الرياض,مدى,تم التسليم,3,360,0,0,360,46.96,313.04,123,12.48,3.6,173.96
100487,2026-05-01,سموذ,ريم الحربي,الرياض,فيزا,تم التسليم,3,365,0,0,365,47.61,317.39,118,13.6,9.12,176.67
100486,2026-05-01,سموذ,منيرة الجهني,الدمام,مدى,تم التسليم,3,265,0,0,265,34.57,230.43,82,16.15,2.65,129.63
100485,2026-05-01,سموذ,ماجد السبيعي,الدمام,تمارا,تم التسليم,2,195,0,25,220,28.7,191.3,63,16.15,14.3,97.85
100484,2026-05-01,سموذ,ريم الحربي,الرياض,مدى,تم التسليم,1,95,19,25,101,13.17,87.83,30,16.0,1.01,40.82
100483,2026-05-01,سموذ,نورة الحربي,الرياض,مدى,تم التسليم,2,378,38,0,340,44.35,295.65,124,17.92,3.4,150.33
100482,2026-05-01,سموذ,ياسر الحربي,مكة,تمارا,تم التسليم,4,455,46,0,409,53.35,355.65,149,21.0,26.59,159.07
100481,2026-05-01,سموذ,غادة الرشيدي,الرياض,تمارا,تم التسليم,1,145,14,25,156,20.35,135.65,48,13.6,10.14,63.91
