رقم الطلب,التاريخ,المتجر,العميل,المدينة,طريقة الدفع,الحالة,عدد القطع,المنتجات قبل الخصم,الخصم,الشحن المحصّل,الإجمالي شامل الضريبة,ضريبة القيمة المضافة,الصافي بدون ضريبة,تكلفة البضاعة,تكلفة الشحن,رسوم الدفع,الربح التقديري
105685,2026-09-30,قلوريز,بندر الدوسري,أبها,مدى,تم التسليم,1,35,5,20,50,6.52,43.48,8,20.4,0.5,14.58
105684,2026-09-30,قلوريز,منيرة العنزي,الرياض,Apple Pay,تم التسليم,2,169,0,0,169,22.04,146.96,45,17.92,3.38,80.66
105683,2026-09-30,قلوريز,راكان المالكي,المدينة,مدى,تم التسليم,3,218,33,0,185,24.13,160.87,57,16.38,1.85,85.64
105682,2026-09-30,قلوريز,شهد الرشيدي,القصيم,مدى,تم التسليم,3,145,0,20,165,21.52,143.48,34,18.72,1.65,89.11
105681,2026-09-30,قلوريز,غادة الرشيدي,الدمام,مدى,تم التسليم,1,39,0,20,59,7.7,51.3,9,16.15,0.59,25.56
105680,2026-09-30,قلوريز,سلطان العنزي,مكة,تمارا,تم التسليم,1,35,0,20,55,7.17,47.83,8,16.38,3.58,19.87
105679,2026-09-30,قلوريز,محمد المالكي,مكة,Apple Pay,تم التسليم,1,39,8,20,51,6.65,44.35,9,23.52,1.02,10.81
105678,2026-09-30,قلوريز,دانة المطيري,جدة,الدفع عند الاستلام,تم التسليم,4,192,29,0,163,21.26,141.74,44,19.0,12.0,66.74
105677,2026-09-30,قلوريز,غادة السالم,جدة,تمارا,تم التسليم,2,88,0,20,108,14.09,93.91,20,16.15,7.02,50.74
105676,2026-09-30,قلوريز,رهف العنزي,القصيم,فيزا,تم التسليم,1,120,18,20,122,15.91,106.09,34,26.88,3.05,42.16
105675,2026-09-30,قلوريز,فهد الغامدي,مكة,Apple Pay,تم التسليم,1,120,0,20,140,18.26,121.74,34,21.0,2.8,63.94
105674,2026-09-30,قلوريز,شهد الشمري,جدة,الدفع عند الاستلام,تم التسليم,2,78,0,20,98,12.78,85.22,18,16.15,12.0,39.07
105673,2026-09-30,قلوريز,شهد القحطاني,الرياض,Apple Pay,تم التسليم,3,119,0,20,139,18.13,120.87,27,13.6,2.78,77.49
105672,2026-09-30,قلوريز,ماجد السالم,الرياض,مدى,تم التسليم,3,169,0,0,169,22.04,146.96,40,13.6,1.69,91.67
105671,2026-09-30,قلوريز,بندر العنزي,القصيم,Apple Pay,تم التسليم,1,120,0,20,140,18.26,121.74,34,24.0,2.8,60.94
105670,2026-09-30,قلوريز,دانة القحطاني,الرياض,مدى,تم التسليم,1,59,0,20,79,10.3,68.7,14,13.6,0.79,40.31
105669,2026-09-30,قلوريز,خالد الزهراني,الخبر,الدفع عند الاستلام,تم التسليم,2,94,0,20,114,14.87,99.13,22,14.82,12.0,50.31
105668,2026-09-30,قلوريز,ياسر الزهراني,الدمام,مدى,تم التسليم,3,279,0,0,279,36.39,242.61,77,21.28,2.79,141.54
105667,2026-09-30,سموذ,خالد المطيري,الخبر,Apple Pay,تم التسليم,2,205,0,25,230,30.0,200.0,67,14.82,4.6,113.58
105666,2026-09-30,سموذ,منيرة الحربي,أبها,Apple Pay,تم التسليم,1,95,0,25,120,15.65,104.35,30,18.72,2.4,53.23
105665,2026-09-30,سموذ,سارة الحربي,الرياض,مدى,تم التسليم,1,120,0,25,145,18.91,126.09,41,16.0,1.45,67.64
105664,2026-09-30,سموذ,شهد السالم,المدينة,Apple Pay,تم التسليم,3,365,36,0,329,42.91,286.09,118,23.52,6.58,137.99
105663,2026-09-30,سموذ,ماجد الجهني,الرياض,مدى,تم التسليم,6,550,82,0,468,61.04,406.96,170,16.0,4.68,216.28
105662,2026-09-30,سموذ,منيرة الزهراني,الرياض,فيزا,تم التسليم,1,85,17,25,93,12.13,80.87,26,17.92,2.33,34.62
105661,2026-09-30,سموذ,شهد الجهني,الرياض,Apple Pay,تم التسليم,2,265,0,0,265,34.57,230.43,89,16.0,5.3,120.13
105660,2026-09-30,سموذ,شهد الرشيدي,الرياض,مدى,تم التسليم,1,85,0,25,110,14.35,95.65,26,17.92,1.1,50.63
105659,2026-09-30,سموذ,ياسر المطيري,القصيم,Apple Pay,تم التسليم,2,334,50,0,284,37.04,246.96,110,24.0,5.68,107.28
105658,2026-09-30,سموذ,محمد المالكي,المدينة,مدى,تم التسليم,6,640,0,0,640,83.48,556.52,204,21.0,6.4,325.12
105657,2026-09-30,سموذ,نايف الشمري,جدة,الدفع عند الاستلام,تم التسليم,1,120,0,25,145,18.91,126.09,41,19.0,12.0,54.09
105656,2026-09-30,سموذ,غادة المالكي,المدينة,تمارا,تم التسليم,1,95,0,25,120,15.65,104.35,30,21.0,7.8,45.55
105655,2026-09-30,سموذ,راكان المطيري,مكة,مدى,تم التسليم,2,240,0,25,265,34.57,230.43,82,16.38,2.65,129.4
105654,2026-09-30,سموذ,ماجد البقمي,الرياض,مدى,تم التسليم,1,75,0,25,100,13.04,86.96,22,12.48,1.0,51.48
105653,2026-09-30,سموذ,محمد الغامدي,المدينة,Apple Pay,تم التسليم,1,95,0,25,120,15.65,104.35,30,17.85,2.4,54.1
105652,2026-09-30,سموذ,راكان العنزي,الرياض,مدى,تم التسليم,3,435,0,0,435,56.74,378.26,144,16.0,4.35,213.91
105651,2026-09-30,سموذ,ماجد البقمي,الرياض,Apple Pay,تم التسليم,4,460,0,0,460,60.0,400.0,152,13.6,9.2,225.2
105650,2026-09-30,سموذ,عبير الحربي,جدة,تمارا,تم التسليم,1,85,0,25,110,14.35,95.65,26,14.82,7.15,47.68
105649,2026-09-30,سموذ,فهد الغامدي,الدمام,Apple Pay,تم التسليم,1,95,0,25,120,15.65,104.35,30,21.28,2.4,50.67
105648,2026-09-29,قلوريز,دانة القحطاني,الرياض,تمارا,تم التسليم,2,84,0,20,104,13.57,90.43,19,12.48,6.76,52.19
105647,2026-09-29,قلوريز,ماجد الشمري,الخبر,مدى,تم التسليم,2,88,0,20,108,14.09,93.91,20,16.15,1.08,56.68
105646,2026-09-29,قلوريز,غادة الدوسري,مكة,مدى,تم التسليم,3,279,0,0,279,36.39,242.61,77,21.0,2.79,141.82
105645,2026-09-29,قلوريز,جود القحطاني,جدة,مدى,ملغي,1,59,9,20,70,0,0,0,0,0,0
105644,2026-09-29,قلوريز,غادة السالم,الرياض,مدى,تم التسليم,1,35,0,20,55,7.17,47.83,8,16.0,0.55,23.28
105643,2026-09-29,قلوريز,محمد السالم,الرياض,تمارا,تم التسليم,3,159,0,0,159,20.74,138.26,37,16.0,10.34,74.93
105642,2026-09-29,قلوريز,عبير العتيبي,جدة,مدى,تم التسليم,3,117,0,20,137,17.87,119.13,27,21.28,1.37,69.48
105641,2026-09-29,قلوريز,هند العنزي,الخبر,Apple Pay,تم التسليم,3,153,23,20,150,19.57,130.43,35,14.82,3.0,77.61
105640,2026-09-29,قلوريز,شهد العتيبي,جدة,تمارا,تم التسليم,1,35,0,20,55,7.17,47.83,8,16.15,3.58,20.1
105639,2026-09-29,قلوريز,لمى العتيبي,جدة,مدى,تم التسليم,3,147,0,20,167,21.78,145.22,33,16.15,1.67,94.4
105638,2026-09-29,قلوريز,سارة العنزي,الخبر,Apple Pay,تم التسليم,2,155,0,0,155,20.22,134.78,42,14.82,3.1,74.86
105637,2026-09-29,قلوريز,راكان السالم,الرياض,تمارا,تم التسليم,2,110,16,20,114,14.87,99.13,26,16.0,7.41,49.72
105636,2026-09-29,قلوريز,لمى الشهري,الدمام,Apple Pay,تم التسليم,2,179,0,0,179,23.35,155.65,48,16.15,3.58,87.92
105635,2026-09-29,قلوريز,ياسر القحطاني,مكة,Apple Pay,تم التسليم,1,55,8,20,67,8.74,58.26,13,21.0,1.34,22.92
105634,2026-09-29,قلوريز,عبدالله السالم,جدة,Apple Pay,تم التسليم,5,263,0,0,263,34.3,228.7,61,16.15,5.26,146.29
105633,2026-09-29,قلوريز,عبير البقمي,الرياض,تمارا,تم التسليم,1,120,0,20,140,18.26,121.74,34,13.6,9.1,65.04
105632,2026-09-29,قلوريز,غادة الشمري,المدينة,Apple Pay,تم التسليم,3,127,0,20,147,19.17,127.83,29,17.85,2.94,78.04
105631,2026-09-29,قلوريز,رهف الدوسري,الرياض,الدفع عند الاستلام,تم التسليم,2,104,0,20,124,16.17,107.83,24,13.6,12.0,58.23
105630,2026-09-29,سموذ,خالد المالكي,الرياض,فيزا,تم التسليم,2,334,0,0,334,43.57,290.43,110,16.0,8.35,156.08
105629,2026-09-29,سموذ,منيرة العتيبي,الرياض,تمارا,تم التسليم,2,290,29,0,261,34.04,226.96,96,13.6,16.96,100.39
105628,2026-09-29,سموذ,هند السالم,مكة,Apple Pay,تم التسليم,3,473,0,0,473,61.7,411.3,154,21.0,9.46,226.84
105627,2026-09-29,سموذ,بندر الغامدي,الرياض,فيزا,تم التسليم,2,378,0,0,378,49.3,328.7,124,16.0,9.45,179.25
105626,2026-09-29,سموذ,عبير العنزي,الرياض,الدفع عند الاستلام,تم التسليم,1,85,8,25,102,13.3,88.7,26,12.48,12.0,38.22
105625,2026-09-29,سموذ,رهف الشمري,الدمام,تمارا,تم التسليم,1,95,14,25,106,13.83,92.17,30,16.15,6.89,39.13
105624,2026-09-29,سموذ,عبير الزهراني,جدة,فيزا,ملغي,1,145,29,25,141,0,0,0,0,0,0
105623,2026-09-29,سموذ,محمد الجهني,الرياض,الدفع عند الاستلام,تم التسليم,4,410,0,0,410,53.48,356.52,130,17.92,12.0,196.6
105622,2026-09-29,سموذ,دانة البقمي,جدة,Apple Pay,تم التسليم,1,145,0,25,170,22.17,147.83,48,14.82,3.4,81.61
105621,2026-09-29,سموذ,بندر البقمي,المدينة,Apple Pay,تم التسليم,3,394,0,0,394,51.39,342.61,129,21.0,7.88,184.73
105620,2026-09-29,سموذ,غادة الحربي,الرياض,فيزا,تم التسليم,4,548,0,0,548,71.48,476.52,176,13.6,13.7,273.22
105619,2026-09-29,سموذ,سلطان الجهني,جدة,فيزا,تم التسليم,1,120,12,25,133,17.35,115.65,41,16.15,3.33,55.18
105618,2026-09-28,قلوريز,بندر العتيبي,مكة,فيزا,تم التسليم,2,169,0,0,169,22.04,146.96,45,16.38,4.23,81.35
105617,2026-09-28,قلوريز,لمى الحربي,الدمام,مدى,تم التسليم,1,59,0,20,79,10.3,68.7,14,14.82,0.79,39.09
105616,2026-09-28,قلوريز,أمل الزهراني,الرياض,Apple Pay,تم التسليم,2,94,14,20,100,13.04,86.96,22,16.0,2.0,46.96
105615,2026-09-28,قلوريز,راكان العنزي,القصيم,Apple Pay,تم التسليم,1,35,0,20,55,7.17,47.83,8,24.0,1.1,14.73
105614,2026-09-28,قلوريز,ماجد البقمي,مكة,فيزا,تم التسليم,4,350,35,0,315,41.09,273.91,94,17.85,7.88,154.19
105613,2026-09-28,قلوريز,غادة الزهراني,أبها,تمارا,تم التسليم,4,192,0,0,192,25.04,166.96,44,24.0,12.48,86.48
105612,2026-09-28,قلوريز,لمى البقمي,الدمام,مدى,تم التسليم,2,114,0,20,134,17.48,116.52,27,19.0,1.34,69.18
105611,2026-09-28,قلوريز,جود العتيبي,الخبر,الدفع عند الاستلام,تم التسليم,3,147,15,20,152,19.83,132.17,33,19.0,12.0,68.17
105610,2026-09-28,قلوريز,عبدالله البقمي,مكة,فيزا,تم التسليم,4,257,0,0,257,33.52,223.48,66,17.85,6.43,133.2
105609,2026-09-28,قلوريز,أمل البقمي,جدة,تمارا,تم التسليم,2,179,0,0,179,23.35,155.65,48,16.15,11.63,79.87
105608,2026-09-28,قلوريز,ماجد الرشيدي,مكة,Apple Pay,تم التسليم,1,39,6,20,53,6.91,46.09,9,21.0,1.06,15.03
105607,2026-09-28,قلوريز,منيرة البقمي,الرياض,تمارا,تم التسليم,1,59,0,20,79,10.3,68.7,14,13.6,5.13,35.96
105606,2026-09-28,قلوريز,رهف الشمري,الرياض,مدى,تم التسليم,1,59,9,20,70,9.13,60.87,14,13.6,0.7,32.57
105605,2026-09-28,قلوريز,منيرة الزهراني,جدة,Apple Pay,تم التسليم,2,70,0,20,90,11.74,78.26,16,19.0,1.8,41.46
105604,2026-09-28,قلوريز,عبير الجهني,الدمام,فيزا,تم التسليم,2,108,0,20,128,16.7,111.3,25,19.0,3.2,64.1
105603,2026-09-28,قلوريز,ياسر العتيبي,الرياض,مدى,تم التسليم,2,84,8,20,96,12.52,83.48,19,16.0,0.96,47.52
105602,2026-09-28,قلوريز,خالد البقمي,الدمام,مدى,تم التسليم,3,143,0,20,163,21.26,141.74,33,19.0,1.63,88.11
105601,2026-09-28,قلوريز,بندر الشمري,الرياض,Apple Pay,تم التسليم,1,120,18,20,122,15.91,106.09,34,12.48,2.44,57.17
105600,2026-09-28,قلوريز,سلطان الشهري,القصيم,الدفع عند الاستلام,تم التسليم,2,70,0,20,90,11.74,78.26,16,24.0,12.0,26.26
105599,2026-09-28,قلوريز,ماجد الرشيدي,أبها,فيزا,تم التسليم,1,39,0,20,59,7.7,51.3,9,20.4,1.48,20.43
105598,2026-09-28,قلوريز,راكان المطيري,الدمام,مدى,تم التسليم,1,55,0,20,75,9.78,65.22,13,19.0,0.75,32.47
105597,2026-09-28,سموذ,جود المالكي,تبوك,فيزا,تم التسليم,3,379,57,0,322,42.0,280.0,122,26.88,8.05,123.07
105596,2026-09-28,سموذ,لمى الغامدي,الرياض,Apple Pay,تم التسليم,1,189,0,25,214,27.91,186.09,62,13.6,4.28,106.21
105595,2026-09-28,سموذ,لمى الزهراني,الدمام,Apple Pay,تم التسليم,1,95,10,25,110,14.35,95.65,30,14.82,2.2,48.63
105594,2026-09-28,سموذ,عبدالله المالكي,تبوك,تمارا,تم التسليم,1,75,0,25,100,13.04,86.96,22,20.4,6.5,38.06
105593,2026-09-28,سموذ,سارة الشهري,المدينة,مدى,تم التسليم,4,554,0,0,554,72.26,481.74,180,21.0,5.54,275.2
105592,2026-09-28,سموذ,غادة الزهراني,جدة,الدفع عند الاستلام,ملغي,2,160,0,25,185,0,0,0,0,0,0
105591,2026-09-28,سموذ,ماجد المالكي,مكة,مدى,تم التسليم,4,365,0,0,365,47.61,317.39,115,21.0,3.65,177.74
105590,2026-09-28,سموذ,ياسر الحربي,الرياض,مدى,تم التسليم,1,75,0,25,100,13.04,86.96,22,16.0,1.0,47.96
105589,2026-09-28,سموذ,هند العتيبي,الرياض,مدى,تم التسليم,4,643,96,0,547,71.35,475.65,213,12.48,5.47,244.7
105588,2026-09-28,سموذ,محمد البقمي,أبها,مدى,تم التسليم,2,195,0,25,220,28.7,191.3,63,24.0,2.2,102.1
105587,2026-09-28,سموذ,نايف العتيبي,تبوك,فيزا,تم التسليم,3,265,0,0,265,34.57,230.43,82,26.88,6.62,114.93
105586,2026-09-28,سموذ,ماجد المالكي,مكة,Apple Pay,تم التسليم,2,150,15,25,160,20.87,139.13,44,17.85,3.2,74.08
105585,2026-09-28,سموذ,عبير الشهري,جدة,الدفع عند الاستلام,تم التسليم,3,305,30,0,275,35.87,239.13,96,16.15,12.0,114.98
105584,2026-09-28,سموذ,لمى المطيري,تبوك,فيزا,تم التسليم,4,350,35,0,315,41.09,273.91,108,18.72,7.88,139.32
105583,2026-09-28,سموذ,دانة الحربي,القصيم,مدى,تم التسليم,2,334,0,0,334,43.57,290.43,110,26.88,3.34,150.21
105582,2026-09-28,سموذ,أمل الشمري,جدة,Apple Pay,تم التسليم,4,504,0,0,504,65.74,438.26,166,21.28,10.08,240.9
105581,2026-09-27,قلوريز,بندر الجهني,الرياض,فيزا,تم التسليم,1,35,0,20,55,7.17,47.83,8,17.92,1.38,20.53
105580,2026-09-27,قلوريز,نورة القحطاني,جدة,Apple Pay,تم التسليم,1,59,0,20,79,10.3,68.7,14,16.15,1.58,36.97
105579,2026-09-27,قلوريز,عبدالله العتيبي,جدة,Apple Pay,تم التسليم,1,39,0,20,59,7.7,51.3,9,16.15,1.18,24.97
105578,2026-09-27,قلوريز,ريم العنزي,الخبر,Apple Pay,ملغي,3,173,0,0,173,0,0,0,0,0,0
105577,2026-09-27,قلوريز,عبير السالم,أبها,Apple Pay,تم التسليم,4,415,62,0,353,46.04,306.96,115,24.0,7.06,160.9
105576,2026-09-27,قلوريز,ريم الغامدي,الرياض,فيزا,تم التسليم,2,110,0,20,130,16.96,113.04,26,13.6,3.25,70.19
105575,2026-09-27,قلوريز,خالد السبيعي,المدينة,تمارا,تم التسليم,1,49,7,20,62,8.09,53.91,11,17.85,4.03,21.03
105574,2026-09-27,قلوريز,شهد العتيبي,الرياض,Apple Pay,تم التسليم,2,110,0,20,130,16.96,113.04,26,13.6,2.6,70.84
105573,2026-09-27,قلوريز,ريم القحطاني,مكة,مدى,تم التسليم,1,49,0,20,69,9.0,60.0,11,16.38,0.69,31.93
105572,2026-09-27,قلوريز,عبدالله الزهراني,جدة,Apple Pay,تم التسليم,1,120,0,20,140,18.26,121.74,34,19.0,2.8,65.94
105571,2026-09-27,قلوريز,سارة المطيري,الرياض,Apple Pay,تم التسليم,4,164,0,0,164,21.39,142.61,38,12.48,3.28,88.85
105570,2026-09-27,قلوريز,بندر المطيري,الدمام,Apple Pay,تم التسليم,1,55,0,20,75,9.78,65.22,13,14.82,1.5,35.9
105569,2026-09-27,قلوريز,ياسر الغامدي,الرياض,مدى,تم التسليم,1,49,0,20,69,9.0,60.0,11,16.0,0.69,32.31
105568,2026-09-27,قلوريز,هند المالكي,الخبر,مدى,تم التسليم,1,59,0,20,79,10.3,68.7,14,14.82,0.79,39.09
105567,2026-09-27,قلوريز,تركي الشمري,الرياض,مدى,تم التسليم,1,59,0,20,79,10.3,68.7,14,16.0,0.79,37.91
105566,2026-09-27,قلوريز,منيرة السبيعي,الرياض,مدى,تم التسليم,4,180,0,0,180,23.48,156.52,42,12.48,1.8,100.24
105565,2026-09-27,قلوريز,عبدالله الزهراني,تبوك,تمارا,تم التسليم,3,198,40,0,158,20.61,137.39,52,24.0,10.27,51.12
105564,2026-09-27,قلوريز,ريم القحطاني,جدة,Apple Pay,تم التسليم,3,127,0,20,147,19.17,127.83,29,19.0,2.94,76.89
105563,2026-09-27,قلوريز,خالد الغامدي,الرياض,تمارا,تم التسليم,1,39,0,20,59,7.7,51.3,9,13.6,3.83,24.87
105562,2026-09-27,قلوريز,أمل الرشيدي,الرياض,مدى,تم التسليم,1,55,0,20,75,9.78,65.22,13,17.92,0.75,33.55
105561,2026-09-27,قلوريز,عبدالله العتيبي,الرياض,مدى,تم التسليم,1,35,0,20,55,7.17,47.83,8,16.0,0.55,23.28
105560,2026-09-27,قلوريز,دانة الشهري,جدة,مدى,تم التسليم,2,90,9,20,101,13.17,87.83,21,16.15,1.01,49.67
105559,2026-09-27,سموذ,خالد الجهني,الرياض,الدفع عند الاستلام,تم التسليم,2,240,0,25,265,34.57,230.43,82,16.0,12.0,120.43
105558,2026-09-27,سموذ,ياسر الرشيدي,الرياض,Apple Pay,تم التسليم,3,265,0,0,265,34.57,230.43,82,17.92,5.3,125.21
105557,2026-09-27,سموذ,نايف الزهراني,الرياض,تمارا,تم التسليم,2,160,0,25,185,24.13,160.87,48,16.0,12.03,84.84
105556,2026-09-27,سموذ,عبير الحربي,الرياض,فيزا,تم التسليم,1,95,0,25,120,15.65,104.35,30,16.0,3.0,55.35
105555,2026-09-27,سموذ,جود الشهري,جدة,مدى,تم التسليم,3,360,0,0,360,46.96,313.04,123,16.15,3.6,170.29
105554,2026-09-27,سموذ,لمى الدوسري,الدمام,فيزا,تم التسليم,4,474,0,0,474,61.83,412.17,152,19.0,11.85,229.32
105553,2026-09-27,سموذ,تركي الزهراني,الرياض,Apple Pay,تم التسليم,1,95,0,25,120,15.65,104.35,30,16.0,2.4,55.95
105552,2026-09-27,سموذ,نورة الرشيدي,القصيم,مدى,تم التسليم,4,510,76,0,434,56.61,377.39,166,24.0,4.34,183.05
105551,2026-09-27,سموذ,نايف المالكي,الخبر,Apple Pay,تم التسليم,1,120,0,25,145,18.91,126.09,41,16.15,2.9,66.04
105550,2026-09-27,سموذ,جود البقمي,الرياض,تمارا,تم التسليم,3,567,0,0,567,73.96,493.04,186,13.6,36.86,256.59
105549,2026-09-27,سموذ,نايف الشمري,الرياض,مدى,تم التسليم,1,120,0,25,145,18.91,126.09,41,16.0,1.45,67.64
105548,2026-09-27,سموذ,غادة القحطاني,المدينة,تمارا,تم التسليم,2,190,38,25,177,23.09,153.91,60,21.0,11.51,61.41
105547,2026-09-27,سموذ,عبير المطيري,جدة,تمارا,تم التسليم,5,737,74,0,663,86.48,576.52,238,19.0,43.09,276.43
105546,2026-09-26,قلوريز,عبير الغامدي,جدة,Apple Pay,تم التسليم,1,59,0,20,79,10.3,68.7,14,21.28,1.58,31.84
105545,2026-09-26,قلوريز,غادة الدوسري,جدة,مدى,تم التسليم,1,49,7,20,62,8.09,53.91,11,16.15,0.62,26.14
105544,2026-09-26,قلوريز,رهف الرشيدي,مكة,Apple Pay,تم التسليم,3,147,0,20,167,21.78,145.22,34,23.52,3.34,84.36
105543,2026-09-26,قلوريز,عبدالله الدوسري,الرياض,فيزا,تم التسليم,1,55,0,20,75,9.78,65.22,13,16.0,1.88,34.34
105542,2026-09-26,قلوريز,منيرة الرشيدي,الرياض,فيزا,تم التسليم,1,39,6,20,53,6.91,46.09,9,13.6,1.33,22.16
105541,2026-09-26,قلوريز,ياسر الزهراني,الدمام,مدى,تم التسليم,3,153,0,0,153,19.96,133.04,36,21.28,1.53,74.23
105540,2026-09-26,قلوريز,أمل الدوسري,مكة,الدفع عند الاستلام,تم التسليم,2,110,0,20,130,16.96,113.04,26,17.85,12.0,57.19
105539,2026-09-26,قلوريز,أمل الغامدي,جدة,الدفع عند الاستلام,تم التسليم,1,55,0,20,75,9.78,65.22,13,21.28,12.0,18.94
105538,2026-09-26,قلوريز,خالد العنزي,الدمام,Apple Pay,تم التسليم,1,49,0,20,69,9.0,60.0,11,19.0,1.38,28.62
105537,2026-09-26,قلوريز,دانة المطيري,جدة,مدى,تم التسليم,3,208,0,0,208,27.13,180.87,54,16.15,2.08,108.64
105536,2026-09-26,قلوريز,رهف الحربي,تبوك,Apple Pay,تم التسليم,4,277,0,0,277,36.13,240.87,71,20.4,5.54,143.93
105535,2026-09-26,قلوريز,دانة المالكي,الدمام,الدفع عند الاستلام,تم التسليم,1,39,0,20,59,7.7,51.3,9,21.28,12.0,9.02
105534,2026-09-26,قلوريز,رهف الجهني,الرياض,تمارا,تم التسليم,4,273,0,0,273,35.61,237.39,69,12.48,17.75,138.17
105533,2026-09-26,قلوريز,خالد الدوسري,الدمام,تمارا,تم التسليم,3,149,0,20,169,22.04,146.96,35,19.0,10.99,81.97
105532,2026-09-26,قلوريز,غادة الشمري,جدة,الدفع عند الاستلام,تم التسليم,2,88,0,20,108,14.09,93.91,20,14.82,12.0,47.09
105531,2026-09-26,قلوريز,شهد الحربي,الدمام,مدى,تم التسليم,1,55,0,20,75,9.78,65.22,13,14.82,0.75,36.65
105530,2026-09-26,قلوريز,لمى الرشيدي,الرياض,مدى,ملغي,2,78,0,20,98,0,0,0,0,0,0
105529,2026-09-26,قلوريز,ماجد الزهراني,القصيم,الدفع عند الاستلام,تم التسليم,4,338,0,0,338,44.09,293.91,91,20.4,12.0,170.51
105528,2026-09-26,قلوريز,عبير الحربي,الرياض,مدى,تم التسليم,2,98,0,20,118,15.39,102.61,22,12.48,1.18,66.95
105527,2026-09-26,قلوريز,خالد العنزي,جدة,مدى,تم التسليم,1,55,0,20,75,9.78,65.22,13,19.0,0.75,32.47
105526,2026-09-26,سموذ,منيرة البقمي,الرياض,مدى,تم التسليم,2,215,0,25,240,31.3,208.7,71,16.0,2.4,119.3
105525,2026-09-26,سموذ,بندر الشهري,جدة,Apple Pay,تم التسليم,3,245,0,25,270,35.22,234.78,74,14.82,5.4,140.56
105524,2026-09-26,سموذ,عبدالله العنزي,الرياض,مدى,تم التسليم,3,235,0,25,260,33.91,226.09,70,12.48,2.6,141.01
105523,2026-09-26,سموذ,غادة البقمي,الرياض,Apple Pay,تم التسليم,1,75,0,25,100,13.04,86.96,22,13.6,2.0,49.36
105522,2026-09-26,سموذ,ماجد الشمري,المدينة,الدفع عند الاستلام,تم التسليم,2,240,24,25,241,31.43,209.57,82,21.0,12.0,94.57
105521,2026-09-26,سموذ,سلطان المالكي,الرياض,Apple Pay,تم التسليم,1,120,0,25,145,18.91,126.09,41,13.6,2.9,68.59
105520,2026-09-26,سموذ,سارة الشهري,الدمام,مدى,تم التسليم,2,240,24,25,241,31.43,209.57,82,19.0,2.41,106.16
105519,2026-09-26,سموذ,ياسر الدوسري,الرياض,تمارا,تم التسليم,4,405,0,0,405,52.83,352.17,131,17.92,26.32,176.93
105518,2026-09-26,سموذ,هند المطيري,الخبر,فيزا,تم التسليم,4,420,0,0,420,54.78,365.22,134,16.15,10.5,204.57
105517,2026-09-26,سموذ,جود السالم,الدمام,Apple Pay,تم التسليم,2,230,0,25,255,33.26,221.74,74,16.15,5.1,126.49
105516,2026-09-26,سموذ,محمد الغامدي,المدينة,فيزا,تم التسليم,4,320,0,0,320,41.74,278.26,96,17.85,8.0,156.41
105515,2026-09-26,سموذ,رهف القحطاني,جدة,تمارا,تم التسليم,4,642,0,0,642,83.74,558.26,208,21.28,41.73,287.25
105514,2026-09-26,سموذ,نورة البقمي,جدة,مدى,تم التسليم,1,120,0,25,145,18.91,126.09,41,16.15,1.45,67.49
105513,2026-09-25,قلوريز,نورة الزهراني,جدة,مدى,تم التسليم,1,39,0,20,59,7.7,51.3,9,19.0,0.59,22.71
105512,2026-09-25,قلوريز,راكان المطيري,المدينة,مدى,تم التسليم,3,163,0,0,163,21.26,141.74,38,21.0,1.63,81.11
105511,2026-09-25,قلوريز,راكان الحربي,الرياض,مدى,تم التسليم,6,296,44,0,252,32.87,219.13,68,13.6,2.52,135.01
105510,2026-09-25,قلوريز,غادة الجهني,الرياض,فيزا,تم التسليم,5,450,0,0,450,58.7,391.3,123,16.0,11.25,241.05
105509,2026-09-25,قلوريز,جود العتيبي,الرياض,مدى,تم التسليم,1,55,8,20,67,8.74,58.26,13,13.6,0.67,30.99
105508,2026-09-25,قلوريز,جود العتيبي,القصيم,مدى,تم التسليم,1,35,5,20,50,6.52,43.48,8,20.4,0.5,14.58
105507,2026-09-25,قلوريز,فهد الزهراني,القصيم,فيزا,تم التسليم,1,39,0,20,59,7.7,51.3,9,26.88,1.48,13.95
105506,2026-09-25,قلوريز,تركي السالم,الدمام,Apple Pay,تم التسليم,3,109,16,20,113,14.74,98.26,25,16.15,2.26,54.85
105505,2026-09-25,قلوريز,جود الغامدي,مكة,مدى,تم التسليم,2,169,0,0,169,22.04,146.96,45,21.0,1.69,79.27
105504,2026-09-25,قلوريز,عبير السالم,الرياض,مدى,تم التسليم,1,35,0,20,55,7.17,47.83,8,12.48,0.55,26.8
105503,2026-09-25,قلوريز,منيرة المالكي,الرياض,فيزا,تم التسليم,3,133,0,20,153,19.96,133.04,31,16.0,3.83,82.22
105502,2026-09-25,قلوريز,غادة السبيعي,جدة,مدى,تم التسليم,1,35,0,20,55,7.17,47.83,8,19.0,0.55,20.28
105501,2026-09-25,قلوريز,بندر المالكي,الرياض,مدى,تم التسليم,3,289,0,0,289,37.7,251.3,79,16.0,2.89,153.41
105500,2026-09-25,قلوريز,سارة العتيبي,القصيم,Apple Pay,تم التسليم,4,176,18,0,158,20.61,137.39,41,18.72,3.16,74.51
105499,2026-09-25,قلوريز,رهف الحربي,الرياض,Apple Pay,تم التسليم,4,247,37,0,210,27.39,182.61,63,16.0,4.2,99.41
105498,2026-09-25,قلوريز,رهف المطيري,جدة,تمارا,تم التسليم,1,39,0,20,59,7.7,51.3,9,16.15,3.83,22.32
105497,2026-09-25,قلوريز,دانة الشهري,الرياض,تمارا,تم التسليم,4,267,0,0,267,34.83,232.17,67,16.0,17.36,131.82
105496,2026-09-25,قلوريز,نورة السبيعي,الرياض,تمارا,تم التسليم,2,104,0,20,124,16.17,107.83,24,16.0,8.06,59.77
105495,2026-09-25,قلوريز,ياسر السالم,الرياض,Apple Pay,تم التسليم,2,110,0,20,130,16.96,113.04,26,12.48,2.6,71.96
105494,2026-09-25,قلوريز,محمد العتيبي,المدينة,Apple Pay,تم التسليم,3,190,0,0,190,24.78,165.22,50,16.38,3.8,95.04
105493,2026-09-25,قلوريز,محمد الزهراني,الدمام,مدى,تم التسليم,1,55,0,20,75,9.78,65.22,13,16.15,0.75,35.32
105492,2026-09-25,قلوريز,عبير القحطاني,الرياض,مدى,تم التسليم,2,240,0,0,240,31.3,208.7,68,17.92,2.4,120.38
105491,2026-09-25,قلوريز,محمد الشمري,جدة,الدفع عند الاستلام,تم التسليم,3,145,0,20,165,21.52,143.48,34,16.15,12.0,81.33
105490,2026-09-25,قلوريز,عبدالله الشمري,المدينة,مدى,تم التسليم,2,74,11,20,83,10.83,72.17,17,16.38,0.83,37.96
105489,2026-09-25,قلوريز,فهد العتيبي,الرياض,مدى,تم التسليم,4,279,0,0,279,36.39,242.61,71,17.92,2.79,150.9
105488,2026-09-25,قلوريز,هند البقمي,الخبر,مدى,تم التسليم,4,225,0,0,225,29.35,195.65,58,19.0,2.25,116.4
105487,2026-09-25,قلوريز,سارة الدوسري,جدة,فيزا,تم التسليم,1,35,0,20,55,7.17,47.83,8,19.0,1.38,19.45
105486,2026-09-25,قلوريز,لمى الشمري,الرياض,تمارا,تم التسليم,1,55,0,20,75,9.78,65.22,13,12.48,4.88,34.86
105485,2026-09-25,قلوريز,بندر الحربي,جدة,مدى,تم التسليم,2,70,10,20,80,10.43,69.57,16,19.0,0.8,33.77
105484,2026-09-25,سموذ,منيرة الجهني,الدمام,Apple Pay,ملغي,1,145,0,25,170,0,0,0,0,0,0
105483,2026-09-25,سموذ,ماجد الشهري,الرياض,مدى,تم التسليم,3,275,0,0,275,35.87,239.13,86,13.6,2.75,136.78
105482,2026-09-25,سموذ,خالد السبيعي,الرياض,الدفع عند الاستلام,تم التسليم,2,190,0,25,215,28.04,186.96,60,13.6,12.0,101.36
105481,2026-09-25,سموذ,خالد الرشيدي,الرياض,Apple Pay,تم التسليم,2,284,57,25,252,32.87,219.13,92,16.0,5.04,106.09
105480,2026-09-25,سموذ,عبدالله الشهري,جدة,تمارا,تم التسليم,4,380,38,0,342,44.61,297.39,118,19.0,22.23,138.16
105479,2026-09-25,سموذ,ياسر الرشيدي,جدة,Apple Pay,تم التسليم,2,274,0,0,274,35.74,238.26,88,19.0,5.48,125.78
105478,2026-09-25,سموذ,لمى المالكي,جدة,تمارا,تم التسليم,1,75,0,25,100,13.04,86.96,22,19.0,6.5,39.46
105477,2026-09-25,سموذ,رهف الشمري,الدمام,فيزا,تم التسليم,1,85,0,25,110,14.35,95.65,26,21.28,2.75,45.62
105476,2026-09-25,سموذ,خالد البقمي,الرياض,Apple Pay,تم التسليم,1,95,0,25,120,15.65,104.35,30,16.0,2.4,55.95
105475,2026-09-25,سموذ,فهد البقمي,الخبر,Apple Pay,تم التسليم,2,220,0,25,245,31.96,213.04,70,21.28,4.9,116.86
105474,2026-09-25,سموذ,شهد المالكي,الرياض,فيزا,تم التسليم,2,150,30,25,145,18.91,126.09,44,16.0,3.62,62.46
105473,2026-09-25,سموذ,ياسر السالم,تبوك,Apple Pay,تم التسليم,3,473,0,0,473,61.7,411.3,154,20.4,9.46,227.44
105472,2026-09-25,سموذ,بندر الزهراني,الخبر,مدى,تم التسليم,3,340,0,0,340,44.35,295.65,111,19.0,3.4,162.25
105471,2026-09-25,سموذ,خالد الغامدي,أبها,Apple Pay,تم التسليم,1,145,0,25,170,22.17,147.83,48,20.4,3.4,76.03
105470,2026-09-25,سموذ,ريم الجهني,المدينة,مدى,تم التسليم,1,95,0,25,120,15.65,104.35,30,21.0,1.2,52.15
105469,2026-09-25,سموذ,تركي الحربي,جدة,مدى,تم التسليم,3,360,0,0,360,46.96,313.04,123,19.0,3.6,167.44
105468,2026-09-25,سموذ,لمى الرشيدي,الرياض,مدى,تم التسليم,2,205,0,25,230,30.0,200.0,67,13.6,2.3,117.1
105467,2026-09-25,سموذ,نورة القحطاني,جدة,مدى,تم التسليم,1,189,0,25,214,27.91,186.09,62,16.15,2.14,105.8
105466,2026-09-25,سموذ,أمل الشهري,أبها,فيزا,تم التسليم,1,189,0,25,214,27.91,186.09,62,26.88,5.35,91.86
105465,2026-09-25,سموذ,عبدالله القحطاني,القصيم,Apple Pay,تم التسليم,3,435,0,0,435,56.74,378.26,144,20.4,8.7,205.16
105464,2026-09-24,قلوريز,جود الغامدي,المدينة,فيزا,تم التسليم,1,120,0,20,140,18.26,121.74,34,21.0,3.5,63.24
105463,2026-09-24,قلوريز,ريم الزهراني,الدمام,Apple Pay,تم التسليم,1,55,0,20,75,9.78,65.22,13,14.82,1.5,35.9
105462,2026-09-24,قلوريز,دانة البقمي,مكة,مدى,ملغي,3,145,0,20,165,0,0,0,0,0,0
105461,2026-09-24,قلوريز,شهد الجهني,المدينة,مدى,تم التسليم,2,110,16,20,114,14.87,99.13,26,21.0,1.14,50.99
105460,2026-09-24,قلوريز,شهد العتيبي,الدمام,مدى,تم التسليم,3,230,0,0,230,30.0,200.0,60,19.0,2.3,118.7
105459,2026-09-24,قلوريز,شهد المطيري,الرياض,مدى,تم التسليم,1,59,0,20,79,10.3,68.7,14,16.0,0.79,37.91
105458,2026-09-24,قلوريز,دانة السبيعي,جدة,مدى,تم التسليم,5,199,0,0,199,25.96,173.04,46,16.15,1.99,108.9
105457,2026-09-24,قلوريز,عبدالله الدوسري,المدينة,الدفع عند الاستلام,ملغي,1,55,0,20,75,0,0,0,0,0,0
105456,2026-09-24,قلوريز,ماجد الجهني,الخبر,تمارا,تم التسليم,1,49,0,20,69,9.0,60.0,11,21.28,4.49,23.23
105455,2026-09-24,قلوريز,لمى الغامدي,الرياض,مدى,تم التسليم,2,94,0,20,114,14.87,99.13,22,16.0,1.14,59.99
105454,2026-09-24,قلوريز,سارة الزهراني,الخبر,مدى,تم التسليم,2,74,0,20,94,12.26,81.74,17,19.0,0.94,44.8
105453,2026-09-24,قلوريز,جود البقمي,الرياض,مدى,تم التسليم,1,59,0,20,79,10.3,68.7,14,17.92,0.79,35.99
105452,2026-09-24,قلوريز,فهد الزهراني,مكة,Apple Pay,تم التسليم,1,59,0,20,79,10.3,68.7,14,16.38,1.58,36.74
105451,2026-09-24,قلوريز,سارة الحربي,الدمام,فيزا,تم التسليم,3,289,0,0,289,37.7,251.3,79,19.0,7.23,146.08
105450,2026-09-24,قلوريز,راكان السالم,الرياض,Apple Pay,تم التسليم,3,194,0,0,194,25.3,168.7,51,16.0,3.88,97.82
105449,2026-09-24,قلوريز,محمد الجهني,الرياض,Apple Pay,تم التسليم,1,35,7,20,48,6.26,41.74,8,13.6,0.96,19.18
105448,2026-09-24,قلوريز,شهد الجهني,الخبر,فيزا,تم التسليم,1,59,6,20,73,9.52,63.48,14,14.82,1.83,32.83
105447,2026-09-24,قلوريز,جود الزهراني,مكة,تمارا,تم التسليم,1,120,24,20,116,15.13,100.87,34,17.85,7.54,41.48
105446,2026-09-24,قلوريز,هند الشهري,تبوك,مدى,تم التسليم,2,90,0,20,110,14.35,95.65,21,24.0,1.1,49.55
105445,2026-09-24,قلوريز,محمد العنزي,أبها,تمارا,تم التسليم,2,175,0,0,175,22.83,152.17,47,24.0,11.38,69.8
105444,2026-09-24,قلوريز,تركي الشهري,الرياض,الدفع عند الاستلام,تم التسليم,6,270,40,0,230,30.0,200.0,63,13.6,12.0,111.4
105443,2026-09-24,سموذ,عبدالله البقمي,المدينة,مدى,تم التسليم,4,455,0,0,455,59.35,395.65,153,21.0,4.55,217.1
105442,2026-09-24,سموذ,ماجد المطيري,جدة,تمارا,تم التسليم,1,189,0,25,214,27.91,186.09,62,19.0,13.91,91.18
105441,2026-09-24,سموذ,راكان الزهراني,الدمام,مدى,تم التسليم,3,463,0,0,463,60.39,402.61,150,21.28,4.63,226.7
105440,2026-09-24,سموذ,ماجد الشهري,الدمام,تمارا,تم التسليم,3,523,0,0,523,68.22,454.78,172,19.0,34.0,229.79
105439,2026-09-24,سموذ,جود العتيبي,تبوك,Apple Pay,تم التسليم,1,75,0,25,100,13.04,86.96,22,26.88,2.0,36.08
105438,2026-09-24,سموذ,لمى الجهني,الرياض,مدى,تم التسليم,2,170,0,25,195,25.43,169.57,52,16.0,1.95,99.62
105437,2026-09-24,سموذ,ماجد القحطاني,الدمام,مدى,تم التسليم,1,120,0,25,145,18.91,126.09,41,14.82,1.45,68.82
105436,2026-09-24,سموذ,دانة الشهري,مكة,فيزا,تم التسليم,4,460,0,0,460,60.0,400.0,148,21.0,11.5,219.5
105435,2026-09-24,سموذ,سارة الجهني,الرياض,تمارا,تم التسليم,3,245,0,25,270,35.22,234.78,74,13.6,17.55,129.63
105434,2026-09-24,سموذ,منيرة العنزي,الدمام,تمارا,تم التسليم,1,95,0,25,120,15.65,104.35,30,14.82,7.8,51.73
105433,2026-09-24,سموذ,هند الرشيدي,الخبر,Apple Pay,تم التسليم,2,290,0,0,290,37.83,252.17,96,19.0,5.8,131.37
105432,2026-09-24,سموذ,شهد الرشيدي,الرياض,Apple Pay,تم التسليم,3,225,0,25,250,32.61,217.39,66,13.6,5.0,132.79
105431,2026-09-24,سموذ,خالد البقمي,أبها,فيزا,تم التسليم,1,189,19,25,195,25.43,169.57,62,24.0,4.88,78.69
105430,2026-09-24,سموذ,تركي الشمري,المدينة,مدى,تم التسليم,2,274,27,25,272,35.48,236.52,88,21.0,2.72,124.8
105429,2026-09-24,سموذ,عبير الزهراني,مكة,تمارا,تم التسليم,3,265,0,0,265,34.57,230.43,82,21.0,17.23,110.21
105428,2026-09-24,سموذ,رهف البقمي,جدة,فيزا,تم التسليم,1,120,12,25,133,17.35,115.65,41,16.15,3.33,55.18
105427,2026-09-24,سموذ,أمل العنزي,الرياض,Apple Pay,تم التسليم,1,75,0,25,100,13.04,86.96,22,16.0,2.0,46.96
105426,2026-09-24,سموذ,جود الجهني,جدة,تمارا,تم التسليم,3,225,22,25,228,29.74,198.26,66,19.0,14.82,98.44
105425,2026-09-24,سموذ,نايف الجهني,القصيم,فيزا,تم التسليم,1,145,0,25,170,22.17,147.83,48,24.0,4.25,71.58
105424,2026-09-24,سموذ,نورة العنزي,مكة,الدفع عند الاستلام,تم التسليم,1,120,24,25,121,15.78,105.22,41,23.52,12.0,28.7
105423,2026-09-24,سموذ,محمد الدوسري,الدمام,مدى,تم التسليم,1,189,0,25,214,27.91,186.09,62,16.15,2.14,105.8
105422,2026-09-24,سموذ,فهد العتيبي,الخبر,مدى,تم التسليم,3,435,87,0,348,45.39,302.61,144,21.28,3.48,133.85
105421,2026-09-24,سموذ,عبير الزهراني,جدة,الدفع عند الاستلام,تم التسليم,2,378,0,0,378,49.3,328.7,124,16.15,12.0,176.55
105420,2026-09-24,سموذ,راكان القحطاني,الرياض,مدى,تم التسليم,7,879,176,0,703,91.7,611.3,284,12.48,7.03,307.79
105419,2026-09-23,قلوريز,لمى البقمي,مكة,مدى,تم التسليم,3,360,0,0,360,46.96,313.04,102,21.0,3.6,186.44
105418,2026-09-23,قلوريز,عبير المالكي,القصيم,مدى,تم التسليم,5,478,0,0,478,62.35,415.65,130,24.0,4.78,256.87
105417,2026-09-23,قلوريز,نايف الجهني,أبها,فيزا,تم التسليم,4,245,0,0,245,31.96,213.04,63,24.0,6.12,119.92
105416,2026-09-23,قلوريز,لمى الجهني,القصيم,فيزا,تم التسليم,1,59,0,20,79,10.3,68.7,14,24.0,1.98,28.72
105415,2026-09-23,قلوريز,نايف القحطاني,جدة,تمارا,تم التسليم,1,59,0,20,79,10.3,68.7,14,19.0,5.13,30.56
105414,2026-09-23,قلوريز,دانة البقمي,جدة,مدى,تم التسليم,2,94,9,20,105,13.7,91.3,22,21.28,1.05,46.97
105413,2026-09-23,قلوريز,دانة البقمي,الرياض,مدى,تم التسليم,1,120,0,20,140,18.26,121.74,34,12.48,1.4,73.86
105412,2026-09-23,قلوريز,سارة العنزي,الدمام,Apple Pay,تم التسليم,5,255,38,0,217,28.3,188.7,60,16.15,4.34,108.21
105411,2026-09-23,قلوريز,نايف الجهني,الرياض,Apple Pay,تم التسليم,1,49,0,20,69,9.0,60.0,11,12.48,1.38,35.14
105410,2026-09-23,قلوريز,ريم الدوسري,الرياض,Apple Pay,تم التسليم,2,110,16,20,114,14.87,99.13,26,17.92,2.28,52.93
105409,2026-09-23,قلوريز,ريم الشمري,أبها,Apple Pay,تم التسليم,1,39,0,20,59,7.7,51.3,9,24.0,1.18,17.12
105408,2026-09-23,قلوريز,منيرة الشهري,الرياض,مدى,تم التسليم,1,39,6,20,53,6.91,46.09,9,16.0,0.53,20.56
105407,2026-09-23,قلوريز,جود الحربي,أبها,Apple Pay,تم التسليم,2,110,0,20,130,16.96,113.04,26,24.0,2.6,60.44
105406,2026-09-23,قلوريز,تركي الجهني,الدمام,فيزا,تم التسليم,1,35,5,20,50,6.52,43.48,8,21.28,1.25,12.95
105405,2026-09-23,قلوريز,غادة الدوسري,مكة,مدى,تم التسليم,2,240,36,0,204,26.61,177.39,68,23.52,2.04,83.83
105404,2026-09-23,قلوريز,بندر الشمري,أبها,مدى,تم التسليم,1,35,5,20,50,6.52,43.48,8,20.4,0.5,14.58
105403,2026-09-23,قلوريز,سارة الغامدي,الخبر,مدى,ملغي,1,120,0,20,140,0,0,0,0,0,0
105402,2026-09-23,قلوريز,شهد المطيري,الرياض,مدى,ملغي,2,104,0,20,124,0,0,0,0,0,0
105401,2026-09-23,قلوريز,هند الدوسري,جدة,مدى,تم التسليم,1,39,0,20,59,7.7,51.3,9,16.15,0.59,25.56
105400,2026-09-23,قلوريز,محمد الغامدي,الخبر,مدى,تم التسليم,1,39,0,20,59,7.7,51.3,9,16.15,0.59,25.56
105399,2026-09-23,قلوريز,سارة الشمري,الرياض,Apple Pay,تم التسليم,3,218,0,0,218,28.43,189.57,56,16.0,4.36,113.21
105398,2026-09-23,قلوريز,ياسر الرشيدي,الدمام,مدى,تم التسليم,2,90,0,20,110,14.35,95.65,21,16.15,1.1,57.4
105397,2026-09-23,قلوريز,محمد العنزي,جدة,مدى,تم التسليم,2,104,0,20,124,16.17,107.83,24,16.15,1.24,66.44
105396,2026-09-23,قلوريز,ماجد المطيري,الرياض,فيزا,تم التسليم,3,214,0,0,214,27.91,186.09,56,16.0,5.35,108.74
105395,2026-09-23,سموذ,عبدالله الحربي,أبها,مدى,تم التسليم,2,160,0,25,185,24.13,160.87,48,24.0,1.85,87.02
105394,2026-09-23,سموذ,ريم العتيبي,الدمام,الدفع عند الاستلام,تم التسليم,4,687,137,0,550,71.74,478.26,227,16.15,12.0,223.11
105393,2026-09-23,سموذ,محمد الجهني,جدة,فيزا,تم التسليم,4,484,0,0,484,63.13,420.87,154,21.28,12.1,233.49
105392,2026-09-23,سموذ,نورة الجهني,المدينة,مدى,ملغي,2,309,0,0,309,0,0,0,0,0,0
105391,2026-09-23,سموذ,فهد الجهني,الدمام,Apple Pay,تم التسليم,1,95,0,25,120,15.65,104.35,30,19.0,2.4,52.95
105390,2026-09-23,سموذ,سارة الشمري,الرياض,مدى,تم التسليم,1,75,8,25,92,12.0,80.0,22,17.92,0.92,39.16
105389,2026-09-23,سموذ,ريم الدوسري,الرياض,الدفع عند الاستلام,تم التسليم,4,430,0,0,430,56.09,373.91,138,16.0,12.0,207.91
105388,2026-09-23,سموذ,ماجد الشمري,الخبر,مدى,تم التسليم,1,145,0,25,170,22.17,147.83,48,16.15,1.7,81.98
105387,2026-09-23,سموذ,تركي السالم,الرياض,Apple Pay,تم التسليم,2,170,0,25,195,25.43,169.57,52,16.0,3.9,97.67
105386,2026-09-23,سموذ,جود الحربي,الرياض,مدى,تم التسليم,2,180,0,25,205,26.74,178.26,56,12.48,2.05,107.73
105385,2026-09-23,سموذ,نورة القحطاني,مكة,مدى,تم التسليم,3,255,0,0,255,33.26,221.74,78,17.85,2.55,123.34
105384,2026-09-23,سموذ,ريم الحربي,الرياض,مدى,تم التسليم,2,150,0,25,175,22.83,152.17,44,16.0,1.75,90.42
105383,2026-09-23,سموذ,عبير الزهراني,المدينة,Apple Pay,تم التسليم,2,220,0,25,245,31.96,213.04,70,21.0,4.9,117.14
105382,2026-09-23,سموذ,ماجد المالكي,الرياض,Apple Pay,تم التسليم,2,190,0,25,215,28.04,186.96,60,13.6,4.3,109.06
105381,2026-09-22,قلوريز,رهف الدوسري,الرياض,الدفع عند الاستلام,تم التسليم,1,59,0,20,79,10.3,68.7,14,13.6,12.0,29.1
105380,2026-09-22,قلوريز,ماجد الرشيدي,الدمام,تمارا,تم التسليم,2,98,10,20,108,14.09,93.91,22,16.15,7.02,48.74
105379,2026-09-22,قلوريز,سلطان الزهراني,تبوك,مدى,تم التسليم,3,139,21,20,138,18.0,120.0,32,18.72,1.38,67.9
105378,2026-09-22,قلوريز,خالد الحربي,جدة,الدفع عند الاستلام,تم التسليم,4,172,0,0,172,22.43,149.57,40,14.82,12.0,82.75
105377,2026-09-22,قلوريز,أمل السبيعي,الرياض,مدى,تم التسليم,2,118,0,20,138,18.0,120.0,28,13.6,1.38,77.02
105376,2026-09-22,قلوريز,تركي البقمي,أبها,Apple Pay,تم التسليم,2,118,0,20,138,18.0,120.0,28,18.72,2.76,70.52
105375,2026-09-22,قلوريز,فهد المطيري,الرياض,مدى,تم التسليم,2,94,0,20,114,14.87,99.13,22,13.6,1.14,62.39
105374,2026-09-22,قلوريز,شهد الغامدي,جدة,Apple Pay,تم التسليم,3,133,0,20,153,19.96,133.04,31,19.0,3.06,79.98
105373,2026-09-22,قلوريز,تركي الزهراني,الرياض,مدى,تم التسليم,2,94,0,20,114,14.87,99.13,22,16.0,1.14,59.99
105372,2026-09-22,قلوريز,جود الجهني,جدة,مدى,تم التسليم,5,324,32,0,292,38.09,253.91,82,19.0,2.92,149.99
105371,2026-09-22,قلوريز,هند الغامدي,القصيم,تمارا,تم التسليم,2,70,0,20,90,11.74,78.26,16,24.0,5.85,32.41
105370,2026-09-22,قلوريز,فهد العتيبي,الخبر,Apple Pay,تم التسليم,3,198,0,0,198,25.83,172.17,52,16.15,3.96,100.06
105369,2026-09-22,قلوريز,تركي الحربي,الدمام,الدفع عند الاستلام,ملغي,3,147,22,20,145,0,0,0,0,0,0
105368,2026-09-22,قلوريز,أمل الغامدي,الخبر,Apple Pay,تم التسليم,2,155,0,0,155,20.22,134.78,42,14.82,3.1,74.86
105367,2026-09-22,قلوريز,غادة المالكي,الخبر,Apple Pay,تم التسليم,3,147,0,20,167,21.78,145.22,33,19.0,3.34,89.88
105366,2026-09-22,قلوريز,بندر الزهراني,تبوك,الدفع عند الاستلام,ملغي,2,110,11,20,119,0,0,0,0,0,0
105365,2026-09-22,قلوريز,نايف الدوسري,مكة,Apple Pay,تم التسليم,1,35,0,20,55,7.17,47.83,8,21.0,1.1,17.73
105364,2026-09-22,قلوريز,هند الزهراني,الرياض,Apple Pay,تم التسليم,2,110,16,20,114,14.87,99.13,26,17.92,2.28,52.93
105363,2026-09-22,قلوريز,ماجد السبيعي,الرياض,فيزا,تم التسليم,2,240,0,0,240,31.3,208.7,68,17.92,6.0,116.78
105362,2026-09-22,قلوريز,رهف القحطاني,جدة,فيزا,تم التسليم,2,78,0,20,98,12.78,85.22,18,19.0,2.45,45.77
105361,2026-09-22,سموذ,أمل الدوسري,مكة,Apple Pay,تم التسليم,1,85,0,25,110,14.35,95.65,26,21.0,2.2,46.45
105360,2026-09-22,سموذ,محمد الدوسري,الرياض,تمارا,تم التسليم,2,290,29,0,261,34.04,226.96,96,17.92,16.96,96.07
105359,2026-09-22,سموذ,سلطان الشمري,الدمام,مدى,تم التسليم,1,145,0,25,170,22.17,147.83,48,14.82,1.7,83.31
105358,2026-09-22,سموذ,رهف الحربي,الرياض,تمارا,تم التسليم,2,334,0,0,334,43.57,290.43,110,16.0,21.71,142.72
105357,2026-09-22,سموذ,محمد الحربي,الرياض,الدفع عند الاستلام,تم التسليم,2,334,0,0,334,43.57,290.43,110,17.92,12.0,150.51
105356,2026-09-22,سموذ,دانة المالكي,مكة,مدى,تم التسليم,2,190,0,25,215,28.04,186.96,60,21.0,2.15,103.81
105355,2026-09-22,سموذ,عبدالله الزهراني,مكة,مدى,تم التسليم,1,85,0,25,110,14.35,95.65,26,23.52,1.1,45.03
105354,2026-09-22,سموذ,هند السبيعي,جدة,مدى,ملغي,1,120,0,25,145,0,0,0,0,0,0
105353,2026-09-22,سموذ,ياسر العنزي,الرياض,تمارا,تم التسليم,1,120,12,25,133,17.35,115.65,41,13.6,8.64,52.41
105352,2026-09-22,سموذ,هند المالكي,جدة,فيزا,تم التسليم,1,120,0,25,145,18.91,126.09,41,19.0,3.62,62.46
105351,2026-09-22,سموذ,أمل السالم,الدمام,مدى,تم التسليم,3,270,0,0,270,35.22,234.78,85,21.28,2.7,125.8
105350,2026-09-22,سموذ,فهد البقمي,الدمام,الدفع عند الاستلام,تم التسليم,3,429,0,0,429,55.96,373.04,144,21.28,12.0,195.76
105349,2026-09-22,سموذ,فهد الحربي,المدينة,تمارا,تم التسليم,2,240,36,25,229,29.87,199.13,82,23.52,14.88,78.73
105348,2026-09-22,سموذ,غادة الدوسري,الرياض,تمارا,تم التسليم,1,75,0,25,100,13.04,86.96,22,12.48,6.5,45.98
105347,2026-09-22,سموذ,دانة السبيعي,مكة,Apple Pay,تم التسليم,2,378,0,0,378,49.3,328.7,124,21.0,7.56,176.14
105346,2026-09-22,سموذ,غادة العتيبي,مكة,Apple Pay,تم التسليم,3,245,0,25,270,35.22,234.78,74,23.52,5.4,131.86
105345,2026-09-22,سموذ,نايف القحطاني,القصيم,مدى,تم التسليم,3,325,32,0,293,38.22,254.78,104,24.0,2.93,123.85
105344,2026-09-21,قلوريز,بندر العنزي,الخبر,مدى,تم التسليم,4,293,0,0,293,38.22,254.78,75,14.82,2.93,162.03
105343,2026-09-21,قلوريز,منيرة الغامدي,أبها,مدى,تم التسليم,2,98,15,20,103,13.43,89.57,23,18.72,1.03,46.82
105342,2026-09-21,قلوريز,أمل الحربي,الدمام,مدى,تم التسليم,4,176,0,0,176,22.96,153.04,40,16.15,1.76,95.13
105341,2026-09-21,قلوريز,سارة الحربي,مكة,مدى,تم التسليم,2,84,13,20,91,11.87,79.13,19,23.52,0.91,35.7
105340,2026-09-21,قلوريز,رهف البقمي,الرياض,Apple Pay,تم التسليم,2,78,0,20,98,12.78,85.22,18,16.0,1.96,49.26
105339,2026-09-21,قلوريز,فهد العنزي,الرياض,Apple Pay,تم التسليم,2,169,0,0,169,22.04,146.96,45,13.6,3.38,84.98
105338,2026-09-21,قلوريز,نورة المالكي,جدة,تمارا,تم التسليم,2,84,13,20,91,11.87,79.13,19,14.82,5.92,39.4
105337,2026-09-21,قلوريز,نورة العتيبي,الدمام,Apple Pay,تم التسليم,2,90,0,20,110,14.35,95.65,21,19.0,2.2,53.45
105336,2026-09-21,قلوريز,فهد المالكي,الرياض,تمارا,تم التسليم,2,169,0,0,169,22.04,146.96,45,17.92,10.99,73.05
105335,2026-09-21,قلوريز,أمل البقمي,الرياض,Apple Pay,تم التسليم,4,160,0,0,160,20.87,139.13,37,12.48,3.2,86.45
105334,2026-09-21,قلوريز,هند الشهري,الرياض,مدى,تم التسليم,3,117,0,20,137,17.87,119.13,27,16.0,1.37,74.76
105333,2026-09-21,قلوريز,غادة السالم,أبها,مدى,تم التسليم,2,240,48,0,192,25.04,166.96,68,18.72,1.92,78.32
105332,2026-09-21,قلوريز,نايف البقمي,الخبر,فيزا,تم التسليم,3,163,0,0,163,21.26,141.74,38,19.0,4.08,80.66
105331,2026-09-21,قلوريز,ياسر الجهني,الخبر,مدى,تم التسليم,3,105,0,20,125,16.3,108.7,24,21.28,1.25,62.17
105330,2026-09-21,قلوريز,سلطان الحربي,مكة,Apple Pay,تم التسليم,1,35,0,20,55,7.17,47.83,8,21.0,1.1,17.73
105329,2026-09-21,قلوريز,أمل السالم,جدة,مدى,تم التسليم,2,74,0,20,94,12.26,81.74,17,19.0,0.94,44.8
105328,2026-09-21,قلوريز,ياسر القحطاني,مكة,تمارا,تم التسليم,2,110,11,20,119,15.52,103.48,26,21.0,7.74,48.74
105327,2026-09-21,سموذ,لمى الزهراني,تبوك,الدفع عند الاستلام,ملغي,3,410,41,0,369,0,0,0,0,0,0
105326,2026-09-21,سموذ,منيرة البقمي,الخبر,Apple Pay,تم التسليم,1,145,0,25,170,22.17,147.83,48,14.82,3.4,81.61
105325,2026-09-21,سموذ,تركي البقمي,جدة,مدى,تم التسليم,2,264,0,0,264,34.43,229.57,84,16.15,2.64,126.78
105324,2026-09-21,سموذ,شهد العنزي,الخبر,Apple Pay,تم التسليم,1,95,0,25,120,15.65,104.35,30,19.0,2.4,52.95
105323,2026-09-21,سموذ,عبير الغامدي,الرياض,مدى,تم التسليم,2,215,0,25,240,31.3,208.7,71,13.6,2.4,121.7
105322,2026-09-21,سموذ,تركي العنزي,جدة,Apple Pay,تم التسليم,1,189,0,25,214,27.91,186.09,62,16.15,4.28,103.66
105321,2026-09-21,سموذ,عبير الغامدي,الرياض,مدى,تم التسليم,1,95,14,25,106,13.83,92.17,30,12.48,1.06,48.63
105320,2026-09-21,سموذ,رهف الدوسري,المدينة,الدفع عند الاستلام,تم التسليم,2,150,0,25,175,22.83,152.17,44,23.52,12.0,72.65
105319,2026-09-21,سموذ,شهد الرشيدي,الرياض,فيزا,تم التسليم,6,680,0,0,680,88.7,591.3,218,16.0,17.0,340.3
105318,2026-09-21,سموذ,راكان العتيبي,الرياض,تمارا,تم التسليم,2,205,0,25,230,30.0,200.0,67,16.0,14.95,102.05
105317,2026-09-21,سموذ,سلطان الزهراني,جدة,الدفع عند الاستلام,تم التسليم,2,264,0,0,264,34.43,229.57,84,19.0,12.0,114.57
105316,2026-09-21,سموذ,سلطان الغامدي,جدة,فيزا,تم التسليم,1,95,0,25,120,15.65,104.35,30,21.28,3.0,50.07
105315,2026-09-21,سموذ,نورة البقمي,الخبر,مدى,تم التسليم,3,385,0,0,385,50.22,334.78,130,16.15,3.85,184.78
105314,2026-09-21,سموذ,غادة الشمري,جدة,مدى,تم التسليم,1,85,0,25,110,14.35,95.65,26,16.15,1.1,52.4
105313,2026-09-21,سموذ,نايف الجهني,الرياض,مدى,تم التسليم,1,145,0,25,170,22.17,147.83,48,13.6,1.7,84.53
105312,2026-09-20,قلوريز,رهف المالكي,الرياض,مدى,تم التسليم,2,175,26,20,169,22.04,146.96,47,16.0,1.69,82.27
105311,2026-09-20,قلوريز,منيرة السبيعي,جدة,Apple Pay,تم التسليم,2,94,14,20,100,13.04,86.96,22,14.82,2.0,48.14
105310,2026-09-20,قلوريز,شهد البقمي,تبوك,Apple Pay,تم التسليم,2,110,0,20,130,16.96,113.04,26,24.0,2.6,60.44
105309,2026-09-20,قلوريز,نورة المطيري,الدمام,مدى,تم التسليم,3,218,22,0,196,25.57,170.43,57,19.0,1.96,92.47
105308,2026-09-20,قلوريز,منيرة العتيبي,الرياض,مدى,تم التسليم,4,144,0,20,164,21.39,142.61,33,12.48,1.64,95.49
105307,2026-09-20,قلوريز,عبير الشمري,الرياض,Apple Pay,تم التسليم,2,159,0,0,159,20.74,138.26,43,17.92,3.18,74.16
105306,2026-09-20,قلوريز,تركي الجهني,جدة,Apple Pay,تم التسليم,1,49,0,20,69,9.0,60.0,11,21.28,1.38,26.34
105305,2026-09-20,قلوريز,بندر السبيعي,الرياض,مدى,تم التسليم,1,120,0,20,140,18.26,121.74,34,16.0,1.4,70.34
105304,2026-09-20,قلوريز,هند الرشيدي,جدة,فيزا,تم التسليم,2,240,0,0,240,31.3,208.7,68,16.15,6.0,118.55
105303,2026-09-20,قلوريز,غادة المالكي,مكة,مدى,تم التسليم,5,385,58,0,327,42.65,284.35,102,23.52,3.27,155.56
105302,2026-09-20,قلوريز,هند الغامدي,أبها,الدفع عند الاستلام,تم التسليم,2,179,0,0,179,23.35,155.65,48,24.0,12.0,71.65
105301,2026-09-20,قلوريز,هند الجهني,جدة,Apple Pay,تم التسليم,1,120,0,20,140,18.26,121.74,34,19.0,2.8,65.94
105300,2026-09-20,قلوريز,منيرة الحربي,القصيم,مدى,تم التسليم,2,155,31,20,144,18.78,125.22,42,26.88,1.44,54.9
105299,2026-09-20,قلوريز,أمل الحربي,الخبر,فيزا,تم التسليم,2,169,0,0,169,22.04,146.96,45,14.82,4.23,82.91
105298,2026-09-20,قلوريز,نورة السالم,المدينة,فيزا,تم التسليم,2,110,11,20,119,15.52,103.48,26,21.0,2.98,53.5
105297,2026-09-20,قلوريز,راكان المالكي,الدمام,فيزا,تم التسليم,1,49,0,20,69,9.0,60.0,11,19.0,1.73,28.27
105296,2026-09-20,قلوريز,تركي الرشيدي,جدة,تمارا,تم التسليم,3,157,0,0,157,20.48,136.52,37,19.0,10.21,70.32
105295,2026-09-20,قلوريز,سلطان الحربي,الرياض,تمارا,تم التسليم,3,157,0,0,157,20.48,136.52,37,13.6,10.21,75.72
105294,2026-09-20,قلوريز,رهف المالكي,المدينة,مدى,تم التسليم,1,55,0,20,75,9.78,65.22,13,16.38,0.75,35.09
105293,2026-09-20,قلوريز,نايف العنزي,الرياض,مدى,تم التسليم,1,120,0,20,140,18.26,121.74,34,17.92,1.4,68.42
105292,2026-09-20,قلوريز,خالد القحطاني,القصيم,تمارا,تم التسليم,3,109,16,20,113,14.74,98.26,25,26.88,7.35,39.04
105291,2026-09-20,سموذ,هند السبيعي,مكة,Apple Pay,تم التسليم,1,145,0,25,170,22.17,147.83,48,21.0,3.4,75.43
105290,2026-09-20,سموذ,لمى العتيبي,القصيم,فيزا,تم التسليم,1,95,19,25,101,13.17,87.83,30,24.0,2.53,31.3
105289,2026-09-20,سموذ,منيرة المطيري,جدة,Apple Pay,ملغي,1,95,10,25,110,0,0,0,0,0,0
105288,2026-09-20,سموذ,ياسر القحطاني,جدة,مدى,تم التسليم,2,170,0,25,195,25.43,169.57,52,16.15,1.95,99.47
105287,2026-09-20,سموذ,دانة الغامدي,جدة,تمارا,تم التسليم,1,145,0,25,170,22.17,147.83,48,19.0,11.05,69.78
105286,2026-09-20,سموذ,رهف الزهراني,الرياض,مدى,تم التسليم,3,335,50,0,285,37.17,247.83,108,13.6,2.85,123.38
105285,2026-09-20,سموذ,ياسر الحربي,جدة,فيزا,تم التسليم,3,335,0,0,335,43.7,291.3,112,14.82,8.38,156.11
105284,2026-09-20,سموذ,شهد الجهني,الرياض,مدى,تم التسليم,2,290,0,0,290,37.83,252.17,96,16.0,2.9,137.27
105283,2026-09-20,سموذ,لمى العنزي,جدة,الدفع عند الاستلام,تم التسليم,1,85,0,25,110,14.35,95.65,26,19.0,12.0,38.65
105282,2026-09-20,سموذ,ريم البقمي,جدة,Apple Pay,تم التسليم,1,120,0,25,145,18.91,126.09,41,19.0,2.9,63.19
105281,2026-09-20,سموذ,أمل الزهراني,أبها,فيزا,تم التسليم,2,220,0,25,245,31.96,213.04,70,24.0,6.12,112.92
105280,2026-09-20,سموذ,عبدالله القحطاني,الرياض,فيزا,تم التسليم,6,760,114,0,646,84.26,561.74,252,16.0,16.15,277.59
105279,2026-09-20,سموذ,عبير القحطاني,أبها,مدى,تم التسليم,4,464,46,0,418,54.52,363.48,148,24.0,4.18,187.3
105278,2026-09-20,سموذ,ريم الزهراني,الرياض,Apple Pay,تم التسليم,2,274,0,0,274,35.74,238.26,88,13.6,5.48,131.18
105277,2026-09-20,سموذ,لمى القحطاني,الرياض,مدى,تم التسليم,1,95,0,25,120,15.65,104.35,30,13.6,1.2,59.55
105276,2026-09-20,سموذ,ريم الغامدي,الدمام,فيزا,تم التسليم,3,255,0,0,255,33.26,221.74,78,16.15,6.38,121.21
105275,2026-09-20,سموذ,عبير السالم,جدة,Apple Pay,ملغي,1,120,0,25,145,0,0,0,0,0,0
105274,2026-09-20,سموذ,لمى السالم,الرياض,الدفع عند الاستلام,تم التسليم,2,378,38,0,340,44.35,295.65,124,16.0,12.0,143.65
105273,2026-09-20,سموذ,جود الغامدي,مكة,مدى,ملغي,4,414,0,0,414,0,0,0,0,0,0
105272,2026-09-19,قلوريز,تركي الحربي,الرياض,تمارا,تم التسليم,1,55,0,20,75,9.78,65.22,13,17.92,4.88,29.42
105271,2026-09-19,قلوريز,سلطان المطيري,مكة,مدى,تم التسليم,2,98,0,20,118,15.39,102.61,23,21.0,1.18,57.43
105270,2026-09-19,قلوريز,شهد العنزي,الرياض,تمارا,ملغي,2,84,0,20,104,0,0,0,0,0,0
105269,2026-09-19,قلوريز,منيرة المطيري,الرياض,فيزا,تم التسليم,1,35,0,20,55,7.17,47.83,8,16.0,1.38,22.45
105268,2026-09-19,قلوريز,ريم الجهني,جدة,تمارا,تم التسليم,1,55,0,20,75,9.78,65.22,13,16.15,4.88,31.19
105267,2026-09-19,قلوريز,محمد القحطاني,مكة,مدى,تم التسليم,3,295,0,0,295,38.48,256.52,81,17.85,2.95,154.72
105266,2026-09-19,قلوريز,خالد المطيري,الرياض,الدفع عند الاستلام,تم التسليم,3,149,0,20,169,22.04,146.96,35,16.0,12.0,83.96
105265,2026-09-19,قلوريز,نايف الغامدي,الرياض,مدى,تم التسليم,4,287,43,0,244,31.83,212.17,73,13.6,2.44,123.13
105264,2026-09-19,قلوريز,منيرة البقمي,المدينة,فيزا,ملغي,1,35,0,20,55,0,0,0,0,0,0
105263,2026-09-19,قلوريز,عبدالله السالم,القصيم,فيزا,تم التسليم,4,172,17,0,155,20.22,134.78,39,26.88,3.88,65.03
105262,2026-09-19,قلوريز,عبدالله الجهني,جدة,Apple Pay,تم التسليم,2,175,0,0,175,22.83,152.17,47,21.28,3.5,80.39
105261,2026-09-19,قلوريز,فهد الجهني,مكة,تمارا,تم التسليم,3,137,0,20,157,20.48,136.52,32,23.52,10.21,70.8
105260,2026-09-19,قلوريز,محمد الزهراني,المدينة,مدى,تم التسليم,3,238,36,0,202,26.35,175.65,62,17.85,2.02,93.78
105259,2026-09-19,قلوريز,خالد الحربي,جدة,تمارا,تم التسليم,3,117,0,20,137,17.87,119.13,27,19.0,8.91,64.23
105258,2026-09-19,قلوريز,ياسر الرشيدي,تبوك,مدى,تم التسليم,3,149,0,20,169,22.04,146.96,35,24.0,1.69,86.27
105257,2026-09-19,قلوريز,غادة الدوسري,جدة,مدى,تم التسليم,2,98,15,20,103,13.43,89.57,22,21.28,1.03,45.26
105256,2026-09-19,قلوريز,هند البقمي,المدينة,Apple Pay,تم التسليم,4,164,0,0,164,21.39,142.61,38,17.85,3.28,83.48
105255,2026-09-19,قلوريز,نايف العتيبي,جدة,Apple Pay,تم التسليم,1,120,0,20,140,18.26,121.74,34,16.15,2.8,68.79
105254,2026-09-19,قلوريز,رهف الحربي,الرياض,مدى,تم التسليم,2,98,0,20,118,15.39,102.61,23,13.6,1.18,64.83
105253,2026-09-19,سموذ,رهف الجهني,الدمام,مدى,تم التسليم,5,797,0,0,797,103.96,693.04,260,19.0,7.97,406.07
105252,2026-09-19,سموذ,عبدالله القحطاني,جدة,مدى,تم التسليم,3,335,67,0,268,34.96,233.04,108,16.15,2.68,106.21
105251,2026-09-19,سموذ,ريم المطيري,تبوك,مدى,تم التسليم,2,265,0,0,265,34.57,230.43,89,20.4,2.65,118.38
105250,2026-09-19,سموذ,سلطان الدوسري,المدينة,مدى,تم التسليم,1,85,8,25,102,13.3,88.7,26,23.52,1.02,38.16
105249,2026-09-19,سموذ,بندر القحطاني,أبها,تمارا,تم التسليم,1,75,0,25,100,13.04,86.96,22,24.0,6.5,34.46
105248,2026-09-19,سموذ,رهف الزهراني,المدينة,مدى,تم التسليم,3,285,0,0,285,37.17,247.83,90,23.52,2.85,131.46
105247,2026-09-19,سموذ,محمد العتيبي,الرياض,Apple Pay,تم التسليم,2,160,24,25,161,21.0,140.0,48,16.0,3.22,72.78
105246,2026-09-19,سموذ,راكان الزهراني,أبها,Apple Pay,تم التسليم,2,180,27,25,178,23.22,154.78,56,26.88,3.56,68.34
105245,2026-09-19,سموذ,عبير الحربي,الرياض,الدفع عند الاستلام,تم التسليم,2,195,0,25,220,28.7,191.3,63,13.6,12.0,102.7
105244,2026-09-19,سموذ,تركي الحربي,مكة,فيزا,تم التسليم,2,264,0,0,264,34.43,229.57,84,21.0,6.6,117.97
105243,2026-09-19,سموذ,غادة الشهري,مكة,Apple Pay,تم التسليم,1,145,22,25,148,19.3,128.7,48,17.85,2.96,59.89
105242,2026-09-19,سموذ,عبدالله الرشيدي,جدة,Apple Pay,تم التسليم,4,642,0,0,642,83.74,558.26,208,19.0,12.84,318.42
105241,2026-09-19,سموذ,ياسر السبيعي,الخبر,مدى,تم التسليم,6,739,0,0,739,96.39,642.61,245,19.0,7.39,371.22
105240,2026-09-19,سموذ,سارة الرشيدي,الرياض,مدى,تم التسليم,2,230,0,25,255,33.26,221.74,74,12.48,2.55,132.71
105239,2026-09-19,سموذ,خالد الجهني,القصيم,تمارا,تم التسليم,2,180,0,25,205,26.74,178.26,56,20.4,13.33,88.54
105238,2026-09-19,سموذ,جود الجهني,الدمام,مدى,تم التسليم,3,270,0,0,270,35.22,234.78,85,16.15,2.7,130.93
105237,2026-09-19,سموذ,تركي الرشيدي,الدمام,Apple Pay,تم التسليم,2,290,29,0,261,34.04,226.96,96,16.15,5.22,109.59
105236,2026-09-18,قلوريز,رهف البقمي,جدة,الدفع عند الاستلام,تم التسليم,1,39,0,20,59,7.7,51.3,9,21.28,12.0,9.02
105235,2026-09-18,قلوريز,منيرة السالم,مكة,الدفع عند الاستلام,تم التسليم,1,59,6,20,73,9.52,63.48,14,17.85,12.0,19.63
105234,2026-09-18,قلوريز,شهد القحطاني,مكة,الدفع عند الاستلام,ملغي,2,94,0,20,114,0,0,0,0,0,0
105233,2026-09-18,قلوريز,رهف العتيبي,الرياض,مدى,تم التسليم,3,123,0,20,143,18.65,124.35,28,12.48,1.43,82.44
105232,2026-09-18,قلوريز,تركي الغامدي,الدمام,فيزا,تم التسليم,3,147,0,20,167,21.78,145.22,33,19.0,4.17,89.04
105231,2026-09-18,قلوريز,فهد البقمي,الدمام,مدى,تم التسليم,5,322,0,0,322,42.0,280.0,80,21.28,3.22,175.5
105230,2026-09-18,قلوريز,خالد الرشيدي,جدة,مدى,تم التسليم,1,55,8,20,67,8.74,58.26,13,19.0,0.67,25.59
105229,2026-09-18,قلوريز,دانة المالكي,جدة,مدى,تم التسليم,3,157,0,0,157,20.48,136.52,36,21.28,1.57,77.67
105228,2026-09-18,قلوريز,بندر السبيعي,جدة,مدى,تم التسليم,1,59,0,20,79,10.3,68.7,14,19.0,0.79,34.91
105227,2026-09-18,قلوريز,سلطان السبيعي,مكة,مدى,تم التسليم,1,55,0,20,75,9.78,65.22,13,17.85,0.75,33.62
105226,2026-09-18,قلوريز,سلطان الشمري,الدمام,Apple Pay,تم التسليم,2,98,0,20,118,15.39,102.61,23,14.82,2.36,62.43
105225,2026-09-18,قلوريز,جود البقمي,مكة,Apple Pay,تم التسليم,1,59,12,20,67,8.74,58.26,14,21.0,1.34,21.92
105224,2026-09-18,قلوريز,ياسر العنزي,أبها,مدى,تم التسليم,1,49,0,20,69,9.0,60.0,11,24.0,0.69,24.31
105223,2026-09-18,قلوريز,ماجد الدوسري,الرياض,مدى,تم التسليم,6,296,44,0,252,32.87,219.13,68,13.6,2.52,135.01
105222,2026-09-18,قلوريز,سارة الشهري,الدمام,تمارا,تم التسليم,1,55,8,20,67,8.74,58.26,13,16.15,4.36,24.76
105221,2026-09-18,قلوريز,شهد الجهني,مكة,Apple Pay,تم التسليم,1,35,0,20,55,7.17,47.83,8,23.52,1.1,15.21
105220,2026-09-18,قلوريز,عبير العنزي,القصيم,مدى,تم التسليم,1,39,0,20,59,7.7,51.3,9,20.4,0.59,21.31
105219,2026-09-18,قلوريز,رهف السبيعي,الرياض,Apple Pay,تم التسليم,2,169,0,0,169,22.04,146.96,45,16.0,3.38,82.58
105218,2026-09-18,قلوريز,بندر المطيري,الرياض,مدى,تم التسليم,2,110,0,20,130,16.96,113.04,26,13.6,1.3,72.14
105217,2026-09-18,قلوريز,سارة الشهري,مكة,الدفع عند الاستلام,تم التسليم,1,59,0,20,79,10.3,68.7,14,21.0,12.0,21.7
105216,2026-09-18,قلوريز,أمل الدوسري,مكة,مدى,تم التسليم,3,117,0,20,137,17.87,119.13,27,17.85,1.37,72.91
105215,2026-09-18,قلوريز,محمد القحطاني,مكة,مدى,تم التسليم,3,279,0,0,279,36.39,242.61,77,16.38,2.79,146.44
105214,2026-09-18,قلوريز,هند المطيري,المدينة,Apple Pay,تم التسليم,1,35,0,20,55,7.17,47.83,8,21.0,1.1,17.73
105213,2026-09-18,قلوريز,ماجد الشمري,جدة,مدى,تم التسليم,1,35,0,20,55,7.17,47.83,8,21.28,0.55,18.0
105212,2026-09-18,قلوريز,سلطان البقمي,الرياض,Apple Pay,ملغي,4,204,0,0,204,0,0,0,0,0,0
105211,2026-09-18,قلوريز,هند السالم,الرياض,فيزا,تم التسليم,5,474,0,0,474,61.83,412.17,129,13.6,11.85,257.72
105210,2026-09-18,قلوريز,غادة السبيعي,الرياض,فيزا,تم التسليم,2,179,0,0,179,23.35,155.65,48,16.0,4.48,87.18
105209,2026-09-18,قلوريز,دانة العنزي,مكة,Apple Pay,تم التسليم,1,59,0,20,79,10.3,68.7,14,16.38,1.58,36.74
105208,2026-09-18,سموذ,خالد الحربي,الرياض,مدى,تم التسليم,4,385,0,0,385,50.22,334.78,123,12.48,3.85,195.45
105207,2026-09-18,سموذ,نورة الشمري,الرياض,Apple Pay,تم التسليم,2,190,0,25,215,28.04,186.96,60,13.6,4.3,109.06
105206,2026-09-18,سموذ,عبير الجهني,الرياض,تمارا,تم التسليم,3,245,0,25,270,35.22,234.78,74,16.0,17.55,127.23
105205,2026-09-18,سموذ,محمد البقمي,جدة,مدى,تم التسليم,5,675,0,0,675,88.04,586.96,226,14.82,6.75,339.39
105204,2026-09-18,سموذ,لمى الشمري,المدينة,مدى,تم التسليم,3,360,0,0,360,46.96,313.04,123,21.0,3.6,165.44
105203,2026-09-18,سموذ,محمد الرشيدي,جدة,مدى,تم التسليم,1,85,0,25,110,14.35,95.65,26,19.0,1.1,49.55
105202,2026-09-18,سموذ,محمد العتيبي,الرياض,تمارا,تم التسليم,1,145,0,25,170,22.17,147.83,48,16.0,11.05,72.78
105201,2026-09-18,سموذ,بندر السبيعي,أبها,Apple Pay,تم التسليم,1,85,0,25,110,14.35,95.65,26,24.0,2.2,43.45
105200,2026-09-18,سموذ,منيرة الجهني,الرياض,فيزا,تم التسليم,1,95,0,25,120,15.65,104.35,30,12.48,3.0,58.87
105199,2026-09-18,سموذ,نورة العتيبي,الدمام,تمارا,تم التسليم,4,400,0,0,400,52.17,347.83,126,19.0,26.0,176.83
105198,2026-09-18,سموذ,عبير الزهراني,جدة,مدى,تم التسليم,3,359,0,0,359,46.83,312.17,114,16.15,3.59,178.43
105197,2026-09-18,سموذ,لمى العنزي,الرياض,مدى,تم التسليم,1,145,0,25,170,22.17,147.83,48,13.6,1.7,84.53
105196,2026-09-18,سموذ,سلطان الرشيدي,الرياض,مدى,تم التسليم,1,145,14,25,156,20.35,135.65,48,17.92,1.56,68.17
105195,2026-09-18,سموذ,سارة الرشيدي,الرياض,فيزا,تم التسليم,3,360,0,0,360,46.96,313.04,119,16.0,9.0,169.04
105194,2026-09-18,سموذ,نايف الشمري,جدة,فيزا,تم التسليم,4,598,0,0,598,78.0,520.0,194,19.0,14.95,292.05
105193,2026-09-18,سموذ,عبير القحطاني,الرياض,فيزا,تم التسليم,1,145,0,25,170,22.17,147.83,48,16.0,4.25,79.58
105192,2026-09-18,سموذ,خالد البقمي,الرياض,تمارا,تم التسليم,4,320,0,0,320,41.74,278.26,96,16.0,20.8,145.46
105191,2026-09-18,سموذ,منيرة الجهني,المدينة,الدفع عند الاستلام,تم التسليم,4,370,56,0,314,40.96,273.04,116,17.85,12.0,127.19
105190,2026-09-18,سموذ,هند الرشيدي,الرياض,تمارا,تم التسليم,1,145,0,25,170,22.17,147.83,48,13.6,11.05,75.18
105189,2026-09-18,سموذ,جود البقمي,الدمام,Apple Pay,تم التسليم,1,120,0,25,145,18.91,126.09,41,19.0,2.9,63.19
105188,2026-09-18,سموذ,لمى الغامدي,الخبر,مدى,تم التسليم,2,240,0,25,265,34.57,230.43,82,19.0,2.65,126.78
105187,2026-09-17,قلوريز,ماجد المالكي,الرياض,مدى,تم التسليم,1,35,4,20,51,6.65,44.35,8,16.0,0.51,19.84
105186,2026-09-17,قلوريز,نايف الدوسري,مكة,فيزا,تم التسليم,2,98,0,20,118,15.39,102.61,22,23.52,2.95,54.14
105185,2026-09-17,قلوريز,عبدالله الجهني,تبوك,Apple Pay,تم التسليم,2,98,0,20,118,15.39,102.61,23,24.0,2.36,53.25
105184,2026-09-17,قلوريز,تركي الغامدي,جدة,Apple Pay,تم التسليم,3,177,0,0,177,23.09,153.91,42,21.28,3.54,87.09
105183,2026-09-17,قلوريز,لمى الحربي,جدة,الدفع عند الاستلام,تم التسليم,3,275,0,0,275,35.87,239.13,76,19.0,12.0,132.13
105182,2026-09-17,قلوريز,جود الشهري,القصيم,مدى,تم التسليم,1,59,0,20,79,10.3,68.7,14,24.0,0.79,29.91
105181,2026-09-17,قلوريز,أمل الشهري,مكة,فيزا,تم التسليم,3,105,0,20,125,16.3,108.7,24,21.0,3.12,60.57
105180,2026-09-17,قلوريز,سلطان الشهري,جدة,تمارا,تم التسليم,1,39,0,20,59,7.7,51.3,9,14.82,3.83,23.65
105179,2026-09-17,قلوريز,راكان المطيري,جدة,Apple Pay,تم التسليم,1,39,6,20,53,6.91,46.09,9,14.82,1.06,21.21
105178,2026-09-17,قلوريز,عبدالله الرشيدي,جدة,الدفع عند الاستلام,تم التسليم,2,78,0,20,98,12.78,85.22,18,21.28,12.0,33.94
105177,2026-09-17,قلوريز,رهف الدوسري,الرياض,تمارا,تم التسليم,2,240,0,0,240,31.3,208.7,68,17.92,15.6,107.18
105176,2026-09-17,قلوريز,عبير الشمري,الرياض,تمارا,تم التسليم,1,39,4,20,55,7.17,47.83,9,17.92,3.58,17.33
105175,2026-09-17,قلوريز,لمى العتيبي,الرياض,فيزا,تم التسليم,2,94,0,20,114,14.87,99.13,22,12.48,2.85,61.8
105174,2026-09-17,قلوريز,رهف المطيري,الرياض,Apple Pay,تم التسليم,2,98,0,20,118,15.39,102.61,22,13.6,2.36,64.65
105173,2026-09-17,قلوريز,راكان المالكي,الرياض,Apple Pay,تم التسليم,1,59,0,20,79,10.3,68.7,14,16.0,1.58,37.12
105172,2026-09-17,قلوريز,منيرة المطيري,الرياض,Apple Pay,تم التسليم,2,70,0,20,90,11.74,78.26,16,16.0,1.8,44.46
105171,2026-09-17,قلوريز,خالد الغامدي,الرياض,مدى,تم التسليم,3,153,0,0,153,19.96,133.04,35,17.92,1.53,78.59
105170,2026-09-17,قلوريز,ريم القحطاني,مكة,مدى,تم التسليم,1,59,0,20,79,10.3,68.7,14,23.52,0.79,30.39
105169,2026-09-17,قلوريز,عبدالله الحربي,جدة,مدى,تم التسليم,4,279,42,0,237,30.91,206.09,71,14.82,2.37,117.9
105168,2026-09-17,قلوريز,نورة الشمري,جدة,مدى,تم التسليم,1,59,0,20,79,10.3,68.7,14,16.15,0.79,37.76
105167,2026-09-17,قلوريز,دانة الرشيدي,القصيم,تمارا,تم التسليم,3,360,0,0,360,46.96,313.04,102,20.4,23.4,167.24
105166,2026-09-17,قلوريز,بندر العنزي,الرياض,Apple Pay,تم التسليم,2,74,0,20,94,12.26,81.74,17,12.48,1.88,50.38
105165,2026-09-17,قلوريز,عبير السالم,الدمام,فيزا,تم التسليم,2,78,0,20,98,12.78,85.22,18,14.82,2.45,49.95
105164,2026-09-17,قلوريز,ريم العنزي,المدينة,Apple Pay,تم التسليم,6,489,0,0,489,63.78,425.22,132,21.0,9.78,262.44
105163,2026-09-17,قلوريز,هند الزهراني,مكة,الدفع عند الاستلام,تم التسليم,2,70,0,20,90,11.74,78.26,16,21.0,12.0,29.26
105162,2026-09-17,قلوريز,شهد الزهراني,جدة,مدى,تم التسليم,1,39,6,20,53,6.91,46.09,9,19.0,0.53,17.56
105161,2026-09-17,قلوريز,محمد الشمري,المدينة,مدى,تم التسليم,4,415,0,0,415,54.13,360.87,115,16.38,4.15,225.34
105160,2026-09-17,قلوريز,نورة العنزي,الدمام,فيزا,تم التسليم,3,198,0,0,198,25.83,172.17,52,14.82,4.95,100.4
105159,2026-09-17,قلوريز,محمد الرشيدي,جدة,تمارا,تم التسليم,1,39,0,20,59,7.7,51.3,9,14.82,3.83,23.65
105158,2026-09-17,سموذ,نايف الجهني,مكة,تمارا,تم التسليم,1,120,0,25,145,18.91,126.09,41,21.0,9.43,54.66
105157,2026-09-17,سموذ,شهد البقمي,الرياض,مدى,تم التسليم,2,150,0,25,175,22.83,152.17,44,12.48,1.75,93.94
105156,2026-09-17,سموذ,فهد الشمري,الخبر,مدى,تم التسليم,2,220,0,25,245,31.96,213.04,70,16.15,2.45,124.44
105155,2026-09-17,سموذ,ياسر السالم,الدمام,Apple Pay,تم التسليم,1,75,0,25,100,13.04,86.96,22,19.0,2.0,43.96
105154,2026-09-17,سموذ,هند الزهراني,الرياض,مدى,تم التسليم,4,618,62,0,556,72.52,483.48,206,16.0,5.56,255.92
105153,2026-09-17,سموذ,سارة المالكي,أبها,فيزا,تم التسليم,1,95,0,25,120,15.65,104.35,30,18.72,3.0,52.63
105152,2026-09-17,سموذ,جود البقمي,القصيم,مدى,ملغي,1,75,0,25,100,0,0,0,0,0,0
105151,2026-09-17,سموذ,خالد العنزي,مكة,فيزا,تم التسليم,4,574,0,0,574,74.87,499.13,192,21.0,14.35,271.78
105150,2026-09-17,سموذ,نايف الشمري,جدة,مدى,تم التسليم,1,85,17,25,93,12.13,80.87,26,21.28,0.93,32.66
105149,2026-09-17,سموذ,سارة الحربي,أبها,تمارا,تم التسليم,3,265,26,25,264,34.43,229.57,82,18.72,17.16,111.69
105148,2026-09-17,سموذ,فهد الشمري,الرياض,Apple Pay,تم التسليم,2,240,0,25,265,34.57,230.43,78,17.92,5.3,129.21
105147,2026-09-17,سموذ,فهد المالكي,مكة,Apple Pay,تم التسليم,3,290,0,0,290,37.83,252.17,93,16.38,5.8,136.99
105146,2026-09-17,سموذ,دانة الزهراني,الرياض,الدفع عند الاستلام,تم التسليم,2,240,0,25,265,34.57,230.43,78,17.92,12.0,122.51
105145,2026-09-17,سموذ,راكان الزهراني,الرياض,مدى,تم التسليم,4,330,0,0,330,43.04,286.96,100,16.0,3.3,167.66
105144,2026-09-17,سموذ,أمل الدوسري,الرياض,فيزا,تم التسليم,2,274,27,25,272,35.48,236.52,88,12.48,6.8,129.24
105143,2026-09-17,سموذ,بندر الشمري,الدمام,فيزا,ملغي,2,378,0,0,378,0,0,0,0,0,0
105142,2026-09-17,سموذ,فهد الغامدي,أبها,مدى,تم التسليم,2,215,0,25,240,31.3,208.7,71,24.0,2.4,111.3
105141,2026-09-17,سموذ,شهد الشهري,مكة,فيزا,تم التسليم,1,145,22,25,148,19.3,128.7,48,17.85,3.7,59.15
105140,2026-09-17,سموذ,دانة الزهراني,مكة,مدى,تم التسليم,1,95,14,25,106,13.83,92.17,30,23.52,1.06,37.59
105139,2026-09-17,سموذ,راكان البقمي,الخبر,مدى,تم التسليم,1,120,0,25,145,18.91,126.09,41,16.15,1.45,67.49
105138,2026-09-17,سموذ,أمل العتيبي,الرياض,مدى,تم التسليم,1,120,0,25,145,18.91,126.09,41,13.6,1.45,70.04
105137,2026-09-16,قلوريز,تركي الرشيدي,الرياض,Apple Pay,تم التسليم,4,188,0,0,188,24.52,163.48,44,13.6,3.76,102.12
105136,2026-09-16,قلوريز,هند الزهراني,الخبر,تمارا,تم التسليم,3,208,0,0,208,27.13,180.87,54,21.28,13.52,92.07
105135,2026-09-16,قلوريز,لمى البقمي,مكة,فيزا,تم التسليم,1,120,0,20,140,18.26,121.74,34,23.52,3.5,60.72
105134,2026-09-16,قلوريز,دانة البقمي,جدة,مدى,تم التسليم,2,155,0,0,155,20.22,134.78,42,19.0,1.55,72.23
105133,2026-09-16,قلوريز,عبير المطيري,الخبر,مدى,تم التسليم,6,262,0,0,262,34.17,227.83,61,21.28,2.62,142.93
105132,2026-09-16,قلوريز,شهد الجهني,الدمام,فيزا,تم التسليم,1,49,5,20,64,8.35,55.65,11,16.15,1.6,26.9
105131,2026-09-16,قلوريز,عبدالله الدوسري,الرياض,تمارا,تم التسليم,2,110,0,20,130,16.96,113.04,26,16.0,8.45,62.59
105130,2026-09-16,قلوريز,دانة الغامدي,مكة,مدى,تم التسليم,1,39,0,20,59,7.7,51.3,9,16.38,0.59,25.33
105129,2026-09-16,قلوريز,غادة العنزي,مكة,مدى,تم التسليم,3,127,0,20,147,19.17,127.83,29,21.0,1.47,76.36
105128,2026-09-16,قلوريز,رهف الرشيدي,مكة,تمارا,تم التسليم,1,55,0,20,75,9.78,65.22,13,23.52,4.88,23.82
105127,2026-09-16,قلوريز,تركي البقمي,الدمام,مدى,تم التسليم,1,35,7,20,48,6.26,41.74,8,16.15,0.48,17.11
105126,2026-09-16,قلوريز,ريم الرشيدي,تبوك,Apple Pay,تم التسليم,1,39,6,20,53,6.91,46.09,9,24.0,1.06,12.03
105125,2026-09-16,قلوريز,عبدالله الدوسري,القصيم,تمارا,تم التسليم,1,35,0,20,55,7.17,47.83,8,26.88,3.58,9.37
105124,2026-09-16,قلوريز,عبير المالكي,الرياض,مدى,تم التسليم,2,78,0,20,98,12.78,85.22,18,16.0,0.98,50.24
105123,2026-09-16,قلوريز,غادة الدوسري,جدة,مدى,تم التسليم,1,39,4,20,55,7.17,47.83,9,19.0,0.55,19.28
105122,2026-09-16,قلوريز,دانة القحطاني,الرياض,Apple Pay,تم التسليم,3,143,0,20,163,21.26,141.74,33,13.6,3.26,91.88
105121,2026-09-16,سموذ,أمل الشمري,جدة,مدى,تم التسليم,3,255,0,0,255,33.26,221.74,78,21.28,2.55,119.91
105120,2026-09-16,سموذ,نورة السالم,جدة,Apple Pay,تم التسليم,4,390,58,0,332,43.3,288.7,126,21.28,6.64,134.78
105119,2026-09-16,سموذ,سارة المالكي,المدينة,Apple Pay,تم التسليم,1,95,14,25,106,13.83,92.17,30,23.52,2.12,36.53
105118,2026-09-16,سموذ,راكان الجهني,مكة,تمارا,تم التسليم,4,485,0,0,485,63.26,421.74,159,17.85,31.53,213.36
105117,2026-09-16,سموذ,ماجد الرشيدي,جدة,مدى,تم التسليم,1,95,0,25,120,15.65,104.35,30,16.15,1.2,57.0
105116,2026-09-16,سموذ,محمد الغامدي,جدة,مدى,تم التسليم,1,95,10,25,110,14.35,95.65,30,21.28,1.1,43.27
105115,2026-09-16,سموذ,أمل العنزي,الرياض,مدى,تم التسليم,2,215,32,25,208,27.13,180.87,71,13.6,2.08,94.19
105114,2026-09-16,سموذ,ماجد المالكي,تبوك,Apple Pay,تم التسليم,3,463,0,0,463,60.39,402.61,150,24.0,9.26,219.35
105113,2026-09-16,سموذ,جود المطيري,الخبر,Apple Pay,تم التسليم,3,379,0,0,379,49.43,329.57,122,16.15,7.58,183.84
105112,2026-09-16,سموذ,نايف الجهني,الرياض,مدى,ملغي,2,240,0,25,265,0,0,0,0,0,0
105111,2026-09-16,سموذ,رهف البقمي,جدة,مدى,تم التسليم,4,618,0,0,618,80.61,537.39,202,14.82,6.18,314.39
105110,2026-09-16,سموذ,منيرة السالم,الرياض,فيزا,تم التسليم,3,463,0,0,463,60.39,402.61,150,13.6,11.58,227.43
105109,2026-09-16,سموذ,ماجد الحربي,أبها,مدى,تم التسليم,2,190,0,25,215,28.04,186.96,60,18.72,2.15,106.09
105108,2026-09-16,سموذ,دانة المطيري,مكة,Apple Pay,تم التسليم,2,215,0,25,240,31.3,208.7,71,17.85,4.8,115.05
105107,2026-09-16,سموذ,راكان الرشيدي,الرياض,مدى,تم التسليم,2,265,0,0,265,34.57,230.43,89,12.48,2.65,126.3
105106,2026-09-16,سموذ,لمى العتيبي,الخبر,الدفع عند الاستلام,تم التسليم,4,400,60,0,340,44.35,295.65,126,21.28,12.0,136.37
105105,2026-09-16,سموذ,ماجد السالم,الدمام,الدفع عند الاستلام,تم التسليم,3,315,0,0,315,41.09,273.91,104,19.0,12.0,138.91
105104,2026-09-16,سموذ,منيرة المطيري,جدة,مدى,تم التسليم,5,455,0,0,455,59.35,395.65,142,19.0,4.55,230.1
105103,2026-09-15,قلوريز,فهد البقمي,الرياض,فيزا,تم التسليم,2,88,0,20,108,14.09,93.91,20,16.0,2.7,55.21
105102,2026-09-15,قلوريز,خالد العتيبي,مكة,مدى,تم التسليم,3,133,0,20,153,19.96,133.04,31,21.0,1.53,79.51
105101,2026-09-15,قلوريز,رهف الدوسري,الرياض,تمارا,تم التسليم,2,118,0,20,138,18.0,120.0,28,16.0,8.97,67.03
105100,2026-09-15,قلوريز,رهف البقمي,أبها,Apple Pay,تم التسليم,2,114,0,20,134,17.48,116.52,27,26.88,2.68,59.96
105099,2026-09-15,قلوريز,بندر الجهني,الخبر,فيزا,ملغي,1,35,0,20,55,0,0,0,0,0,0
105098,2026-09-15,قلوريز,منيرة المطيري,جدة,مدى,تم التسليم,2,74,0,20,94,12.26,81.74,17,21.28,0.94,42.52
105097,2026-09-15,قلوريز,غادة الشمري,المدينة,مدى,تم التسليم,1,39,0,20,59,7.7,51.3,9,23.52,0.59,18.19
105096,2026-09-15,قلوريز,ياسر الزهراني,أبها,فيزا,تم التسليم,2,78,0,20,98,12.78,85.22,18,24.0,2.45,40.77
105095,2026-09-15,قلوريز,بندر العنزي,الرياض,Apple Pay,تم التسليم,2,175,0,0,175,22.83,152.17,47,12.48,3.5,89.19
105094,2026-09-15,قلوريز,نورة الشهري,جدة,الدفع عند الاستلام,تم التسليم,1,39,0,20,59,7.7,51.3,9,19.0,12.0,11.3
105093,2026-09-15,قلوريز,رهف السالم,جدة,الدفع عند الاستلام,ملغي,1,55,0,20,75,0,0,0,0,0,0
105092,2026-09-15,قلوريز,هند الجهني,جدة,مدى,تم التسليم,2,118,0,20,138,18.0,120.0,28,19.0,1.38,71.62
105091,2026-09-15,قلوريز,بندر الغامدي,المدينة,تمارا,تم التسليم,1,59,0,20,79,10.3,68.7,14,23.52,5.13,26.04
105090,2026-09-15,قلوريز,لمى الشمري,الدمام,تمارا,تم التسليم,1,55,8,20,67,8.74,58.26,13,21.28,4.36,19.63
105089,2026-09-15,قلوريز,محمد الجهني,الرياض,تمارا,تم التسليم,2,70,10,20,80,10.43,69.57,16,13.6,5.2,34.77
105088,2026-09-15,قلوريز,ماجد العتيبي,مكة,Apple Pay,تم التسليم,3,228,0,0,228,29.74,198.26,59,16.38,4.56,118.32
105087,2026-09-15,قلوريز,بندر المطيري,الرياض,مدى,تم التسليم,3,289,0,0,289,37.7,251.3,79,16.0,2.89,153.41
105086,2026-09-15,قلوريز,دانة الحربي,الرياض,مدى,تم التسليم,2,74,0,20,94,12.26,81.74,17,17.92,0.94,45.88
105085,2026-09-15,قلوريز,ماجد الحربي,المدينة,Apple Pay,تم التسليم,4,232,0,0,232,30.26,201.74,55,21.0,4.64,121.1
105084,2026-09-15,سموذ,ياسر العنزي,جدة,الدفع عند الاستلام,تم التسليم,1,189,0,25,214,27.91,186.09,62,16.15,12.0,95.94
105083,2026-09-15,سموذ,أمل الغامدي,تبوك,فيزا,تم التسليم,3,315,0,0,315,41.09,273.91,100,24.0,7.88,142.04
105082,2026-09-15,سموذ,تركي الشمري,مكة,الدفع عند الاستلام,تم التسليم,3,339,0,0,339,44.22,294.78,106,23.52,12.0,153.26
105081,2026-09-15,سموذ,رهف الشمري,جدة,مدى,تم التسليم,6,480,0,0,480,62.61,417.39,144,16.15,4.8,252.44
105080,2026-09-15,سموذ,شهد الحربي,الرياض,مدى,تم التسليم,2,230,0,25,255,33.26,221.74,74,17.92,2.55,127.27
105079,2026-09-15,سموذ,فهد العنزي,الرياض,Apple Pay,تم التسليم,1,189,0,25,214,27.91,186.09,62,16.0,4.28,103.81
105078,2026-09-15,سموذ,نايف المالكي,الرياض,مدى,تم التسليم,1,75,8,25,92,12.0,80.0,22,16.0,0.92,41.08
105077,2026-09-15,سموذ,هند السبيعي,جدة,فيزا,تم التسليم,1,75,0,25,100,13.04,86.96,22,14.82,2.5,47.64
105076,2026-09-15,سموذ,فهد البقمي,المدينة,الدفع عند الاستلام,تم التسليم,1,75,0,25,100,13.04,86.96,22,21.0,12.0,31.96
105075,2026-09-15,سموذ,تركي البقمي,الرياض,الدفع عند الاستلام,تم التسليم,2,205,0,25,230,30.0,200.0,67,12.48,12.0,108.52
105074,2026-09-15,سموذ,أمل الدوسري,المدينة,Apple Pay,تم التسليم,2,150,15,25,160,20.87,139.13,44,21.0,3.2,70.93
105073,2026-09-15,سموذ,سلطان البقمي,الرياض,مدى,تم التسليم,1,145,0,25,170,22.17,147.83,48,16.0,1.7,82.13
105072,2026-09-15,سموذ,ريم الدوسري,مكة,مدى,تم التسليم,2,290,0,0,290,37.83,252.17,96,17.85,2.9,135.42
105071,2026-09-15,سموذ,ياسر الدوسري,مكة,Apple Pay,تم التسليم,2,290,0,0,290,37.83,252.17,96,21.0,5.8,129.37
105070,2026-09-14,قلوريز,راكان العتيبي,المدينة,Apple Pay,تم التسليم,1,59,0,20,79,10.3,68.7,14,23.52,1.58,29.6
105069,2026-09-14,قلوريز,هند الجهني,جدة,Apple Pay,تم التسليم,2,159,0,0,159,20.74,138.26,43,14.82,3.18,77.26
105068,2026-09-14,قلوريز,سلطان المالكي,مكة,مدى,تم التسليم,1,120,12,20,128,16.7,111.3,34,16.38,1.28,59.64
105067,2026-09-14,قلوريز,منيرة الشهري,مكة,Apple Pay,تم التسليم,1,55,0,20,75,9.78,65.22,13,21.0,1.5,29.72
105066,2026-09-14,قلوريز,تركي الشمري,الرياض,مدى,تم التسليم,1,35,0,20,55,7.17,47.83,8,13.6,0.55,25.68
105065,2026-09-14,قلوريز,فهد الحربي,الخبر,الدفع عند الاستلام,تم التسليم,1,39,0,20,59,7.7,51.3,9,19.0,12.0,11.3
105064,2026-09-14,قلوريز,خالد القحطاني,الرياض,فيزا,تم التسليم,3,279,0,0,279,36.39,242.61,77,12.48,6.98,146.15
105063,2026-09-14,قلوريز,نورة البقمي,الرياض,تمارا,تم التسليم,2,104,0,20,124,16.17,107.83,24,12.48,8.06,63.29
105062,2026-09-14,قلوريز,عبدالله الدوسري,الرياض,مدى,تم التسليم,3,210,0,0,210,27.39,182.61,55,13.6,2.1,111.91
105061,2026-09-14,قلوريز,محمد الدوسري,الرياض,مدى,تم التسليم,1,49,0,20,69,9.0,60.0,11,17.92,0.69,30.39
105060,2026-09-14,قلوريز,نورة الشهري,الرياض,Apple Pay,تم التسليم,5,261,0,0,261,34.04,226.96,61,12.48,5.22,148.26
105059,2026-09-14,قلوريز,محمد الرشيدي,مكة,Apple Pay,تم التسليم,1,59,0,20,79,10.3,68.7,14,17.85,1.58,35.27
105058,2026-09-14,قلوريز,شهد الشهري,مكة,Apple Pay,تم التسليم,2,240,0,0,240,31.3,208.7,68,21.0,4.8,114.9
105057,2026-09-14,قلوريز,خالد العنزي,جدة,مدى,تم التسليم,3,234,23,0,211,27.52,183.48,61,16.15,2.11,104.22
105056,2026-09-14,قلوريز,خالد الشمري,الخبر,Apple Pay,تم التسليم,3,218,0,0,218,28.43,189.57,57,16.15,4.36,112.06
105055,2026-09-14,قلوريز,نايف الحربي,الرياض,الدفع عند الاستلام,تم التسليم,2,104,16,20,108,14.09,93.91,24,13.6,12.0,44.31
105054,2026-09-14,قلوريز,أمل الشهري,جدة,الدفع عند الاستلام,تم التسليم,3,299,0,0,299,39.0,260.0,82,21.28,12.0,144.72
105053,2026-09-14,قلوريز,نايف الدوسري,المدينة,الدفع عند الاستلام,تم التسليم,1,120,18,20,122,15.91,106.09,34,21.0,12.0,39.09
105052,2026-09-14,قلوريز,تركي المطيري,تبوك,Apple Pay,تم التسليم,1,55,0,20,75,9.78,65.22,13,24.0,1.5,26.72
105051,2026-09-14,قلوريز,منيرة البقمي,الرياض,Apple Pay,تم التسليم,4,176,0,0,176,22.96,153.04,40,13.6,3.52,95.92
105050,2026-09-14,قلوريز,ماجد الدوسري,الخبر,الدفع عند الاستلام,تم التسليم,1,49,0,20,69,9.0,60.0,11,19.0,12.0,18.0
105049,2026-09-14,قلوريز,رهف العتيبي,الرياض,Apple Pay,تم التسليم,3,153,0,0,153,19.96,133.04,35,16.0,3.06,78.98
105048,2026-09-14,سموذ,سارة القحطاني,الخبر,تمارا,تم التسليم,2,378,0,0,378,49.3,328.7,124,16.15,24.57,163.98
105047,2026-09-14,سموذ,راكان السالم,الرياض,مدى,تم التسليم,3,295,0,0,295,38.48,256.52,92,17.92,2.95,143.65
105046,2026-09-14,سموذ,لمى الزهراني,تبوك,Apple Pay,تم التسليم,1,120,0,25,145,18.91,126.09,41,20.4,2.9,61.79
105045,2026-09-14,سموذ,تركي الجهني,الرياض,مدى,تم التسليم,4,583,0,0,583,76.04,506.96,191,17.92,5.83,292.21
105044,2026-09-14,سموذ,نورة العتيبي,مكة,Apple Pay,تم التسليم,5,395,0,0,395,51.52,343.48,118,16.38,7.9,201.2
105043,2026-09-14,سموذ,ريم الشمري,جدة,مدى,تم التسليم,2,205,20,25,210,27.39,182.61,67,16.15,2.1,97.36
105042,2026-09-14,سموذ,نورة المالكي,الرياض,تمارا,تم التسليم,1,85,8,25,102,13.3,88.7,26,17.92,6.63,38.15
105041,2026-09-14,سموذ,جود السالم,الدمام,مدى,تم التسليم,4,554,0,0,554,72.26,481.74,180,16.15,5.54,280.05
105040,2026-09-14,سموذ,عبدالله القحطاني,الرياض,مدى,تم التسليم,1,120,0,25,145,18.91,126.09,41,13.6,1.45,70.04
105039,2026-09-14,سموذ,تركي المطيري,الرياض,الدفع عند الاستلام,تم التسليم,2,309,31,0,278,36.26,241.74,103,12.48,12.0,114.26
105038,2026-09-14,سموذ,خالد الشهري,الرياض,Apple Pay,تم التسليم,2,240,0,25,265,34.57,230.43,82,16.0,5.3,127.13
105037,2026-09-14,سموذ,أمل الغامدي,الدمام,مدى,تم التسليم,3,285,0,0,285,37.17,247.83,90,19.0,2.85,135.98
105036,2026-09-14,سموذ,ماجد الشهري,الرياض,الدفع عند الاستلام,تم التسليم,3,265,0,0,265,34.57,230.43,82,16.0,12.0,120.43
105035,2026-09-14,سموذ,ريم القحطاني,الرياض,Apple Pay,تم التسليم,1,85,0,25,110,14.35,95.65,26,16.0,2.2,51.45
105034,2026-09-14,سموذ,تركي الرشيدي,الدمام,تمارا,تم التسليم,2,274,0,0,274,35.74,238.26,88,16.15,17.81,116.3
105033,2026-09-14,سموذ,ريم الرشيدي,الرياض,مدى,تم التسليم,2,150,0,25,175,22.83,152.17,44,17.92,1.75,88.5
105032,2026-09-13,قلوريز,ماجد الجهني,الرياض,فيزا,تم التسليم,3,147,29,20,138,18.0,120.0,33,16.0,3.45,67.55
105031,2026-09-13,قلوريز,ياسر العتيبي,جدة,مدى,تم التسليم,1,35,4,20,51,6.65,44.35,8,19.0,0.51,16.84
105030,2026-09-13,قلوريز,تركي السالم,الدمام,تمارا,تم التسليم,4,269,0,0,269,35.09,233.91,69,21.28,17.48,126.15
105029,2026-09-13,قلوريز,عبير الغامدي,الخبر,فيزا,تم التسليم,1,55,0,20,75,9.78,65.22,13,16.15,1.88,34.19
105028,2026-09-13,قلوريز,عبدالله الزهراني,الدمام,مدى,تم التسليم,1,39,8,20,51,6.65,44.35,9,21.28,0.51,13.56
105027,2026-09-13,قلوريز,لمى المالكي,الرياض,تمارا,تم التسليم,4,202,0,0,202,26.35,175.65,47,13.6,13.13,101.92
105026,2026-09-13,قلوريز,محمد الزهراني,الرياض,تمارا,تم التسليم,1,55,0,20,75,9.78,65.22,13,13.6,4.88,33.74
105025,2026-09-13,قلوريز,سلطان المالكي,الرياض,فيزا,تم التسليم,4,318,0,0,318,41.48,276.52,86,17.92,7.95,164.65
105024,2026-09-13,قلوريز,رهف الغامدي,تبوك,فيزا,تم التسليم,5,345,0,0,345,45.0,300.0,92,24.0,8.62,175.38
105023,2026-09-13,قلوريز,محمد المطيري,جدة,Apple Pay,تم التسليم,1,120,0,20,140,18.26,121.74,34,16.15,2.8,68.79
105022,2026-09-13,قلوريز,جود الزهراني,الخبر,الدفع عند الاستلام,تم التسليم,1,59,0,20,79,10.3,68.7,14,19.0,12.0,23.7
105021,2026-09-13,قلوريز,غادة الشهري,مكة,الدفع عند الاستلام,تم التسليم,2,90,9,20,101,13.17,87.83,21,16.38,12.0,38.45
105020,2026-09-13,قلوريز,محمد العنزي,الرياض,فيزا,تم التسليم,1,120,0,20,140,18.26,121.74,34,12.48,3.5,71.76
105019,2026-09-13,قلوريز,غادة الشهري,الرياض,Apple Pay,تم التسليم,3,147,15,20,152,19.83,132.17,33,16.0,3.04,80.13
105018,2026-09-13,قلوريز,سارة العنزي,الدمام,تمارا,تم التسليم,3,198,20,0,178,23.22,154.78,52,19.0,11.57,72.21
105017,2026-09-13,قلوريز,ياسر البقمي,أبها,تمارا,تم التسليم,1,59,0,20,79,10.3,68.7,14,18.72,5.13,30.84
105016,2026-09-13,قلوريز,بندر البقمي,الرياض,مدى,تم التسليم,4,338,34,0,304,39.65,264.35,90,16.0,3.04,155.31
105015,2026-09-13,قلوريز,منيرة الحربي,الخبر,Apple Pay,ملغي,1,55,0,20,75,0,0,0,0,0,0
105014,2026-09-13,قلوريز,ريم القحطاني,تبوك,تمارا,تم التسليم,3,149,15,20,154,20.09,133.91,35,24.0,10.01,64.9
105013,2026-09-13,قلوريز,عبير السبيعي,جدة,تمارا,تم التسليم,3,133,27,20,126,16.43,109.57,30,19.0,8.19,52.38
105012,2026-09-13,قلوريز,شهد البقمي,القصيم,Apple Pay,تم التسليم,4,289,43,0,246,32.09,213.91,74,24.0,4.92,110.99
105011,2026-09-13,قلوريز,فهد الجهني,المدينة,مدى,تم التسليم,1,39,0,20,59,7.7,51.3,9,16.38,0.59,25.33
105010,2026-09-13,سموذ,تركي الحربي,جدة,مدى,ملغي,2,290,0,0,290,0,0,0,0,0,0
105009,2026-09-13,سموذ,راكان الرشيدي,تبوك,تمارا,تم التسليم,3,225,0,25,250,32.61,217.39,66,18.72,16.25,116.42
105008,2026-09-13,سموذ,رهف الرشيدي,القصيم,تمارا,تم التسليم,3,435,65,0,370,48.26,321.74,144,26.88,24.05,126.81
105007,2026-09-13,سموذ,ريم الجهني,مكة,Apple Pay,تم التسليم,1,189,0,25,214,27.91,186.09,62,17.85,4.28,101.96
105006,2026-09-13,سموذ,تركي السالم,الرياض,تمارا,تم التسليم,4,450,0,0,450,58.7,391.3,144,16.0,29.25,202.05
105005,2026-09-13,سموذ,ريم الحربي,الخبر,مدى,تم التسليم,1,75,8,25,92,12.0,80.0,22,19.0,0.92,38.08
105004,2026-09-13,سموذ,هند الدوسري,الرياض,فيزا,تم التسليم,2,240,36,25,229,29.87,199.13,82,17.92,5.73,93.49
105003,2026-09-13,سموذ,عبدالله الشهري,الرياض,تمارا,تم التسليم,1,189,0,25,214,27.91,186.09,62,16.0,13.91,94.18
105002,2026-09-13,سموذ,سارة الغامدي,أبها,تمارا,تم التسليم,1,189,0,25,214,27.91,186.09,62,20.4,13.91,89.78
105001,2026-09-13,سموذ,جود الشهري,الرياض,مدى,تم التسليم,2,190,0,25,215,28.04,186.96,60,17.92,2.15,106.89
105000,2026-09-13,سموذ,أمل البقمي,الرياض,مدى,تم التسليم,3,375,0,0,375,48.91,326.09,122,13.6,3.75,186.74
104999,2026-09-13,سموذ,فهد البقمي,تبوك,Apple Pay,تم التسليم,2,378,0,0,378,49.3,328.7,124,20.4,7.56,176.74
104998,2026-09-13,سموذ,سلطان القحطاني,الرياض,مدى,تم التسليم,2,290,0,0,290,37.83,252.17,96,12.48,2.9,140.79
104997,2026-09-13,سموذ,نورة الجهني,الرياض,مدى,تم التسليم,3,379,0,0,379,49.43,329.57,122,13.6,3.79,190.18
104996,2026-09-13,سموذ,نورة المالكي,جدة,مدى,تم التسليم,3,365,0,0,365,47.61,317.39,118,16.15,3.65,179.59
104995,2026-09-13,سموذ,ريم الحربي,الرياض,فيزا,تم التسليم,1,120,0,25,145,18.91,126.09,41,13.6,3.62,67.86
104994,2026-09-13,سموذ,عبدالله القحطاني,القصيم,مدى,تم التسليم,2,170,0,25,195,25.43,169.57,52,18.72,1.95,96.9
104993,2026-09-12,قلوريز,تركي المالكي,جدة,فيزا,تم التسليم,2,98,0,20,118,15.39,102.61,22,16.15,2.95,61.51
104992,2026-09-12,قلوريز,رهف السالم,الرياض,الدفع عند الاستلام,تم التسليم,2,94,0,20,114,14.87,99.13,22,13.6,12.0,51.53
104991,2026-09-12,قلوريز,راكان الدوسري,جدة,Apple Pay,تم التسليم,2,98,20,20,98,12.78,85.22,22,21.28,1.96,39.98
104990,2026-09-12,قلوريز,أمل القحطاني,الرياض,Apple Pay,تم التسليم,2,70,0,20,90,11.74,78.26,16,17.92,1.8,42.54
104989,2026-09-12,قلوريز,عبدالله الرشيدي,الدمام,Apple Pay,تم التسليم,2,110,16,20,114,14.87,99.13,26,14.82,2.28,56.03
104988,2026-09-12,قلوريز,سارة الشمري,جدة,Apple Pay,تم التسليم,3,360,0,0,360,46.96,313.04,102,21.28,7.2,182.56
104987,2026-09-12,قلوريز,رهف السالم,جدة,تمارا,تم التسليم,5,211,42,0,169,22.04,146.96,48,14.82,10.99,73.15
104986,2026-09-12,قلوريز,نايف البقمي,مكة,فيزا,تم التسليم,3,145,22,20,143,18.65,124.35,34,17.85,3.58,68.92
104985,2026-09-12,قلوريز,نورة الغامدي,الرياض,مدى,تم التسليم,3,360,0,0,360,46.96,313.04,102,13.6,3.6,193.84
104984,2026-09-12,قلوريز,غادة المالكي,القصيم,مدى,تم التسليم,2,104,16,20,108,14.09,93.91,24,24.0,1.08,44.83
104983,2026-09-12,قلوريز,ياسر الشهري,المدينة,Apple Pay,تم التسليم,1,59,0,20,79,10.3,68.7,14,21.0,1.58,32.12
104982,2026-09-12,قلوريز,ياسر العنزي,مكة,تمارا,تم التسليم,1,49,0,20,69,9.0,60.0,11,21.0,4.49,23.52
104981,2026-09-12,قلوريز,لمى الرشيدي,جدة,مدى,تم التسليم,2,240,0,0,240,31.3,208.7,68,19.0,2.4,119.3
104980,2026-09-12,قلوريز,عبدالله المطيري,جدة,Apple Pay,تم التسليم,1,120,0,20,140,18.26,121.74,34,21.28,2.8,63.66
104979,2026-09-12,قلوريز,ماجد العنزي,الدمام,Apple Pay,تم التسليم,2,90,0,20,110,14.35,95.65,21,14.82,2.2,57.63
104978,2026-09-12,قلوريز,أمل الدوسري,جدة,مدى,تم التسليم,1,35,7,20,48,6.26,41.74,8,21.28,0.48,11.98
104977,2026-09-12,سموذ,تركي الحربي,جدة,مدى,تم التسليم,1,85,0,25,110,14.35,95.65,26,21.28,1.1,47.27
104976,2026-09-12,سموذ,بندر العنزي,المدينة,مدى,تم التسليم,4,385,0,0,385,50.22,334.78,123,16.38,3.85,191.55
104975,2026-09-12,سموذ,رهف الدوسري,القصيم,مدى,تم التسليم,1,120,0,25,145,18.91,126.09,41,20.4,1.45,63.24
104974,2026-09-12,سموذ,أمل الدوسري,الدمام,الدفع عند الاستلام,ملغي,1,189,0,25,214,0,0,0,0,0,0
104973,2026-09-12,سموذ,أمل المطيري,الدمام,مدى,تم التسليم,1,189,0,25,214,27.91,186.09,62,21.28,2.14,100.67
104972,2026-09-12,سموذ,بندر الزهراني,الرياض,الدفع عند الاستلام,تم التسليم,3,300,0,0,300,39.13,260.87,97,16.0,12.0,135.87
104971,2026-09-12,سموذ,عبدالله الزهراني,الرياض,الدفع عند الاستلام,تم التسليم,4,510,0,0,510,66.52,443.48,166,16.0,12.0,249.48
104970,2026-09-12,سموذ,عبدالله العتيبي,الرياض,مدى,تم التسليم,2,170,0,25,195,25.43,169.57,52,13.6,1.95,102.02
104969,2026-09-12,سموذ,هند المطيري,الرياض,مدى,تم التسليم,3,360,0,0,360,46.96,313.04,123,16.0,3.6,170.44
104968,2026-09-12,سموذ,عبير الحربي,الخبر,مدى,تم التسليم,1,189,0,25,214,27.91,186.09,62,19.0,2.14,102.95
104967,2026-09-12,سموذ,فهد المطيري,جدة,Apple Pay,تم التسليم,2,290,0,0,290,37.83,252.17,96,19.0,5.8,131.37
104966,2026-09-12,سموذ,دانة المطيري,جدة,مدى,تم التسليم,2,170,0,25,195,25.43,169.57,52,14.82,1.95,100.8
104965,2026-09-12,سموذ,هند الرشيدي,جدة,تمارا,تم التسليم,1,75,0,25,100,13.04,86.96,22,16.15,6.5,42.31
104964,2026-09-12,سموذ,نورة الشمري,الرياض,مدى,تم التسليم,1,189,38,25,176,22.96,153.04,62,13.6,1.76,75.68
104963,2026-09-12,سموذ,ياسر الغامدي,الرياض,مدى,تم التسليم,3,300,30,0,270,35.22,234.78,97,17.92,2.7,117.16
104962,2026-09-12,سموذ,نايف الرشيدي,الرياض,مدى,تم التسليم,4,485,97,0,388,50.61,337.39,159,16.0,3.88,158.51
104961,2026-09-12,سموذ,شهد المالكي,الرياض,Apple Pay,تم التسليم,2,170,0,25,195,25.43,169.57,52,12.48,3.9,101.19
104960,2026-09-11,قلوريز,لمى القحطاني,الخبر,فيزا,ملغي,4,182,0,0,182,0,0,0,0,0,0
104959,2026-09-11,قلوريز,فهد العتيبي,مكة,مدى,تم التسليم,1,55,0,20,75,9.78,65.22,13,21.0,0.75,30.47
104958,2026-09-11,قلوريز,سلطان الشهري,القصيم,مدى,تم التسليم,2,118,0,20,138,18.0,120.0,28,20.4,1.38,70.22
104957,2026-09-11,قلوريز,هند الحربي,الرياض,Apple Pay,تم التسليم,2,155,0,0,155,20.22,134.78,42,12.48,3.1,77.2
104956,2026-09-11,قلوريز,محمد السالم,الرياض,الدفع عند الاستلام,ملغي,2,74,11,20,83,0,0,0,0,0,0
104955,2026-09-11,قلوريز,خالد البقمي,الدمام,فيزا,تم التسليم,3,137,0,20,157,20.48,136.52,31,19.0,3.93,82.6
104954,2026-09-11,قلوريز,نورة السالم,الرياض,فيزا,تم التسليم,1,35,0,20,55,7.17,47.83,8,12.48,1.38,25.97
104953,2026-09-11,قلوريز,فهد القحطاني,جدة,مدى,تم التسليم,2,84,0,20,104,13.57,90.43,19,16.15,1.04,54.24
104952,2026-09-11,قلوريز,بندر المالكي,جدة,الدفع عند الاستلام,تم التسليم,1,49,0,20,69,9.0,60.0,11,19.0,12.0,18.0
104951,2026-09-11,قلوريز,رهف الرشيدي,تبوك,تمارا,تم التسليم,3,129,19,20,130,16.96,113.04,30,26.88,8.45,47.71
104950,2026-09-11,قلوريز,عبدالله العنزي,تبوك,فيزا,تم التسليم,2,74,0,20,94,12.26,81.74,17,18.72,2.35,43.67
104949,2026-09-11,قلوريز,تركي السالم,المدينة,مدى,تم التسليم,2,108,0,20,128,16.7,111.3,25,23.52,1.28,61.5
104948,2026-09-11,قلوريز,ماجد المالكي,جدة,مدى,تم التسليم,2,70,0,20,90,11.74,78.26,16,21.28,0.9,40.08
104947,2026-09-11,قلوريز,تركي الدوسري,الرياض,مدى,تم التسليم,1,59,0,20,79,10.3,68.7,14,16.0,0.79,37.91
104946,2026-09-11,قلوريز,رهف الجهني,الرياض,فيزا,تم التسليم,3,295,0,0,295,38.48,256.52,81,16.0,7.38,152.15
104945,2026-09-11,قلوريز,غادة العتيبي,القصيم,مدى,تم التسليم,3,165,0,0,165,21.52,143.48,39,18.72,1.65,84.11
104944,2026-09-11,قلوريز,دانة المطيري,مكة,فيزا,تم التسليم,1,49,0,20,69,9.0,60.0,11,17.85,1.73,29.42
104943,2026-09-11,قلوريز,أمل الجهني,الرياض,فيزا,تم التسليم,2,240,36,0,204,26.61,177.39,68,16.0,5.1,88.29
104942,2026-09-11,قلوريز,تركي الدوسري,جدة,Apple Pay,تم التسليم,1,49,0,20,69,9.0,60.0,11,16.15,1.38,31.47
104941,2026-09-11,قلوريز,هند الجهني,الرياض,Apple Pay,تم التسليم,3,105,0,20,125,16.3,108.7,24,12.48,2.5,69.72
104940,2026-09-11,قلوريز,محمد الشهري,المدينة,فيزا,تم التسليم,2,94,0,20,114,14.87,99.13,22,17.85,2.85,56.43
104939,2026-09-11,قلوريز,نورة السالم,الخبر,مدى,تم التسليم,1,120,0,20,140,18.26,121.74,34,19.0,1.4,67.34
104938,2026-09-11,قلوريز,تركي العتيبي,الرياض,Apple Pay,تم التسليم,1,49,0,20,69,9.0,60.0,11,17.92,1.38,29.7
104937,2026-09-11,قلوريز,محمد المالكي,الرياض,مدى,تم التسليم,2,70,0,20,90,11.74,78.26,16,16.0,0.9,45.36
104936,2026-09-11,قلوريز,هند البقمي,جدة,تمارا,تم التسليم,3,218,0,0,218,28.43,189.57,56,14.82,14.17,104.58
104935,2026-09-11,قلوريز,منيرة الرشيدي,مكة,تمارا,تم التسليم,2,240,36,0,204,26.61,177.39,68,21.0,13.26,75.13
104934,2026-09-11,قلوريز,ماجد المطيري,الرياض,الدفع عند الاستلام,ملغي,3,137,0,20,157,0,0,0,0,0,0
104933,2026-09-11,قلوريز,عبير المالكي,جدة,مدى,تم التسليم,5,239,0,0,239,31.17,207.83,56,14.82,2.39,134.62
104932,2026-09-11,قلوريز,سلطان العتيبي,الرياض,فيزا,تم التسليم,5,273,0,0,273,35.61,237.39,64,16.0,6.83,150.57
104931,2026-09-11,سموذ,ماجد المطيري,جدة,تمارا,تم التسليم,4,480,0,0,480,62.61,417.39,156,19.0,31.2,211.19
104930,2026-09-11,سموذ,راكان العنزي,الخبر,فيزا,تم التسليم,1,189,0,25,214,27.91,186.09,62,19.0,5.35,99.74
104929,2026-09-11,سموذ,شهد الشهري,جدة,فيزا,ملغي,1,75,0,25,100,0,0,0,0,0,0
104928,2026-09-11,سموذ,جود الحربي,الرياض,مدى,تم التسليم,2,150,22,25,153,19.96,133.04,44,17.92,1.53,69.59
104927,2026-09-11,سموذ,هند الدوسري,جدة,Apple Pay,تم التسليم,1,120,0,25,145,18.91,126.09,41,16.15,2.9,66.04
104926,2026-09-11,سموذ,نايف الرشيدي,المدينة,مدى,تم التسليم,1,145,0,25,170,22.17,147.83,48,21.0,1.7,77.13
104925,2026-09-11,سموذ,ماجد الغامدي,أبها,مدى,تم التسليم,1,85,0,25,110,14.35,95.65,26,26.88,1.1,41.67
104924,2026-09-11,سموذ,خالد الرشيدي,جدة,Apple Pay,تم التسليم,2,240,0,25,265,34.57,230.43,82,14.82,5.3,128.31
104923,2026-09-11,سموذ,ماجد القحطاني,أبها,فيزا,تم التسليم,4,395,0,0,395,51.52,343.48,127,18.72,9.88,187.88
104922,2026-09-11,سموذ,غادة العتيبي,تبوك,تمارا,تم التسليم,3,285,0,0,285,37.17,247.83,90,18.72,18.53,120.58
104921,2026-09-11,سموذ,سارة الشمري,جدة,مدى,تم التسليم,3,290,44,25,271,35.35,235.65,93,21.28,2.71,118.66
104920,2026-09-11,سموذ,نايف الحربي,المدينة,مدى,تم التسليم,2,240,0,25,265,34.57,230.43,82,23.52,2.65,122.26
104919,2026-09-11,سموذ,هند السالم,الرياض,تمارا,تم التسليم,3,385,38,0,347,45.26,301.74,126,17.92,22.55,135.26
104918,2026-09-11,سموذ,جود الرشيدي,جدة,تمارا,تم التسليم,2,170,0,25,195,25.43,169.57,52,19.0,12.68,85.89
104917,2026-09-11,سموذ,خالد المالكي,المدينة,مدى,تم التسليم,2,309,0,0,309,40.3,268.7,103,17.85,3.09,144.76
104916,2026-09-11,سموذ,جود البقمي,الرياض,مدى,تم التسليم,3,335,0,0,335,43.7,291.3,108,13.6,3.35,166.35
104915,2026-09-11,سموذ,ماجد السالم,أبها,تمارا,تم التسليم,2,290,0,0,290,37.83,252.17,96,26.88,18.85,110.44
104914,2026-09-11,سموذ,رهف البقمي,جدة,مدى,تم التسليم,1,85,0,25,110,14.35,95.65,26,16.15,1.1,52.4
104913,2026-09-11,سموذ,لمى السبيعي,المدينة,مدى,تم التسليم,1,95,0,25,120,15.65,104.35,30,23.52,1.2,49.63
104912,2026-09-11,سموذ,خالد الجهني,مكة,فيزا,تم التسليم,2,230,23,25,232,30.26,201.74,74,16.38,5.8,105.56
104911,2026-09-10,قلوريز,منيرة العنزي,الرياض,مدى,تم التسليم,1,120,12,20,128,16.7,111.3,34,13.6,1.28,62.42
104910,2026-09-10,قلوريز,خالد الرشيدي,جدة,Apple Pay,تم التسليم,3,147,0,20,167,21.78,145.22,33,16.15,3.34,92.73
104909,2026-09-10,قلوريز,جود الزهراني,تبوك,مدى,تم التسليم,1,39,0,20,59,7.7,51.3,9,20.4,0.59,21.31
104908,2026-09-10,قلوريز,نورة الشمري,الرياض,مدى,تم التسليم,1,59,0,20,79,10.3,68.7,14,12.48,0.79,41.43
104907,2026-09-10,قلوريز,أمل الرشيدي,الرياض,الدفع عند الاستلام,تم التسليم,4,164,0,0,164,21.39,142.61,38,12.48,12.0,80.13
104906,2026-09-10,قلوريز,ماجد البقمي,القصيم,فيزا,تم التسليم,3,105,0,20,125,16.3,108.7,24,20.4,3.12,61.17
104905,2026-09-10,قلوريز,عبدالله الشمري,أبها,مدى,تم التسليم,1,59,0,20,79,10.3,68.7,14,18.72,0.79,35.19
104904,2026-09-10,قلوريز,تركي الجهني,الرياض,فيزا,تم التسليم,1,59,0,20,79,10.3,68.7,14,16.0,1.98,36.72
104903,2026-09-10,قلوريز,خالد الغامدي,الدمام,تمارا,تم التسليم,1,59,0,20,79,10.3,68.7,14,14.82,5.13,34.74
104902,2026-09-10,قلوريز,نايف الحربي,الرياض,فيزا,تم التسليم,5,257,0,0,257,33.52,223.48,59,13.6,6.43,144.45
104901,2026-09-10,قلوريز,شهد الدوسري,الرياض,مدى,تم التسليم,3,169,25,20,164,21.39,142.61,40,17.92,1.64,83.05
104900,2026-09-10,قلوريز,هند الشهري,الدمام,تمارا,تم التسليم,1,35,5,20,50,6.52,43.48,8,16.15,3.25,16.08
104899,2026-09-10,قلوريز,دانة المطيري,مكة,مدى,تم التسليم,4,265,0,0,265,34.57,230.43,68,21.0,2.65,138.78
104898,2026-09-10,قلوريز,شهد الشهري,المدينة,مدى,تم التسليم,2,240,0,0,240,31.3,208.7,68,17.85,2.4,120.45
104897,2026-09-10,قلوريز,فهد السبيعي,الرياض,مدى,تم التسليم,1,49,0,20,69,9.0,60.0,11,13.6,0.69,34.71
104896,2026-09-10,قلوريز,عبدالله السالم,جدة,فيزا,تم التسليم,1,39,0,20,59,7.7,51.3,9,14.82,1.48,26.01
104895,2026-09-10,قلوريز,جود الشمري,الرياض,Apple Pay,ملغي,2,70,0,20,90,0,0,0,0,0,0
104894,2026-09-10,قلوريز,عبدالله العتيبي,الدمام,Apple Pay,تم التسليم,2,84,0,20,104,13.57,90.43,19,16.15,2.08,53.2
104893,2026-09-10,قلوريز,شهد المطيري,الرياض,Apple Pay,تم التسليم,1,120,0,20,140,18.26,121.74,34,13.6,2.8,71.34
104892,2026-09-10,قلوريز,عبير البقمي,جدة,الدفع عند الاستلام,تم التسليم,1,55,6,20,69,9.0,60.0,13,19.0,12.0,16.0
104891,2026-09-10,قلوريز,غادة السبيعي,الدمام,فيزا,تم التسليم,1,35,0,20,55,7.17,47.83,8,16.15,1.38,22.3
104890,2026-09-10,قلوريز,عبير الجهني,مكة,الدفع عند الاستلام,تم التسليم,1,59,0,20,79,10.3,68.7,14,21.0,12.0,21.7
104889,2026-09-10,سموذ,فهد العتيبي,جدة,تمارا,تم التسليم,1,95,0,25,120,15.65,104.35,30,21.28,7.8,45.27
104888,2026-09-10,سموذ,بندر الرشيدي,الرياض,مدى,تم التسليم,3,310,0,0,310,40.43,269.57,101,12.48,3.1,152.99
104887,2026-09-10,سموذ,فهد السالم,جدة,الدفع عند الاستلام,تم التسليم,4,400,0,0,400,52.17,347.83,126,19.0,12.0,190.83
104886,2026-09-10,سموذ,فهد العنزي,الرياض,الدفع عند الاستلام,تم التسليم,2,290,44,25,271,35.35,235.65,96,17.92,12.0,109.73
104885,2026-09-10,سموذ,جود البقمي,جدة,تمارا,تم التسليم,2,334,0,0,334,43.57,290.43,110,19.0,21.71,139.72
104884,2026-09-10,سموذ,خالد الشمري,الرياض,مدى,تم التسليم,1,95,0,25,120,15.65,104.35,30,16.0,1.2,57.15
104883,2026-09-10,سموذ,سارة السالم,المدينة,مدى,تم التسليم,2,378,0,0,378,49.3,328.7,124,16.38,3.78,184.54
104882,2026-09-10,سموذ,عبدالله الحربي,أبها,تمارا,تم التسليم,4,320,0,0,320,41.74,278.26,96,20.4,20.8,141.06
104881,2026-09-10,سموذ,جود الجهني,جدة,تمارا,تم التسليم,3,255,0,0,255,33.26,221.74,78,19.0,16.57,108.16
104880,2026-09-10,سموذ,راكان الزهراني,أبها,Apple Pay,تم التسليم,2,290,0,0,290,37.83,252.17,96,24.0,5.8,126.37
104879,2026-09-10,سموذ,خالد العنزي,جدة,فيزا,تم التسليم,2,205,0,25,230,30.0,200.0,67,19.0,5.75,108.25
104878,2026-09-10,سموذ,جود المالكي,مكة,مدى,تم التسليم,1,145,14,25,156,20.35,135.65,48,23.52,1.56,62.57
104877,2026-09-10,سموذ,رهف الزهراني,جدة,فيزا,تم التسليم,4,530,0,0,530,69.13,460.87,174,19.0,13.25,254.62
104876,2026-09-10,سموذ,جود الغامدي,أبها,فيزا,تم التسليم,1,189,0,25,214,27.91,186.09,62,24.0,5.35,94.74
104875,2026-09-10,سموذ,عبدالله العنزي,جدة,مدى,تم التسليم,1,120,0,25,145,18.91,126.09,41,16.15,1.45,67.49
104874,2026-09-10,سموذ,ماجد الجهني,جدة,مدى,تم التسليم,3,365,0,0,365,47.61,317.39,118,19.0,3.65,176.74
104873,2026-09-10,سموذ,تركي الدوسري,جدة,تمارا,تم التسليم,1,189,19,25,195,25.43,169.57,62,14.82,12.68,80.07
104872,2026-09-10,سموذ,عبدالله الرشيدي,الرياض,مدى,تم التسليم,1,145,0,25,170,22.17,147.83,48,13.6,1.7,84.53
104871,2026-09-10,سموذ,سارة الجهني,الخبر,Apple Pay,تم التسليم,3,295,0,0,295,38.48,256.52,92,19.0,5.9,139.62
104870,2026-09-10,سموذ,بندر الغامدي,الخبر,الدفع عند الاستلام,ملغي,2,190,0,25,215,0,0,0,0,0,0
104869,2026-09-10,سموذ,جود السالم,الدمام,فيزا,تم التسليم,1,120,12,25,133,17.35,115.65,41,21.28,3.33,50.05
104868,2026-09-10,سموذ,شهد البقمي,المدينة,مدى,تم التسليم,1,120,0,25,145,18.91,126.09,41,17.85,1.45,65.79
104867,2026-09-10,سموذ,سارة المطيري,الرياض,الدفع عند الاستلام,تم التسليم,3,295,0,0,295,38.48,256.52,92,17.92,12.0,134.6
104866,2026-09-09,قلوريز,راكان القحطاني,جدة,مدى,تم التسليم,2,74,0,20,94,12.26,81.74,17,21.28,0.94,42.52
104865,2026-09-09,قلوريز,ماجد الشمري,الرياض,فيزا,تم التسليم,1,35,7,20,48,6.26,41.74,8,16.0,1.2,16.54
104864,2026-09-09,قلوريز,ياسر الحربي,الدمام,Apple Pay,تم التسليم,2,240,0,0,240,31.3,208.7,68,16.15,4.8,119.75
104863,2026-09-09,قلوريز,ياسر الغامدي,الدمام,مدى,تم التسليم,1,55,0,20,75,9.78,65.22,13,21.28,0.75,30.19
104862,2026-09-09,قلوريز,شهد الجهني,الرياض,فيزا,تم التسليم,3,230,0,0,230,30.0,200.0,60,13.6,5.75,120.65
104861,2026-09-09,قلوريز,شهد السالم,تبوك,تمارا,تم التسليم,3,228,0,0,228,29.74,198.26,59,26.88,14.82,97.56
104860,2026-09-09,قلوريز,فهد الدوسري,الرياض,مدى,تم التسليم,2,118,0,20,138,18.0,120.0,28,17.92,1.38,72.7
104859,2026-09-09,قلوريز,عبدالله العتيبي,الدمام,الدفع عند الاستلام,تم التسليم,1,35,0,20,55,7.17,47.83,8,16.15,12.0,11.68
104858,2026-09-09,قلوريز,ماجد الشهري,جدة,مدى,تم التسليم,1,55,8,20,67,8.74,58.26,13,19.0,0.67,25.59
104857,2026-09-09,قلوريز,نورة العتيبي,الرياض,مدى,تم التسليم,1,120,0,20,140,18.26,121.74,34,16.0,1.4,70.34
104856,2026-09-09,قلوريز,عبير الدوسري,مكة,الدفع عند الاستلام,تم التسليم,4,176,0,0,176,22.96,153.04,41,21.0,12.0,79.04
104855,2026-09-09,قلوريز,بندر الدوسري,جدة,تمارا,تم التسليم,6,294,44,0,250,32.61,217.39,68,16.15,16.25,116.99
104854,2026-09-09,قلوريز,عبير القحطاني,الرياض,مدى,تم التسليم,1,59,0,20,79,10.3,68.7,14,12.48,0.79,41.43
104853,2026-09-09,قلوريز,لمى الغامدي,جدة,الدفع عند الاستلام,تم التسليم,1,55,0,20,75,9.78,65.22,13,19.0,12.0,21.22
104852,2026-09-09,قلوريز,ماجد الدوسري,جدة,مدى,تم التسليم,2,70,0,20,90,11.74,78.26,16,21.28,0.9,40.08
104851,2026-09-09,قلوريز,لمى المطيري,القصيم,مدى,تم التسليم,3,105,0,20,125,16.3,108.7,24,20.4,1.25,63.05
104850,2026-09-09,قلوريز,جود الدوسري,الرياض,مدى,تم التسليم,2,169,0,0,169,22.04,146.96,45,13.6,1.69,86.67
104849,2026-09-09,قلوريز,شهد السبيعي,أبها,مدى,تم التسليم,2,78,0,20,98,12.78,85.22,18,24.0,0.98,42.24
104848,2026-09-09,قلوريز,رهف المطيري,الدمام,فيزا,تم التسليم,1,120,0,20,140,18.26,121.74,34,16.15,3.5,68.09
104847,2026-09-09,قلوريز,رهف الدوسري,الرياض,فيزا,تم التسليم,1,120,0,20,140,18.26,121.74,34,16.0,3.5,68.24
104846,2026-09-09,قلوريز,عبدالله الدوسري,الرياض,مدى,تم التسليم,2,78,0,20,98,12.78,85.22,18,16.0,0.98,50.24
104845,2026-09-09,سموذ,سارة الشمري,مكة,مدى,تم التسليم,1,85,0,25,110,14.35,95.65,26,23.52,1.1,45.03
104844,2026-09-09,سموذ,جود البقمي,جدة,مدى,تم التسليم,3,285,0,0,285,37.17,247.83,90,21.28,2.85,133.7
104843,2026-09-09,سموذ,خالد الشمري,الرياض,مدى,تم التسليم,4,310,0,0,310,40.43,269.57,92,13.6,3.1,160.87
104842,2026-09-09,سموذ,دانة المطيري,الرياض,Apple Pay,تم التسليم,3,290,0,0,290,37.83,252.17,93,13.6,5.8,139.77
104841,2026-09-09,سموذ,جود الجهني,جدة,فيزا,تم التسليم,1,85,0,25,110,14.35,95.65,26,19.0,2.75,47.9
104840,2026-09-09,سموذ,شهد الغامدي,الرياض,فيزا,تم التسليم,3,340,0,0,340,44.35,295.65,111,13.6,8.5,162.55
104839,2026-09-09,سموذ,محمد الغامدي,الرياض,مدى,تم التسليم,2,284,0,0,284,37.04,246.96,92,16.0,2.84,136.12
104838,2026-09-09,سموذ,ماجد المالكي,الرياض,تمارا,تم التسليم,2,170,26,25,169,22.04,146.96,52,13.6,10.99,70.37
104837,2026-09-09,سموذ,غادة الشمري,المدينة,مدى,تم التسليم,2,150,0,25,175,22.83,152.17,44,23.52,1.75,82.9
104836,2026-09-09,سموذ,دانة الجهني,الدمام,مدى,تم التسليم,1,145,0,25,170,22.17,147.83,48,16.15,1.7,81.98
104835,2026-09-09,سموذ,سلطان الشهري,الخبر,الدفع عند الاستلام,ملغي,1,120,0,25,145,0,0,0,0,0,0
104834,2026-09-09,سموذ,تركي القحطاني,تبوك,مدى,تم التسليم,1,75,0,25,100,13.04,86.96,22,24.0,1.0,39.96
104833,2026-09-09,سموذ,ماجد الدوسري,الخبر,فيزا,تم التسليم,2,150,0,25,175,22.83,152.17,44,21.28,4.38,82.52
104832,2026-09-09,سموذ,نورة القحطاني,الرياض,مدى,تم التسليم,1,85,0,25,110,14.35,95.65,26,13.6,1.1,54.95
104831,2026-09-09,سموذ,تركي الشمري,الرياض,فيزا,تم التسليم,4,618,0,0,618,80.61,537.39,206,12.48,15.45,303.46
104830,2026-09-08,قلوريز,نايف الرشيدي,الدمام,تمارا,تم التسليم,2,74,0,20,94,12.26,81.74,17,16.15,6.11,42.48
104829,2026-09-08,قلوريز,فهد الشمري,مكة,مدى,تم التسليم,1,55,11,20,64,8.35,55.65,13,21.0,0.64,21.01
104828,2026-09-08,قلوريز,راكان السالم,مكة,فيزا,تم التسليم,1,39,0,20,59,7.7,51.3,9,21.0,1.48,19.83
104827,2026-09-08,قلوريز,عبير الدوسري,الرياض,الدفع عند الاستلام,ملغي,1,49,0,20,69,0,0,0,0,0,0
104826,2026-09-08,قلوريز,سلطان الجهني,الدمام,مدى,تم التسليم,1,39,0,20,59,7.7,51.3,9,19.0,0.59,22.71
104825,2026-09-08,قلوريز,لمى البقمي,المدينة,مدى,تم التسليم,2,74,0,20,94,12.26,81.74,17,17.85,0.94,45.95
104824,2026-09-08,قلوريز,فهد البقمي,جدة,فيزا,ملغي,5,225,34,0,191,0,0,0,0,0,0
104823,2026-09-08,قلوريز,عبير الجهني,الرياض,فيزا,تم التسليم,2,70,0,20,90,11.74,78.26,16,16.0,2.25,44.01
104822,2026-09-08,قلوريز,شهد الجهني,الخبر,مدى,تم التسليم,2,70,0,20,90,11.74,78.26,16,14.82,0.9,46.54
104821,2026-09-08,قلوريز,سلطان الشمري,جدة,مدى,تم التسليم,1,35,5,20,50,6.52,43.48,8,16.15,0.5,18.83
104820,2026-09-08,قلوريز,شهد الحربي,المدينة,فيزا,ملغي,1,39,6,20,53,0,0,0,0,0,0
104819,2026-09-08,قلوريز,جود الجهني,الدمام,Apple Pay,تم التسليم,1,55,0,20,75,9.78,65.22,13,21.28,1.5,29.44
104818,2026-09-08,قلوريز,ماجد البقمي,الدمام,مدى,تم التسليم,5,193,0,0,193,25.17,167.83,44,21.28,1.93,100.62
104817,2026-09-08,قلوريز,ياسر السبيعي,الرياض,فيزا,تم التسليم,4,334,0,0,334,43.57,290.43,90,17.92,8.35,174.16
104816,2026-09-08,قلوريز,لمى المطيري,الخبر,مدى,تم التسليم,1,49,0,20,69,9.0,60.0,11,19.0,0.69,29.31
104815,2026-09-08,قلوريز,تركي السبيعي,الرياض,تمارا,تم التسليم,2,159,0,0,159,20.74,138.26,43,12.48,10.34,72.45
104814,2026-09-08,قلوريز,أمل الغامدي,الرياض,Apple Pay,تم التسليم,1,120,0,20,140,18.26,121.74,34,16.0,2.8,68.94
104813,2026-09-08,قلوريز,جود الحربي,الرياض,Apple Pay,تم التسليم,4,182,0,0,182,23.74,158.26,41,17.92,3.64,95.7
104812,2026-09-08,قلوريز,شهد البقمي,الرياض,مدى,تم التسليم,2,240,0,0,240,31.3,208.7,68,16.0,2.4,122.3
104811,2026-09-08,قلوريز,سلطان الدوسري,جدة,تمارا,تم التسليم,2,118,18,20,120,15.65,104.35,28,19.0,7.8,49.55
104810,2026-09-08,قلوريز,ريم المطيري,جدة,مدى,تم التسليم,3,228,0,0,228,29.74,198.26,59,16.15,2.28,120.83
104809,2026-09-08,قلوريز,عبدالله الحربي,جدة,الدفع عند الاستلام,تم التسليم,2,78,0,20,98,12.78,85.22,18,19.0,12.0,36.22
104808,2026-09-08,سموذ,سارة الجهني,الرياض,فيزا,تم التسليم,3,567,57,0,510,66.52,443.48,186,16.0,12.75,228.73
104807,2026-09-08,سموذ,فهد المطيري,الرياض,Apple Pay,تم التسليم,1,75,8,25,92,12.0,80.0,22,17.92,1.84,38.24
104806,2026-09-08,سموذ,تركي المالكي,جدة,Apple Pay,تم التسليم,2,240,0,25,265,34.57,230.43,78,14.82,5.3,132.31
104805,2026-09-08,سموذ,سارة الشمري,الرياض,مدى,تم التسليم,1,75,15,25,85,11.09,73.91,22,17.92,0.85,33.14
104804,2026-09-08,سموذ,عبدالله الدوسري,الرياض,الدفع عند الاستلام,تم التسليم,4,618,0,0,618,80.61,537.39,206,12.48,12.0,306.91
104803,2026-09-08,سموذ,جود المطيري,الرياض,تمارا,تم التسليم,1,145,29,25,141,18.39,122.61,48,16.0,9.17,49.44
104802,2026-09-08,سموذ,بندر العتيبي,الرياض,فيزا,تم التسليم,2,190,0,25,215,28.04,186.96,60,13.6,5.38,107.98
104801,2026-09-08,سموذ,بندر المطيري,المدينة,تمارا,تم التسليم,4,400,0,0,400,52.17,347.83,130,21.0,26.0,170.83
104800,2026-09-08,سموذ,غادة الشمري,مكة,مدى,تم التسليم,3,285,57,25,253,33.0,220.0,90,23.52,2.53,103.95
104799,2026-09-08,سموذ,خالد العنزي,جدة,تمارا,تم التسليم,1,120,12,25,133,17.35,115.65,41,16.15,8.64,49.86
104798,2026-09-08,سموذ,خالد السالم,الدمام,فيزا,تم التسليم,1,95,0,25,120,15.65,104.35,30,16.15,3.0,55.2
104797,2026-09-08,سموذ,سارة الغامدي,مكة,مدى,تم التسليم,3,255,26,25,254,33.13,220.87,78,23.52,2.54,116.81
104796,2026-09-08,سموذ,سارة الشهري,المدينة,Apple Pay,تم التسليم,3,280,0,0,280,36.52,243.48,89,16.38,5.6,132.5
104795,2026-09-07,قلوريز,جود الدوسري,القصيم,مدى,تم التسليم,2,114,0,20,134,17.48,116.52,27,20.4,1.34,67.78
104794,2026-09-07,قلوريز,عبير السالم,جدة,Apple Pay,تم التسليم,1,35,4,20,51,6.65,44.35,8,19.0,1.02,16.33
104793,2026-09-07,قلوريز,تركي الشهري,المدينة,مدى,تم التسليم,2,90,0,20,110,14.35,95.65,21,21.0,1.1,52.55
104792,2026-09-07,قلوريز,شهد الغامدي,جدة,Apple Pay,تم التسليم,4,212,32,0,180,23.48,156.52,49,19.0,3.6,84.92
104791,2026-09-07,قلوريز,سلطان الزهراني,جدة,مدى,تم التسليم,3,177,0,0,177,23.09,153.91,42,19.0,1.77,91.14
104790,2026-09-07,قلوريز,جود الغامدي,المدينة,الدفع عند الاستلام,تم التسليم,1,59,0,20,79,10.3,68.7,14,17.85,12.0,24.85
104789,2026-09-07,قلوريز,لمى الدوسري,الرياض,مدى,تم التسليم,1,59,12,20,67,8.74,58.26,14,17.92,0.67,25.67
104788,2026-09-07,قلوريز,محمد المطيري,جدة,فيزا,تم التسليم,3,177,0,0,177,23.09,153.91,42,21.28,4.42,86.21
104787,2026-09-07,قلوريز,تركي العنزي,الرياض,فيزا,تم التسليم,3,147,0,20,167,21.78,145.22,33,16.0,4.17,92.04
104786,2026-09-07,قلوريز,رهف الحربي,الرياض,Apple Pay,تم التسليم,4,399,0,0,399,52.04,346.96,111,17.92,7.98,210.06
104785,2026-09-07,قلوريز,نايف المطيري,الرياض,تمارا,تم التسليم,3,127,19,20,128,16.7,111.3,29,16.0,8.32,57.98
104784,2026-09-07,قلوريز,ريم الدوسري,القصيم,تمارا,تم التسليم,2,94,0,20,114,14.87,99.13,22,24.0,7.41,45.72
104783,2026-09-07,قلوريز,نورة القحطاني,جدة,Apple Pay,تم التسليم,4,174,35,20,159,20.74,138.26,40,16.15,3.18,78.93
104782,2026-09-07,قلوريز,جود السالم,الرياض,فيزا,تم التسليم,3,238,0,0,238,31.04,206.96,62,16.0,5.95,123.01
104781,2026-09-07,قلوريز,راكان الشمري,أبها,مدى,تم التسليم,1,35,0,20,55,7.17,47.83,8,18.72,0.55,20.56
104780,2026-09-07,قلوريز,أمل العتيبي,جدة,Apple Pay,تم التسليم,2,98,0,20,118,15.39,102.61,22,19.0,2.36,59.25
104779,2026-09-07,سموذ,عبدالله الحربي,المدينة,Apple Pay,تم التسليم,1,95,10,25,110,14.35,95.65,30,16.38,2.2,47.07
104778,2026-09-07,سموذ,دانة الرشيدي,الرياض,مدى,ملغي,4,310,31,0,279,0,0,0,0,0,0
104777,2026-09-07,سموذ,أمل الغامدي,الرياض,فيزا,تم التسليم,1,145,0,25,170,22.17,147.83,48,17.92,4.25,77.66
104776,2026-09-07,سموذ,ماجد البقمي,الرياض,مدى,تم التسليم,1,120,0,25,145,18.91,126.09,41,16.0,1.45,67.64
104775,2026-09-07,سموذ,رهف الحربي,الدمام,الدفع عند الاستلام,تم التسليم,1,95,0,25,120,15.65,104.35,30,21.28,12.0,41.07
104774,2026-09-07,سموذ,ريم المطيري,أبها,تمارا,تم التسليم,5,624,0,0,624,81.39,542.61,207,24.0,40.56,271.05
104773,2026-09-07,سموذ,عبدالله الزهراني,الرياض,Apple Pay,تم التسليم,1,95,10,25,110,14.35,95.65,30,16.0,2.2,47.45
104772,2026-09-07,سموذ,فهد الحربي,الخبر,الدفع عند الاستلام,تم التسليم,1,120,0,25,145,18.91,126.09,41,21.28,12.0,51.81
104771,2026-09-07,سموذ,ماجد القحطاني,الدمام,Apple Pay,تم التسليم,1,145,0,25,170,22.17,147.83,48,21.28,3.4,75.15
104770,2026-09-07,سموذ,تركي البقمي,الرياض,فيزا,تم التسليم,2,150,0,25,175,22.83,152.17,44,12.48,4.38,91.32
104769,2026-09-07,سموذ,نايف الجهني,الرياض,مدى,تم التسليم,1,85,8,25,102,13.3,88.7,26,17.92,1.02,43.76
104768,2026-09-07,سموذ,دانة الغامدي,الخبر,فيزا,تم التسليم,2,190,0,25,215,28.04,186.96,60,21.28,5.38,100.3
104767,2026-09-07,سموذ,نورة البقمي,الدمام,Apple Pay,تم التسليم,2,150,0,25,175,22.83,152.17,44,14.82,3.5,89.85
104766,2026-09-07,سموذ,محمد العتيبي,الرياض,فيزا,تم التسليم,7,1002,0,0,1002,130.7,871.3,331,16.0,25.05,499.25
104765,2026-09-07,سموذ,ريم الدوسري,الدمام,مدى,تم التسليم,2,190,0,25,215,28.04,186.96,60,16.15,2.15,108.66
104764,2026-09-06,قلوريز,راكان المطيري,الدمام,Apple Pay,تم التسليم,3,127,0,20,147,19.17,127.83,29,19.0,2.94,76.89
104763,2026-09-06,قلوريز,رهف الحربي,الدمام,مدى,ملغي,3,143,0,20,163,0,0,0,0,0,0
104762,2026-09-06,قلوريز,بندر الغامدي,الرياض,فيزا,تم التسليم,1,39,0,20,59,7.7,51.3,9,16.0,1.48,24.83
104761,2026-09-06,قلوريز,تركي الدوسري,الرياض,تمارا,تم التسليم,2,70,0,20,90,11.74,78.26,16,17.92,5.85,38.49
104760,2026-09-06,قلوريز,جود السالم,الرياض,تمارا,تم التسليم,1,35,5,20,50,6.52,43.48,8,16.0,3.25,16.23
104759,2026-09-06,قلوريز,ريم الجهني,الدمام,مدى,تم التسليم,1,55,0,20,75,9.78,65.22,13,16.15,0.75,35.32
104758,2026-09-06,قلوريز,جود العتيبي,مكة,Apple Pay,تم التسليم,2,104,0,20,124,16.17,107.83,24,16.38,2.48,64.97
104757,2026-09-06,قلوريز,راكان العتيبي,الرياض,Apple Pay,تم التسليم,4,158,0,0,158,20.61,137.39,36,17.92,3.16,80.31
104756,2026-09-06,قلوريز,منيرة الغامدي,المدينة,مدى,تم التسليم,1,39,0,20,59,7.7,51.3,9,16.38,0.59,25.33
104755,2026-09-06,قلوريز,هند الشمري,مكة,Apple Pay,تم التسليم,1,35,0,20,55,7.17,47.83,8,17.85,1.1,20.88
104754,2026-09-06,قلوريز,منيرة العنزي,تبوك,مدى,تم التسليم,1,35,5,20,50,6.52,43.48,8,20.4,0.5,14.58
104753,2026-09-06,قلوريز,خالد العتيبي,القصيم,فيزا,تم التسليم,2,110,0,20,130,16.96,113.04,26,26.88,3.25,56.91
104752,2026-09-06,قلوريز,جود الحربي,أبها,الدفع عند الاستلام,تم التسليم,4,148,0,20,168,21.91,146.09,34,20.4,12.0,79.69
104751,2026-09-06,قلوريز,خالد الرشيدي,الرياض,مدى,تم التسليم,1,35,0,20,55,7.17,47.83,8,16.0,0.55,23.28
104750,2026-09-06,قلوريز,نورة الرشيدي,المدينة,مدى,تم التسليم,1,59,9,20,70,9.13,60.87,14,21.0,0.7,25.17
104749,2026-09-06,قلوريز,ياسر المطيري,الرياض,الدفع عند الاستلام,تم التسليم,2,98,0,20,118,15.39,102.61,22,13.6,12.0,55.01
104748,2026-09-06,قلوريز,دانة الشهري,جدة,تمارا,تم التسليم,2,88,0,20,108,14.09,93.91,20,21.28,7.02,45.61
104747,2026-09-06,قلوريز,عبدالله السبيعي,الرياض,مدى,تم التسليم,1,39,0,20,59,7.7,51.3,9,16.0,0.59,25.71
104746,2026-09-06,قلوريز,عبير المالكي,الرياض,تمارا,تم التسليم,1,39,0,20,59,7.7,51.3,9,17.92,3.83,20.55
104745,2026-09-06,قلوريز,محمد الشهري,جدة,مدى,تم التسليم,1,55,0,20,75,9.78,65.22,13,19.0,0.75,32.47
104744,2026-09-06,قلوريز,بندر الشهري,الدمام,مدى,تم التسليم,1,39,0,20,59,7.7,51.3,9,14.82,0.59,26.89
104743,2026-09-06,قلوريز,ريم الشهري,تبوك,تمارا,تم التسليم,2,240,0,0,240,31.3,208.7,68,26.88,15.6,98.22
104742,2026-09-06,سموذ,جود السالم,الدمام,Apple Pay,تم التسليم,1,120,18,25,127,16.57,110.43,41,19.0,2.54,47.89
104741,2026-09-06,سموذ,فهد الدوسري,الرياض,Apple Pay,تم التسليم,1,85,0,25,110,14.35,95.65,26,17.92,2.2,49.53
104740,2026-09-06,سموذ,لمى الغامدي,تبوك,مدى,تم التسليم,3,325,0,0,325,42.39,282.61,104,24.0,3.25,151.36
104739,2026-09-06,سموذ,عبير الجهني,مكة,مدى,تم التسليم,1,75,8,25,92,12.0,80.0,22,16.38,0.92,40.7
104738,2026-09-06,سموذ,منيرة الرشيدي,القصيم,الدفع عند الاستلام,تم التسليم,2,378,0,0,378,49.3,328.7,124,24.0,12.0,168.7
104737,2026-09-06,سموذ,لمى العنزي,جدة,مدى,تم التسليم,1,189,38,25,176,22.96,153.04,62,19.0,1.76,70.28
104736,2026-09-06,سموذ,ياسر الشهري,الرياض,تمارا,تم التسليم,2,230,0,25,255,33.26,221.74,74,13.6,16.57,117.56
104735,2026-09-06,سموذ,رهف المالكي,الرياض,Apple Pay,تم التسليم,3,300,0,0,300,39.13,260.87,97,13.6,6.0,144.27
104734,2026-09-06,سموذ,بندر الغامدي,مكة,مدى,تم التسليم,1,145,14,25,156,20.35,135.65,48,17.85,1.56,68.24
104733,2026-09-06,سموذ,تركي الحربي,القصيم,مدى,تم التسليم,1,120,0,25,145,18.91,126.09,41,26.88,1.45,56.76
104732,2026-09-06,سموذ,عبدالله العنزي,أبها,Apple Pay,تم التسليم,1,120,0,25,145,18.91,126.09,41,18.72,2.9,63.47
104731,2026-09-06,سموذ,أمل السالم,الدمام,تمارا,تم التسليم,2,284,0,0,284,37.04,246.96,92,14.82,18.46,121.68
104730,2026-09-06,سموذ,عبدالله العنزي,مكة,مدى,تم التسليم,1,95,19,25,101,13.17,87.83,30,21.0,1.01,35.82
104729,2026-09-05,قلوريز,ياسر الجهني,القصيم,تمارا,تم التسليم,3,230,0,0,230,30.0,200.0,60,20.4,14.95,104.65
104728,2026-09-05,قلوريز,فهد الدوسري,مكة,مدى,تم التسليم,6,294,0,0,294,38.35,255.65,69,23.52,2.94,160.19
104727,2026-09-05,قلوريز,فهد العنزي,الرياض,مدى,تم التسليم,3,157,0,0,157,20.48,136.52,37,16.0,1.57,81.95
104726,2026-09-05,قلوريز,عبير البقمي,أبها,تمارا,تم التسليم,5,474,0,0,474,61.83,412.17,129,18.72,30.81,233.64
104725,2026-09-05,قلوريز,محمد الشهري,جدة,تمارا,تم التسليم,1,35,5,20,50,6.52,43.48,8,16.15,3.25,16.08
104724,2026-09-05,قلوريز,نورة المطيري,الرياض,Apple Pay,تم التسليم,2,70,0,20,90,11.74,78.26,16,17.92,1.8,42.54
104723,2026-09-05,قلوريز,لمى المطيري,الرياض,فيزا,تم التسليم,2,94,0,20,114,14.87,99.13,22,16.0,2.85,58.28
104722,2026-09-05,قلوريز,سارة المالكي,جدة,Apple Pay,تم التسليم,1,49,10,20,59,7.7,51.3,11,19.0,1.18,20.12
104721,2026-09-05,قلوريز,خالد العنزي,مكة,تمارا,تم التسليم,1,39,6,20,53,6.91,46.09,9,17.85,3.45,15.79
104720,2026-09-05,قلوريز,راكان الغامدي,مكة,Apple Pay,تم التسليم,2,110,0,20,130,16.96,113.04,26,23.52,2.6,60.92
104719,2026-09-05,قلوريز,تركي السبيعي,تبوك,فيزا,تم التسليم,5,417,0,0,417,54.39,362.61,110,26.88,10.43,215.3
104718,2026-09-05,قلوريز,ماجد البقمي,القصيم,الدفع عند الاستلام,تم التسليم,1,120,0,20,140,18.26,121.74,34,24.0,12.0,51.74
104717,2026-09-05,قلوريز,دانة السالم,الرياض,الدفع عند الاستلام,ملغي,2,110,11,20,119,0,0,0,0,0,0
104716,2026-09-05,قلوريز,ياسر الحربي,أبها,فيزا,تم التسليم,1,39,0,20,59,7.7,51.3,9,24.0,1.48,16.83
104715,2026-09-05,قلوريز,ماجد الشمري,الرياض,تمارا,تم التسليم,3,289,29,0,260,33.91,226.09,79,16.0,16.9,114.19
104714,2026-09-05,قلوريز,نورة الحربي,القصيم,Apple Pay,تم التسليم,1,55,11,20,64,8.35,55.65,13,18.72,1.28,22.65
104713,2026-09-05,قلوريز,عبير السالم,مكة,مدى,تم التسليم,2,159,24,20,155,20.22,134.78,43,23.52,1.55,66.71
104712,2026-09-05,قلوريز,نورة العتيبي,الدمام,فيزا,تم التسليم,4,166,33,20,153,19.96,133.04,38,16.15,3.83,75.07
104711,2026-09-05,قلوريز,عبير العنزي,الدمام,تمارا,تم التسليم,4,208,0,0,208,27.13,180.87,49,16.15,13.52,102.2
104710,2026-09-05,قلوريز,بندر المالكي,الخبر,تمارا,تم التسليم,2,114,0,20,134,17.48,116.52,27,19.0,8.71,61.81
104709,2026-09-05,قلوريز,جود السالم,الرياض,مدى,تم التسليم,2,94,0,20,114,14.87,99.13,22,13.6,1.14,62.39
104708,2026-09-05,قلوريز,عبير المطيري,الخبر,فيزا,تم التسليم,3,204,0,0,204,26.61,177.39,53,19.0,5.1,100.29
104707,2026-09-05,سموذ,منيرة العنزي,الرياض,الدفع عند الاستلام,تم التسليم,3,375,0,0,375,48.91,326.09,122,12.48,12.0,179.61
104706,2026-09-05,سموذ,لمى السبيعي,المدينة,Apple Pay,تم التسليم,3,265,0,0,265,34.57,230.43,82,21.0,5.3,122.13
104705,2026-09-05,سموذ,محمد المطيري,مكة,مدى,تم التسليم,7,705,0,0,705,91.96,613.04,222,23.52,7.05,360.47
104704,2026-09-05,سموذ,لمى السبيعي,الرياض,الدفع عند الاستلام,تم التسليم,3,295,0,0,295,38.48,256.52,92,16.0,12.0,136.52
104703,2026-09-05,سموذ,غادة المالكي,أبها,مدى,تم التسليم,2,230,0,25,255,33.26,221.74,74,20.4,2.55,124.79
104702,2026-09-05,سموذ,لمى المالكي,جدة,مدى,تم التسليم,1,145,14,25,156,20.35,135.65,48,19.0,1.56,67.09
104701,2026-09-05,سموذ,رهف القحطاني,مكة,الدفع عند الاستلام,تم التسليم,2,215,43,25,197,25.7,171.3,71,16.38,12.0,71.92
104700,2026-09-05,سموذ,ماجد الشهري,الدمام,تمارا,تم التسليم,1,95,0,25,120,15.65,104.35,30,16.15,7.8,50.4
104699,2026-09-05,سموذ,سلطان الجهني,الرياض,مدى,تم التسليم,2,170,17,25,178,23.22,154.78,52,17.92,1.78,83.08
104698,2026-09-05,سموذ,منيرة القحطاني,المدينة,Apple Pay,تم التسليم,2,190,19,25,196,25.57,170.43,60,17.85,3.92,88.66
104697,2026-09-05,سموذ,ريم القحطاني,الرياض,مدى,تم التسليم,1,75,0,25,100,13.04,86.96,22,17.92,1.0,46.04
104696,2026-09-05,سموذ,سارة الدوسري,الرياض,تمارا,تم التسليم,3,265,0,0,265,34.57,230.43,82,17.92,17.23,113.29
104695,2026-09-05,سموذ,محمد الغامدي,الخبر,مدى,تم التسليم,2,160,0,25,185,24.13,160.87,48,21.28,1.85,89.74
104694,2026-09-05,سموذ,تركي الشمري,جدة,تمارا,تم التسليم,3,385,38,0,347,45.26,301.74,126,19.0,22.55,134.18
104693,2026-09-05,سموذ,شهد الشمري,مكة,الدفع عند الاستلام,تم التسليم,3,385,0,0,385,50.22,334.78,130,23.52,12.0,169.26
104692,2026-09-04,قلوريز,رهف الجهني,مكة,فيزا,تم التسليم,3,147,0,20,167,21.78,145.22,33,17.85,4.17,90.19
104691,2026-09-04,قلوريز,شهد السبيعي,تبوك,مدى,تم التسليم,3,153,0,0,153,19.96,133.04,36,20.4,1.53,75.11
104690,2026-09-04,قلوريز,هند الشمري,الرياض,Apple Pay,تم التسليم,2,94,0,20,114,14.87,99.13,22,16.0,2.28,58.85
104689,2026-09-04,قلوريز,دانة البقمي,جدة,فيزا,ملغي,3,129,0,20,149,0,0,0,0,0,0
104688,2026-09-04,قلوريز,رهف العتيبي,الدمام,مدى,تم التسليم,1,120,0,20,140,18.26,121.74,34,19.0,1.4,67.34
104687,2026-09-04,قلوريز,راكان العتيبي,أبها,Apple Pay,تم التسليم,1,39,0,20,59,7.7,51.3,9,26.88,1.18,14.24
104686,2026-09-04,قلوريز,لمى الشهري,الرياض,مدى,تم التسليم,4,277,0,0,277,36.13,240.87,70,13.6,2.77,154.5
104685,2026-09-04,قلوريز,فهد العنزي,الدمام,Apple Pay,تم التسليم,3,147,0,20,167,21.78,145.22,34,21.28,3.34,86.6
104684,2026-09-04,قلوريز,فهد الحربي,الرياض,مدى,تم التسليم,1,39,0,20,59,7.7,51.3,9,16.0,0.59,25.71
104683,2026-09-04,قلوريز,ياسر المالكي,الرياض,مدى,تم التسليم,1,55,0,20,75,9.78,65.22,13,17.92,0.75,33.55
104682,2026-09-04,قلوريز,هند الغامدي,المدينة,مدى,تم التسليم,2,104,0,20,124,16.17,107.83,24,16.38,1.24,66.21
104681,2026-09-04,قلوريز,نورة الحربي,القصيم,تمارا,تم التسليم,1,59,0,20,79,10.3,68.7,14,20.4,5.13,29.16
104680,2026-09-04,قلوريز,نورة المطيري,الرياض,مدى,تم التسليم,4,216,43,0,173,22.57,150.43,51,16.0,1.73,81.7
104679,2026-09-04,قلوريز,ماجد المالكي,المدينة,مدى,تم التسليم,4,228,0,0,228,29.74,198.26,54,21.0,2.28,120.98
104678,2026-09-04,قلوريز,سارة البقمي,الرياض,تمارا,تم التسليم,4,399,0,0,399,52.04,346.96,111,13.6,25.94,196.42
104677,2026-09-04,قلوريز,تركي الشمري,الرياض,مدى,تم التسليم,3,177,18,0,159,20.74,138.26,42,17.92,1.59,76.75
104676,2026-09-04,قلوريز,فهد العنزي,المدينة,مدى,تم التسليم,2,88,0,20,108,14.09,93.91,20,21.0,1.08,51.83
104675,2026-09-04,قلوريز,ريم العنزي,الرياض,Apple Pay,تم التسليم,3,157,24,20,153,19.96,133.04,36,16.0,3.06,77.98
104674,2026-09-04,قلوريز,هند الشمري,الرياض,فيزا,تم التسليم,1,55,0,20,75,9.78,65.22,13,17.92,1.88,32.42
104673,2026-09-04,قلوريز,عبير الزهراني,الخبر,مدى,ملغي,4,226,0,0,226,0,0,0,0,0,0
104672,2026-09-04,قلوريز,بندر الشهري,المدينة,مدى,تم التسليم,1,55,0,20,75,9.78,65.22,13,21.0,0.75,30.47
104671,2026-09-04,قلوريز,جود الشهري,الرياض,تمارا,تم التسليم,4,253,0,0,253,33.0,220.0,64,13.6,16.45,125.96
104670,2026-09-04,قلوريز,نايف القحطاني,الرياض,Apple Pay,تم التسليم,5,183,0,0,183,23.87,159.13,42,12.48,3.66,100.99
104669,2026-09-04,قلوريز,بندر العنزي,الرياض,تمارا,تم التسليم,4,330,0,0,330,43.04,286.96,89,12.48,21.45,164.03
104668,2026-09-04,قلوريز,تركي الدوسري,الرياض,مدى,تم التسليم,1,59,0,20,79,10.3,68.7,14,16.0,0.79,37.91
104667,2026-09-04,قلوريز,شهد العتيبي,الرياض,مدى,تم التسليم,4,297,0,0,297,38.74,258.26,76,13.6,2.97,165.69
104666,2026-09-04,سموذ,محمد الرشيدي,الدمام,Apple Pay,تم التسليم,3,315,0,0,315,41.09,273.91,100,16.15,6.3,151.46
104665,2026-09-04,سموذ,فهد العنزي,جدة,مدى,تم التسليم,1,145,0,25,170,22.17,147.83,48,16.15,1.7,81.98
104664,2026-09-04,سموذ,ماجد العنزي,الخبر,تمارا,تم التسليم,4,365,0,0,365,47.61,317.39,115,19.0,23.73,159.67
104663,2026-09-04,سموذ,دانة العنزي,الدمام,Apple Pay,تم التسليم,1,120,0,25,145,18.91,126.09,41,21.28,2.9,60.91
104662,2026-09-04,سموذ,خالد الدوسري,جدة,فيزا,تم التسليم,2,378,57,0,321,41.87,279.13,124,21.28,8.03,125.83
104661,2026-09-04,سموذ,بندر الدوسري,الدمام,مدى,تم التسليم,2,190,0,25,215,28.04,186.96,60,19.0,2.15,105.81
104660,2026-09-04,سموذ,هند القحطاني,مكة,مدى,تم التسليم,4,400,40,0,360,46.96,313.04,126,23.52,3.6,159.92
104659,2026-09-04,سموذ,محمد السالم,الرياض,فيزا,تم التسليم,1,95,0,25,120,15.65,104.35,30,17.92,3.0,53.43
104658,2026-09-04,سموذ,راكان العتيبي,مكة,Apple Pay,تم التسليم,2,265,0,0,265,34.57,230.43,89,23.52,5.3,112.61
104657,2026-09-04,سموذ,رهف العنزي,الدمام,فيزا,تم التسليم,2,334,33,0,301,39.26,261.74,110,16.15,7.53,128.06
104656,2026-09-04,سموذ,راكان الشمري,الدمام,Apple Pay,تم التسليم,1,75,0,25,100,13.04,86.96,22,16.15,2.0,46.81
104655,2026-09-04,سموذ,أمل البقمي,مكة,Apple Pay,تم التسليم,5,505,76,0,429,55.96,373.04,164,23.52,8.58,176.94
104654,2026-09-04,سموذ,أمل العنزي,مكة,Apple Pay,تم التسليم,1,75,0,25,100,13.04,86.96,22,17.85,2.0,45.11
104653,2026-09-04,سموذ,بندر الغامدي,الرياض,Apple Pay,تم التسليم,4,330,0,0,330,43.04,286.96,100,16.0,6.6,164.36
104652,2026-09-04,سموذ,نايف الشمري,الدمام,مدى,تم التسليم,5,485,0,0,485,63.26,421.74,156,19.0,4.85,241.89
104651,2026-09-04,سموذ,منيرة الشهري,المدينة,مدى,تم التسليم,1,189,0,25,214,27.91,186.09,62,21.0,2.14,100.95
104650,2026-09-04,سموذ,ماجد الجهني,مكة,مدى,تم التسليم,1,95,0,25,120,15.65,104.35,30,17.85,1.2,55.3
104649,2026-09-03,قلوريز,ريم الرشيدي,الرياض,مدى,تم التسليم,2,98,20,20,98,12.78,85.22,23,12.48,0.98,48.76
104648,2026-09-03,قلوريز,عبدالله القحطاني,مكة,فيزا,تم التسليم,2,110,0,20,130,16.96,113.04,26,16.38,3.25,67.41
104647,2026-09-03,قلوريز,أمل الدوسري,القصيم,فيزا,ملغي,1,49,0,20,69,0,0,0,0,0,0
104646,2026-09-03,قلوريز,عبدالله الشهري,تبوك,مدى,تم التسليم,1,39,0,20,59,7.7,51.3,9,18.72,0.59,22.99
104645,2026-09-03,قلوريز,ماجد الحربي,المدينة,مدى,تم التسليم,2,94,0,20,114,14.87,99.13,22,21.0,1.14,54.99
104644,2026-09-03,قلوريز,نايف الحربي,أبها,Apple Pay,تم التسليم,1,120,0,20,140,18.26,121.74,34,24.0,2.8,60.94
104643,2026-09-03,قلوريز,رهف الدوسري,الرياض,مدى,تم التسليم,1,120,12,20,128,16.7,111.3,34,13.6,1.28,62.42
104642,2026-09-03,قلوريز,رهف الجهني,الرياض,تمارا,تم التسليم,3,133,0,20,153,19.96,133.04,31,16.0,9.95,76.1
104641,2026-09-03,قلوريز,فهد الغامدي,تبوك,مدى,تم التسليم,4,212,0,0,212,27.65,184.35,50,20.4,2.12,111.83
104640,2026-09-03,قلوريز,فهد الزهراني,الرياض,مدى,تم التسليم,3,145,0,20,165,21.52,143.48,34,16.0,1.65,91.83
104639,2026-09-03,قلوريز,عبير الشمري,أبها,Apple Pay,تم التسليم,1,49,0,20,69,9.0,60.0,11,26.88,1.38,20.74
104638,2026-09-03,قلوريز,خالد السبيعي,الخبر,Apple Pay,تم التسليم,1,49,0,20,69,9.0,60.0,11,21.28,1.38,26.34
104637,2026-09-03,قلوريز,بندر المالكي,الرياض,مدى,تم التسليم,2,90,0,20,110,14.35,95.65,21,17.92,1.1,55.63
104636,2026-09-03,قلوريز,رهف الرشيدي,الرياض,الدفع عند الاستلام,تم التسليم,1,120,24,20,116,15.13,100.87,34,17.92,12.0,36.95
104635,2026-09-03,قلوريز,سارة السالم,الخبر,مدى,تم التسليم,2,110,0,20,130,16.96,113.04,26,19.0,1.3,66.74
104634,2026-09-03,قلوريز,سارة المالكي,الرياض,تمارا,تم التسليم,5,393,0,0,393,51.26,341.74,103,16.0,25.55,197.19
104633,2026-09-03,قلوريز,ريم السالم,الدمام,Apple Pay,تم التسليم,2,110,0,20,130,16.96,113.04,26,16.15,2.6,68.29
104632,2026-09-03,قلوريز,منيرة القحطاني,جدة,الدفع عند الاستلام,تم التسليم,4,172,0,0,172,22.43,149.57,40,19.0,12.0,78.57
104631,2026-09-03,قلوريز,بندر المالكي,المدينة,Apple Pay,تم التسليم,2,98,0,20,118,15.39,102.61,23,16.38,2.36,60.87
104630,2026-09-03,سموذ,خالد الدوسري,القصيم,مدى,تم التسليم,2,284,57,25,252,32.87,219.13,92,24.0,2.52,100.61
104629,2026-09-03,سموذ,ماجد المالكي,تبوك,Apple Pay,تم التسليم,1,85,0,25,110,14.35,95.65,26,24.0,2.2,43.45
104628,2026-09-03,سموذ,دانة المالكي,الدمام,الدفع عند الاستلام,ملغي,2,160,0,25,185,0,0,0,0,0,0
104627,2026-09-03,سموذ,لمى المالكي,أبها,تمارا,تم التسليم,2,205,0,25,230,30.0,200.0,67,24.0,14.95,94.05
104626,2026-09-03,سموذ,دانة الغامدي,الرياض,Apple Pay,تم التسليم,3,419,0,0,419,54.65,364.35,136,16.0,8.38,203.97
104625,2026-09-03,سموذ,سلطان السبيعي,الرياض,تمارا,تم التسليم,3,385,0,0,385,50.22,334.78,130,13.6,25.03,166.16
104624,2026-09-03,سموذ,فهد العنزي,القصيم,Apple Pay,تم التسليم,2,290,0,0,290,37.83,252.17,96,20.4,5.8,129.97
104623,2026-09-03,سموذ,دانة الدوسري,مكة,مدى,تم التسليم,1,145,0,25,170,22.17,147.83,48,21.0,1.7,77.13
104622,2026-09-03,سموذ,ريم المطيري,أبها,فيزا,تم التسليم,4,340,68,0,272,35.48,236.52,104,24.0,6.8,101.72
104621,2026-09-03,سموذ,خالد القحطاني,جدة,Apple Pay,تم التسليم,2,240,0,25,265,34.57,230.43,82,19.0,5.3,124.13
104620,2026-09-03,سموذ,جود الرشيدي,الرياض,Apple Pay,تم التسليم,5,757,0,0,757,98.74,658.26,246,16.0,15.14,381.12
104619,2026-09-03,سموذ,بندر السالم,القصيم,فيزا,تم التسليم,2,215,0,25,240,31.3,208.7,71,20.4,6.0,111.3
104618,2026-09-03,سموذ,هند القحطاني,أبها,تمارا,تم التسليم,4,504,0,0,504,65.74,438.26,162,18.72,32.76,224.78
104617,2026-09-03,سموذ,جود الدوسري,جدة,مدى,تم التسليم,2,195,0,25,220,28.7,191.3,63,19.0,2.2,107.1
104616,2026-09-03,سموذ,تركي المالكي,الدمام,مدى,تم التسليم,4,454,0,0,454,59.22,394.78,144,19.0,4.54,227.24
104615,2026-09-03,سموذ,خالد الجهني,القصيم,Apple Pay,تم التسليم,8,750,0,0,750,97.83,652.17,238,24.0,15.0,375.17
104614,2026-09-03,سموذ,خالد السبيعي,مكة,Apple Pay,تم التسليم,2,265,26,25,264,34.43,229.57,89,21.0,5.28,114.29
104613,2026-09-03,سموذ,جود العتيبي,جدة,فيزا,تم التسليم,2,160,24,25,161,21.0,140.0,48,21.28,4.03,66.69
104612,2026-09-03,سموذ,رهف السالم,أبها,Apple Pay,تم التسليم,3,265,53,25,237,30.91,206.09,82,24.0,4.74,95.35
104611,2026-09-02,قلوريز,سارة القحطاني,تبوك,Apple Pay,تم التسليم,3,157,0,0,157,20.48,136.52,36,20.4,3.14,76.98
104610,2026-09-02,قلوريز,هند الزهراني,جدة,تمارا,تم التسليم,3,230,23,0,207,27.0,180.0,60,19.0,13.46,87.55
104609,2026-09-02,قلوريز,بندر الرشيدي,الرياض,مدى,تم التسليم,1,59,0,20,79,10.3,68.7,14,16.0,0.79,37.91
104608,2026-09-02,قلوريز,غادة الحربي,جدة,الدفع عند الاستلام,تم التسليم,2,159,16,20,163,21.26,141.74,43,16.15,12.0,70.59
104607,2026-09-02,قلوريز,خالد الزهراني,تبوك,مدى,تم التسليم,2,88,0,20,108,14.09,93.91,20,26.88,1.08,45.95
104606,2026-09-02,قلوريز,هند السبيعي,المدينة,Apple Pay,تم التسليم,3,125,19,20,126,16.43,109.57,29,17.85,2.52,60.2
104605,2026-09-02,قلوريز,شهد الجهني,الرياض,مدى,تم التسليم,3,228,0,0,228,29.74,198.26,59,16.0,2.28,120.98
104604,2026-09-02,قلوريز,سلطان الدوسري,أبها,مدى,تم التسليم,2,118,0,20,138,18.0,120.0,28,26.88,1.38,63.74
104603,2026-09-02,قلوريز,ريم العتيبي,المدينة,مدى,تم التسليم,5,377,0,0,377,49.17,327.83,100,17.85,3.77,206.21
104602,2026-09-02,قلوريز,عبدالله الشمري,جدة,الدفع عند الاستلام,تم التسليم,1,55,0,20,75,9.78,65.22,13,21.28,12.0,18.94
104601,2026-09-02,قلوريز,منيرة الشهري,القصيم,مدى,تم التسليم,2,110,0,20,130,16.96,113.04,26,24.0,1.3,61.74
104600,2026-09-02,قلوريز,تركي القحطاني,الرياض,مدى,تم التسليم,2,90,0,20,110,14.35,95.65,21,17.92,1.1,55.63
104599,2026-09-02,قلوريز,منيرة الزهراني,الرياض,Apple Pay,تم التسليم,5,274,0,0,274,35.74,238.26,69,16.0,5.48,147.78
104598,2026-09-02,قلوريز,ريم المالكي,تبوك,تمارا,تم التسليم,4,164,0,0,164,21.39,142.61,38,24.0,10.66,69.95
104597,2026-09-02,قلوريز,دانة الشهري,جدة,تمارا,تم التسليم,2,78,0,20,98,12.78,85.22,18,16.15,6.37,44.7
104596,2026-09-02,قلوريز,عبدالله العتيبي,مكة,مدى,تم التسليم,2,179,0,0,179,23.35,155.65,48,23.52,1.79,82.34
104595,2026-09-02,قلوريز,ماجد الحربي,أبها,Apple Pay,تم التسليم,1,55,0,20,75,9.78,65.22,13,18.72,1.5,32.0
104594,2026-09-02,قلوريز,تركي الرشيدي,أبها,تمارا,تم التسليم,2,70,0,20,90,11.74,78.26,16,20.4,5.85,36.01
104593,2026-09-02,قلوريز,جود الجهني,تبوك,مدى,تم التسليم,3,279,0,0,279,36.39,242.61,77,24.0,2.79,138.82
104592,2026-09-02,قلوريز,راكان الحربي,الرياض,فيزا,تم التسليم,2,74,11,20,83,10.83,72.17,17,13.6,2.08,39.5
104591,2026-09-02,قلوريز,ياسر الحربي,أبها,الدفع عند الاستلام,تم التسليم,4,212,0,0,212,27.65,184.35,49,20.4,12.0,102.95
104590,2026-09-02,سموذ,لمى العنزي,المدينة,Apple Pay,تم التسليم,6,645,0,0,645,84.13,560.87,213,23.52,12.9,311.45
104589,2026-09-02,سموذ,هند الرشيدي,الخبر,مدى,تم التسليم,3,255,0,0,255,33.26,221.74,78,19.0,2.55,122.19
104588,2026-09-02,سموذ,نايف الجهني,الدمام,تمارا,تم التسليم,1,189,0,25,214,27.91,186.09,62,16.15,13.91,94.03
104587,2026-09-02,سموذ,نايف الشهري,الدمام,مدى,تم التسليم,1,120,0,25,145,18.91,126.09,41,19.0,1.45,64.64
104586,2026-09-02,سموذ,ماجد الزهراني,أبها,Apple Pay,تم التسليم,1,85,0,25,110,14.35,95.65,26,20.4,2.2,47.05
104585,2026-09-02,سموذ,نايف المالكي,المدينة,مدى,تم التسليم,4,662,66,0,596,77.74,518.26,216,17.85,5.96,278.45
104584,2026-09-02,سموذ,ماجد البقمي,الرياض,مدى,تم التسليم,1,95,0,25,120,15.65,104.35,30,17.92,1.2,55.23
104583,2026-09-02,سموذ,راكان الجهني,أبها,مدى,تم التسليم,1,85,0,25,110,14.35,95.65,26,24.0,1.1,44.55
104582,2026-09-02,سموذ,نورة الغامدي,الدمام,مدى,تم التسليم,5,772,0,0,772,100.7,671.3,253,16.15,7.72,394.43
104581,2026-09-02,سموذ,بندر الزهراني,الدمام,مدى,تم التسليم,4,434,0,0,434,56.61,377.39,136,19.0,4.34,218.05
104580,2026-09-02,سموذ,دانة المطيري,جدة,مدى,تم التسليم,1,145,14,25,156,20.35,135.65,48,16.15,1.56,69.94
104579,2026-09-02,سموذ,سارة الشمري,مكة,تمارا,تم التسليم,1,85,0,25,110,14.35,95.65,26,23.52,7.15,38.98
104578,2026-09-02,سموذ,غادة العتيبي,الرياض,Apple Pay,تم التسليم,1,145,0,25,170,22.17,147.83,48,12.48,3.4,83.95
104577,2026-09-02,سموذ,أمل الشهري,جدة,تمارا,تم التسليم,3,429,0,0,429,55.96,373.04,140,21.28,27.89,183.88
104576,2026-09-02,سموذ,ماجد الشمري,الرياض,تمارا,تم التسليم,1,145,0,25,170,22.17,147.83,48,13.6,11.05,75.18
104575,2026-09-01,قلوريز,هند العنزي,الرياض,Apple Pay,تم التسليم,1,55,0,20,75,9.78,65.22,13,16.0,1.5,34.72
104574,2026-09-01,قلوريز,ياسر الغامدي,جدة,تمارا,تم التسليم,3,360,72,0,288,37.57,250.43,102,21.28,18.72,108.43
104573,2026-09-01,قلوريز,هند الزهراني,مكة,مدى,تم التسليم,1,120,0,20,140,18.26,121.74,34,23.52,1.4,62.82
104572,2026-09-01,قلوريز,جود المالكي,الرياض,الدفع عند الاستلام,تم التسليم,3,133,0,20,153,19.96,133.04,31,17.92,12.0,72.12
104571,2026-09-01,قلوريز,راكان الدوسري,مكة,Apple Pay,تم التسليم,3,109,0,20,129,16.83,112.17,25,17.85,2.58,66.74
104570,2026-09-01,قلوريز,ماجد الدوسري,مكة,مدى,تم التسليم,2,98,0,20,118,15.39,102.61,22,21.0,1.18,58.43
104569,2026-09-01,قلوريز,غادة الجهني,جدة,Apple Pay,تم التسليم,4,188,38,0,150,19.57,130.43,44,16.15,3.0,67.28
104568,2026-09-01,قلوريز,ريم العتيبي,الرياض,Apple Pay,تم التسليم,2,78,0,20,98,12.78,85.22,18,13.6,1.96,51.66
104567,2026-09-01,قلوريز,عبير المالكي,الرياض,Apple Pay,تم التسليم,2,98,0,20,118,15.39,102.61,22,13.6,2.36,64.65
104566,2026-09-01,قلوريز,رهف المطيري,الرياض,Apple Pay,تم التسليم,4,289,0,0,289,37.7,251.3,74,16.0,5.78,155.52
104565,2026-09-01,قلوريز,هند الحربي,الدمام,تمارا,ملغي,2,155,16,20,159,0,0,0,0,0,0
104564,2026-09-01,قلوريز,بندر العتيبي,القصيم,فيزا,تم التسليم,1,49,0,20,69,9.0,60.0,11,24.0,1.73,23.27
104563,2026-09-01,قلوريز,راكان الحربي,الرياض,فيزا,تم التسليم,3,275,28,0,247,32.22,214.78,76,13.6,6.18,119.01
104562,2026-09-01,قلوريز,ماجد المطيري,الدمام,مدى,تم التسليم,1,120,0,20,140,18.26,121.74,34,19.0,1.4,67.34
104561,2026-09-01,قلوريز,دانة الغامدي,مكة,الدفع عند الاستلام,تم التسليم,4,166,0,0,166,21.65,144.35,38,21.0,12.0,73.35
104560,2026-09-01,قلوريز,ياسر الشهري,المدينة,الدفع عند الاستلام,تم التسليم,1,35,0,20,55,7.17,47.83,8,21.0,12.0,6.83
104559,2026-09-01,قلوريز,نايف القحطاني,الرياض,Apple Pay,تم التسليم,3,204,0,0,204,26.61,177.39,53,12.48,4.08,107.83
104558,2026-09-01,قلوريز,ماجد السالم,الرياض,الدفع عند الاستلام,تم التسليم,2,179,18,0,161,21.0,140.0,48,16.0,12.0,64.0
104557,2026-09-01,سموذ,هند البقمي,القصيم,تمارا,تم التسليم,1,120,0,25,145,18.91,126.09,41,20.4,9.43,55.26
104556,2026-09-01,سموذ,شهد الجهني,أبها,تمارا,تم التسليم,3,385,38,0,347,45.26,301.74,130,26.88,22.55,122.3
104555,2026-09-01,سموذ,عبير الزهراني,القصيم,الدفع عند الاستلام,تم التسليم,3,429,86,0,343,44.74,298.26,144,20.4,12.0,121.86
104554,2026-09-01,سموذ,أمل الدوسري,الدمام,Apple Pay,تم التسليم,2,290,0,0,290,37.83,252.17,96,19.0,5.8,131.37
104553,2026-09-01,سموذ,رهف الرشيدي,الخبر,Apple Pay,تم التسليم,2,290,0,0,290,37.83,252.17,96,19.0,5.8,131.37
104552,2026-09-01,سموذ,جود البقمي,أبها,تمارا,تم التسليم,2,170,17,25,178,23.22,154.78,52,20.4,11.57,70.81
104551,2026-09-01,سموذ,هند الحربي,أبها,مدى,تم التسليم,3,567,0,0,567,73.96,493.04,186,24.0,5.67,277.37
104550,2026-09-01,سموذ,نايف الشهري,تبوك,الدفع عند الاستلام,تم التسليم,1,75,0,25,100,13.04,86.96,22,20.4,12.0,32.56
104549,2026-09-01,سموذ,نايف العتيبي,الرياض,مدى,تم التسليم,1,95,14,25,106,13.83,92.17,30,12.48,1.06,48.63
104548,2026-09-01,سموذ,هند العنزي,القصيم,تمارا,تم التسليم,3,419,0,0,419,54.65,364.35,136,24.0,27.23,177.11
104547,2026-09-01,سموذ,ماجد السالم,أبها,مدى,تم التسليم,3,385,77,0,308,40.17,267.83,130,20.4,3.08,114.35
104546,2026-09-01,سموذ,ياسر الدوسري,الرياض,Apple Pay,تم التسليم,1,120,0,25,145,18.91,126.09,41,12.48,2.9,69.71
104545,2026-09-01,سموذ,هند المطيري,المدينة,فيزا,تم التسليم,4,455,0,0,455,59.35,395.65,149,23.52,11.38,211.76
104544,2026-09-01,سموذ,ياسر السالم,الرياض,Apple Pay,تم التسليم,1,145,0,25,170,22.17,147.83,48,16.0,3.4,80.43
104543,2026-09-01,سموذ,بندر المالكي,أبها,Apple Pay,تم التسليم,1,85,0,25,110,14.35,95.65,26,20.4,2.2,47.05
