العميل,المتجر,المدينة,الشريحة,عدد الطلبات,إجمالي الإنفاق,آخر طلب,أيام من آخر طلب
نايف الدوسري,قلوريز,الدمام,معرّضون للفقد,8,1644.0,2026-08-02,69
غادة السبيعي,قلوريز,الرياض,أبطال,6,1091.0,2026-09-18,22
بندر الزهراني,قلوريز,الرياض,معرّضون للفقد,6,1090.0,2026-07-12,90
شهد البقمي,قلوريز,الرياض,مفقودون,6,1074.0,2026-06-06,126
نايف البقمي,قلوريز,مكة,أبطال,5,1050.0,2026-09-12,28
ريم الزهراني,قلوريز,الرياض,أبطال,6,1013.0,2026-10-06,4
منيرة القحطاني,قلوريز,الدمام,معرّضون للفقد,4,976.0,2026-07-19,83
خالد القحطاني,قلوريز,الرياض,مفقودون,6,927.0,2026-05-15,148
لمى المالكي,قلوريز,الرياض,أبطال,6,899.0,2026-10-02,8
منيرة المطيري,قلوريز,الرياض,مفقودون,4,883.0,2026-06-05,127
ماجد الدوسري,قلوريز,الدمام,مفقودون,4,849.0,2026-05-19,144
سلطان الغامدي,قلوريز,جدة,معرّضون للفقد,5,821.0,2026-07-27,75
ماجد الجهني,قلوريز,مكة,معرّضون للفقد,4,806.0,2026-07-29,73
راكان المطيري,قلوريز,الدمام,أبطال,6,796.0,2026-09-28,12
لمى العنزي,قلوريز,الرياض,مفقودون,4,796.0,2026-06-05,127
سلطان الشهري,قلوريز,الرياض,معرّضون للفقد,3,790.0,2026-06-26,106
ماجد المالكي,قلوريز,جدة,أبطال,4,786.0,2026-10-01,9
ياسر العنزي,قلوريز,الرياض,معرّضون للفقد,5,781.0,2026-07-07,95
ماجد السالم,قلوريز,القصيم,معرّضون للفقد,2,775.0,2026-06-27,105
أمل الشهري,قلوريز,جدة,أبطال,4,771.0,2026-09-14,26
غادة المطيري,قلوريز,مكة,معرّضون للفقد,2,764.0,2026-07-25,77
ريم الرشيدي,قلوريز,الرياض,مخلصون,3,755.0,2026-09-03,37
شهد الجهني,قلوريز,الرياض,مخلصون,4,753.0,2026-09-09,31
دانة الغامدي,قلوريز,الرياض,أبطال,5,751.0,2026-10-04,6
شهد الرشيدي,قلوريز,الدمام,أبطال,5,742.0,2026-10-02,8
دانة المطيري,قلوريز,جدة,مخلصون,3,731.0,2026-09-30,10
دانة الشهري,قلوريز,جدة,مخلصون,3,729.0,2026-09-02,38
أمل الجهني,قلوريز,الرياض,مخلصون,3,712.0,2026-09-11,29
غادة السبيعي,قلوريز,القصيم,معرّضون للفقد,4,702.0,2026-07-09,93
بندر الشهري,قلوريز,الرياض,مخلصون,3,699.0,2026-10-01,9
عبير الزهراني,قلوريز,الرياض,مفقودون,4,699.0,2026-06-09,123
نورة القحطاني,قلوريز,جدة,مخلصون,4,697.0,2026-09-07,33
راكان المالكي,قلوريز,الدمام,مخلصون,3,689.0,2026-08-20,51
خالد الشهري,قلوريز,أبها,مفقودون,3,686.0,2026-06-06,126
جود الزهراني,قلوريز,مكة,أبطال,5,682.0,2026-09-24,16
غادة السالم,قلوريز,المدينة,مخلصون,5,678.0,2026-08-28,43
خالد السبيعي,قلوريز,جدة,مخلصون,3,670.0,2026-08-29,42
دانة الشهري,قلوريز,الرياض,مخلصون,4,663.0,2026-08-23,48
فهد الرشيدي,قلوريز,جدة,معرّضون للفقد,5,663.0,2026-06-16,116
تركي البقمي,قلوريز,القصيم,معرّضون للفقد,5,662.0,2026-06-27,105
خالد القحطاني,قلوريز,الرياض,معرّضون للفقد,4,661.0,2026-07-17,85
ريم الحربي,قلوريز,الرياض,معرّضون للفقد,5,656.0,2026-08-09,62
نورة المطيري,قلوريز,الرياض,مخلصون,5,652.0,2026-09-04,36
ريم الحربي,قلوريز,القصيم,مخلصون,3,641.0,2026-08-12,59
نايف الحربي,قلوريز,الرياض,أبطال,5,639.0,2026-09-14,26
محمد العنزي,قلوريز,الرياض,مخلصون,3,639.0,2026-08-31,40
بندر العتيبي,قلوريز,مكة,مخلصون,3,637.0,2026-09-28,12
غادة المالكي,قلوريز,القصيم,مخلصون,3,637.0,2026-09-12,28
ماجد الرشيدي,قلوريز,أبها,مخلصون,3,636.0,2026-09-28,12
خالد القحطاني,قلوريز,القصيم,مخلصون,3,632.0,2026-09-20,20
فهد السبيعي,قلوريز,الرياض,مفقودون,4,632.0,2026-05-20,143
ماجد المالكي,قلوريز,المدينة,معرّضون للفقد,5,627.0,2026-07-13,89
خالد القحطاني,قلوريز,تبوك,مفقودون,2,627.0,2026-04-15,178
نايف الرشيدي,قلوريز,جدة,معرّضون للفقد,3,626.0,2026-07-23,79
دانة الزهراني,قلوريز,الرياض,معرّضون للفقد,2,623.0,2026-06-16,116
هند الغامدي,قلوريز,الدمام,مفقودون,3,621.0,2026-04-24,169
رهف الرشيدي,قلوريز,تبوك,مخلصون,7,620.0,2026-08-21,50
رهف المطيري,قلوريز,الرياض,مخلصون,4,618.0,2026-09-01,39
تركي الشمري,قلوريز,جدة,مخلصون,3,618.0,2026-08-15,56
ياسر الشهري,قلوريز,الدمام,يحتاجون اهتمام,2,617.0,2026-08-29,42
سلطان العتيبي,قلوريز,الدمام,معرّضون للفقد,4,616.0,2026-07-19,83
بندر الدوسري,قلوريز,أبها,معرّضون للفقد,4,610.0,2026-07-31,71
شهد الرشيدي,قلوريز,القصيم,معرّضون للفقد,2,609.0,2026-08-05,66
خالد الشمري,قلوريز,الرياض,معرّضون للفقد,4,607.0,2026-08-06,65
لمى السالم,قلوريز,المدينة,معرّضون للفقد,4,607.0,2026-07-16,86
عبير السبيعي,قلوريز,أبها,مفقودون,6,606.0,2026-06-02,130
ياسر القحطاني,قلوريز,جدة,مفقودون,3,605.0,2026-04-25,168
منيرة المطيري,قلوريز,مكة,معرّضون للفقد,2,604.0,2026-07-03,99
ريم القحطاني,قلوريز,جدة,أبطال,4,601.0,2026-09-27,13
بندر الغامدي,قلوريز,المدينة,معرّضون للفقد,3,600.0,2026-07-10,92
ياسر الزهراني,قلوريز,أبها,يحتاجون اهتمام,2,599.0,2026-08-31,40
بندر الشمري,قلوريز,المدينة,معرّضون للفقد,3,598.0,2026-06-23,109
جود البقمي,قلوريز,الرياض,مخلصون,3,597.0,2026-09-24,16
عبير السالم,قلوريز,أبها,يحتاجون اهتمام,2,593.0,2026-09-27,13
نايف الحربي,قلوريز,أبها,مخلصون,4,590.0,2026-09-03,37
ياسر الجهني,قلوريز,القصيم,مخلصون,4,588.0,2026-09-05,35
محمد الزهراني,قلوريز,جدة,أبطال,5,586.0,2026-10-05,5
هند الغامدي,قلوريز,الرياض,مفقودون,5,585.0,2026-05-25,138
عبدالله السالم,قلوريز,الرياض,أبطال,4,584.0,2026-10-01,9
راكان الحربي,قلوريز,الرياض,مخلصون,3,582.0,2026-09-25,15
بندر السالم,قلوريز,المدينة,مخلصون,3,582.0,2026-08-24,47
أمل الغامدي,قلوريز,الرياض,معرّضون للفقد,5,582.0,2026-07-18,84
محمد البقمي,قلوريز,جدة,معرّضون للفقد,3,582.0,2026-07-15,87
عبدالله العنزي,قلوريز,أبها,مفقودون,2,581.0,2026-05-27,136
راكان العتيبي,قلوريز,مكة,معرّضون للفقد,3,578.0,2026-08-09,62
بندر الزهراني,قلوريز,جدة,مفقودون,4,577.0,2026-05-20,143
سارة الحربي,قلوريز,مكة,مخلصون,3,573.0,2026-09-21,19
هند المالكي,قلوريز,مكة,مفقودون,4,572.0,2026-05-28,135
عبدالله الدوسري,قلوريز,الرياض,أبطال,4,571.0,2026-09-26,14
نايف الشهري,قلوريز,أبها,مفقودون,2,568.0,2026-05-27,136
تركي الشهري,قلوريز,المدينة,مخلصون,3,564.0,2026-09-07,33
دانة البقمي,قلوريز,الرياض,مخلصون,3,563.0,2026-09-23,17
بندر المطيري,قلوريز,الرياض,يحتاجون اهتمام,2,563.0,2026-09-15,25
سارة المالكي,قلوريز,الرياض,يحتاجون اهتمام,2,562.0,2026-09-03,37
خالد البقمي,قلوريز,الدمام,أبطال,5,561.0,2026-09-11,29
ريم السالم,قلوريز,الرياض,أبطال,4,560.0,2026-10-02,8
ريم القحطاني,قلوريز,أبها,مخلصون,4,559.0,2026-08-21,50
جود الدوسري,قلوريز,الرياض,مخلصون,3,558.0,2026-08-28,43
رهف الشهري,قلوريز,المدينة,مفقودون,4,556.0,2026-05-11,152
شهد العتيبي,قلوريز,الرياض,مخلصون,3,554.0,2026-09-27,13
رهف الجهني,قلوريز,القصيم,معرّضون للفقد,3,552.0,2026-06-28,104
بندر الرشيدي,قلوريز,الرياض,معرّضون للفقد,4,548.0,2026-08-06,65
غادة السالم,قلوريز,جدة,مفقودون,2,548.0,2026-05-23,140
ريم الغامدي,قلوريز,الرياض,مخلصون,3,546.0,2026-10-04,6
عبير البقمي,قلوريز,الرياض,أبطال,5,545.0,2026-09-29,11
أمل المطيري,قلوريز,الرياض,معرّضون للفقد,3,545.0,2026-07-09,93
راكان الحربي,قلوريز,القصيم,معرّضون للفقد,4,541.0,2026-06-12,120
أمل الدوسري,قلوريز,مكة,أبطال,4,540.0,2026-09-26,14
خالد البقمي,قلوريز,مكة,معرّضون للفقد,3,536.0,2026-08-06,65
عبير العتيبي,قلوريز,الدمام,أبطال,4,533.0,2026-10-08,2
شهد المطيري,قلوريز,الرياض,مخلصون,3,532.0,2026-09-24,16
دانة الغامدي,قلوريز,مكة,مخلصون,3,531.0,2026-09-16,24
عبير العنزي,قلوريز,الدمام,مخلصون,3,531.0,2026-09-05,35
لمى السالم,قلوريز,الرياض,معرّضون للفقد,2,531.0,2026-07-30,72
لمى الرشيدي,قلوريز,جدة,يحتاجون اهتمام,2,529.0,2026-09-12,28
فهد الرشيدي,قلوريز,الرياض,يحتاجون اهتمام,1,529.0,2026-08-11,60
عبدالله الجهني,قلوريز,المدينة,مفقودون,1,525.0,2026-06-07,125
منيرة السبيعي,قلوريز,الرياض,مخلصون,3,524.0,2026-09-27,13
جود السالم,قلوريز,الرياض,مخلصون,5,522.0,2026-09-06,34
لمى الدوسري,قلوريز,الرياض,معرّضون للفقد,5,521.0,2026-07-24,78
جود الزهراني,قلوريز,جدة,مفقودون,2,520.0,2026-05-11,152
نورة الشمري,قلوريز,الرياض,مفقودون,2,515.0,2026-06-10,122
هند البقمي,قلوريز,القصيم,مفقودون,5,514.0,2026-05-15,148
سارة السالم,قلوريز,الخبر,معرّضون للفقد,3,513.0,2026-07-29,73
نورة المالكي,قلوريز,القصيم,مخلصون,3,512.0,2026-10-09,1
عبير السالم,قلوريز,مكة,مخلصون,3,511.0,2026-09-05,35
نورة الزهراني,قلوريز,أبها,معرّضون للفقد,3,511.0,2026-07-19,83
غادة السبيعي,قلوريز,أبها,مفقودون,3,508.0,2026-06-04,128
فهد البقمي,قلوريز,الخبر,مفقودون,4,507.0,2026-04-27,166
بندر العنزي,قلوريز,الرياض,يحتاجون اهتمام,2,505.0,2026-09-15,25
نورة الشهري,قلوريز,الرياض,مفقودون,4,505.0,2026-06-11,121
فهد الزهراني,قلوريز,جدة,مخلصون,3,502.0,2026-10-07,3
لمى البقمي,قلوريز,جدة,معرّضون للفقد,3,502.0,2026-08-08,63
أمل الدوسري,قلوريز,تبوك,مفقودون,2,502.0,2026-06-04,128
عبير الجهني,قلوريز,الرياض,مخلصون,3,498.0,2026-10-04,6
دانة الغامدي,قلوريز,الدمام,مخلصون,4,498.0,2026-08-22,49
خالد العنزي,قلوريز,مكة,معرّضون للفقد,2,498.0,2026-07-02,100
ياسر الزهراني,قلوريز,الدمام,معرّضون للفقد,6,497.0,2026-07-25,77
جود الحربي,قلوريز,الرياض,معرّضون للفقد,4,497.0,2026-06-16,116
سارة العتيبي,قلوريز,الخبر,يحتاجون اهتمام,2,496.0,2026-08-30,41
نورة الشمري,قلوريز,الرياض,مفقودون,2,496.0,2026-05-19,144
رهف المالكي,قلوريز,الرياض,مخلصون,3,495.0,2026-09-20,20
محمد الجهني,قلوريز,الدمام,أبطال,4,493.0,2026-10-10,0
راكان السبيعي,قلوريز,الرياض,معرّضون للفقد,3,492.0,2026-07-30,72
نايف الزهراني,قلوريز,الرياض,مفقودون,2,490.0,2026-05-13,150
رهف المطيري,قلوريز,المدينة,مفقودون,2,490.0,2026-04-15,178
ريم العنزي,قلوريز,المدينة,جدد واعدون,1,489.0,2026-09-17,23
سارة الدوسري,قلوريز,الرياض,مفقودون,4,489.0,2026-05-31,132
غادة الغامدي,قلوريز,الرياض,معرّضون للفقد,2,487.0,2026-08-21,50
منيرة الحربي,قلوريز,تبوك,معرّضون للفقد,4,487.0,2026-07-04,98
رهف الشمري,قلوريز,الرياض,يحتاجون اهتمام,2,485.0,2026-09-28,12
تركي السالم,قلوريز,جدة,معرّضون للفقد,3,485.0,2026-07-30,72
عبير العتيبي,قلوريز,تبوك,معرّضون للفقد,3,484.0,2026-07-19,83
شهد الشهري,قلوريز,المدينة,يحتاجون اهتمام,2,480.0,2026-09-10,30
سارة الحربي,قلوريز,الرياض,يحتاجون اهتمام,2,478.0,2026-10-03,7
رهف العتيبي,قلوريز,الدمام,أبطال,4,478.0,2026-10-01,9
عبير المالكي,قلوريز,القصيم,جدد واعدون,1,478.0,2026-09-23,17
نورة العتيبي,قلوريز,الخبر,مفقودون,2,478.0,2026-05-13,150
عبير المالكي,قلوريز,الخبر,أبطال,4,477.0,2026-10-03,7
تركي السبيعي,قلوريز,تبوك,يحتاجون اهتمام,2,476.0,2026-09-05,35
جود العتيبي,قلوريز,الرياض,أبطال,4,475.0,2026-09-25,15
هند السالم,قلوريز,الرياض,جدد واعدون,1,474.0,2026-09-18,22
عبير البقمي,قلوريز,أبها,يحتاجون اهتمام,1,474.0,2026-09-05,35
عبدالله المطيري,قلوريز,الرياض,معرّضون للفقد,4,473.0,2026-07-21,81
نايف المالكي,قلوريز,الرياض,معرّضون للفقد,3,472.0,2026-07-02,100
ماجد الشمري,قلوريز,جدة,مفقودون,4,472.0,2026-05-20,143
منيرة البقمي,قلوريز,الرياض,يحتاجون اهتمام,1,470.0,2026-07-01,101
منيرة العنزي,قلوريز,الرياض,أبطال,4,468.0,2026-09-30,10
تركي المالكي,قلوريز,جدة,مفقودون,3,467.0,2026-05-16,147
منيرة الرشيدي,قلوريز,الرياض,معرّضون للفقد,3,466.0,2026-07-14,88
ريم المالكي,قلوريز,مكة,مفقودون,3,466.0,2026-05-29,134
محمد العنزي,قلوريز,الرياض,أبطال,4,465.0,2026-09-13,27
سلطان المالكي,قلوريز,مكة,معرّضون للفقد,2,465.0,2026-08-19,52
لمى الرشيدي,قلوريز,الدمام,جدد واعدون,1,464.0,2026-10-07,3
دانة البقمي,قلوريز,جدة,يحتاجون اهتمام,1,464.0,2026-06-14,118
غادة المطيري,قلوريز,الرياض,معرّضون للفقد,5,463.0,2026-07-12,90
بندر الغامدي,قلوريز,الرياض,مخلصون,3,462.0,2026-09-06,34
نورة السالم,قلوريز,الخبر,مخلصون,3,459.0,2026-09-11,29
غادة السبيعي,قلوريز,الرياض,مخلصون,3,459.0,2026-08-11,60
نورة المطيري,قلوريز,الرياض,مخلصون,3,458.0,2026-10-07,3
خالد الشمري,قلوريز,الخبر,يحتاجون اهتمام,2,458.0,2026-09-14,26
لمى السالم,قلوريز,الدمام,مخلصون,3,458.0,2026-08-23,48
نورة البقمي,قلوريز,تبوك,مفقودون,2,458.0,2026-06-11,121
هند الدوسري,قلوريز,القصيم,مفقودون,4,458.0,2026-05-28,135
عبدالله العتيبي,قلوريز,جدة,معرّضون للفقد,4,453.0,2026-06-14,118
دانة الزهراني,قلوريز,جدة,معرّضون للفقد,3,452.0,2026-07-21,81
غادة الجهني,قلوريز,الرياض,جدد واعدون,1,450.0,2026-09-25,15
جود الرشيدي,قلوريز,المدينة,معرّضون للفقد,2,450.0,2026-08-08,63
دانة الغامدي,قلوريز,المدينة,معرّضون للفقد,2,450.0,2026-07-21,81
جود الغامدي,قلوريز,المدينة,مخلصون,3,448.0,2026-09-24,16
تركي الزهراني,قلوريز,جدة,مفقودون,3,445.0,2026-05-15,148
نورة البقمي,قلوريز,جدة,يحتاجون اهتمام,2,444.0,2026-10-01,9
جود العتيبي,قلوريز,القصيم,مخلصون,3,443.0,2026-08-31,40
ريم الدوسري,قلوريز,الدمام,معرّضون للفقد,2,443.0,2026-08-06,65
رهف الرشيدي,قلوريز,الرياض,مخلصون,4,441.0,2026-09-03,37
غادة السبيعي,قلوريز,الرياض,معرّضون للفقد,2,441.0,2026-08-23,48
محمد الشمري,قلوريز,الرياض,معرّضون للفقد,3,441.0,2026-07-31,71
محمد السالم,قلوريز,الرياض,مخلصون,3,440.0,2026-09-29,11
هند السبيعي,قلوريز,أبها,معرّضون للفقد,3,437.0,2026-07-27,75
خالد الجهني,قلوريز,الرياض,معرّضون للفقد,3,437.0,2026-07-08,94
هند الزهراني,قلوريز,الخبر,يحتاجون اهتمام,2,436.0,2026-09-16,24
رهف الجهني,قلوريز,المدينة,مخلصون,3,436.0,2026-08-13,58
أمل القحطاني,قلوريز,الدمام,معرّضون للفقد,2,435.0,2026-07-23,79
خالد الغامدي,قلوريز,الرياض,مفقودون,4,435.0,2026-06-08,124
سلطان العنزي,قلوريز,مكة,يحتاجون اهتمام,1,434.0,2026-08-07,64
عبير المالكي,قلوريز,الرياض,مخلصون,3,432.0,2026-09-06,34
غادة الحربي,قلوريز,الرياض,مفقودون,2,432.0,2026-05-27,136
فهد الزهراني,قلوريز,تبوك,مخلصون,4,431.0,2026-08-11,60
بندر البقمي,قلوريز,الرياض,يحتاجون اهتمام,2,429.0,2026-10-05,5
عبدالله الزهراني,قلوريز,الدمام,أبطال,4,429.0,2026-09-13,27
ياسر الدوسري,قلوريز,جدة,مفقودون,3,429.0,2026-06-11,121
ماجد السالم,قلوريز,جدة,معرّضون للفقد,2,427.0,2026-08-05,66
منيرة الغامدي,قلوريز,المدينة,معرّضون للفقد,2,427.0,2026-07-25,77
عبدالله الرشيدي,قلوريز,الدمام,مخلصون,3,426.0,2026-09-12,28
نورة الغامدي,قلوريز,الدمام,معرّضون للفقد,2,426.0,2026-07-26,76
ماجد الشمري,قلوريز,جدة,معرّضون للفقد,3,425.0,2026-07-22,80
ماجد السبيعي,قلوريز,المدينة,مفقودون,4,425.0,2026-06-09,123
دانة العتيبي,قلوريز,الدمام,مخلصون,3,423.0,2026-10-08,2
سلطان الدوسري,قلوريز,جدة,مخلصون,3,423.0,2026-09-08,32
منيرة الشهري,قلوريز,الرياض,مخلصون,3,422.0,2026-09-23,17
منيرة الزهراني,قلوريز,الدمام,معرّضون للفقد,3,421.0,2026-06-24,108
راكان العتيبي,قلوريز,الرياض,يحتاجون اهتمام,1,419.0,2026-08-07,64
عبدالله العنزي,قلوريز,الرياض,يحتاجون اهتمام,1,419.0,2026-07-13,89
دانة المطيري,قلوريز,مكة,يحتاجون اهتمام,2,418.0,2026-09-10,30
عبير الدوسري,قلوريز,الرياض,معرّضون للفقد,3,416.0,2026-08-07,64
منيرة الرشيدي,قلوريز,أبها,يحتاجون اهتمام,2,415.0,2026-10-02,8
محمد الشمري,قلوريز,المدينة,جدد واعدون,1,415.0,2026-09-17,23
فهد الشهري,قلوريز,أبها,معرّضون للفقد,2,415.0,2026-08-07,64
جود العتيبي,قلوريز,جدة,مفقودون,2,415.0,2026-06-05,127
منيرة الزهراني,قلوريز,الرياض,يحتاجون اهتمام,2,414.0,2026-09-02,38
لمى الحربي,قلوريز,الرياض,مفقودون,4,414.0,2026-05-11,152
ياسر السالم,قلوريز,جدة,مفقودون,2,414.0,2026-05-10,153
فهد الزهراني,قلوريز,الرياض,معرّضون للفقد,2,413.0,2026-08-07,64
خالد الشمري,قلوريز,مكة,معرّضون للفقد,3,413.0,2026-07-27,75
غادة السالم,قلوريز,تبوك,مفقودون,2,413.0,2026-05-28,135
رهف الغامدي,قلوريز,تبوك,يحتاجون اهتمام,2,412.0,2026-09-13,27
خالد الجهني,قلوريز,مكة,معرّضون للفقد,2,412.0,2026-08-05,66
محمد السالم,قلوريز,جدة,مخلصون,3,411.0,2026-08-30,41
أمل الجهني,قلوريز,تبوك,معرّضون للفقد,2,411.0,2026-08-13,58
رهف الشهري,قلوريز,الخبر,معرّضون للفقد,3,411.0,2026-08-03,68
ماجد القحطاني,قلوريز,جدة,مخلصون,3,410.0,2026-08-17,54
رهف السالم,قلوريز,جدة,يحتاجون اهتمام,2,409.0,2026-09-12,28
سلطان الزهراني,قلوريز,جدة,يحتاجون اهتمام,2,409.0,2026-09-07,33
ماجد الجهني,قلوريز,أبها,يحتاجون اهتمام,1,409.0,2026-08-27,44
هند الحربي,قلوريز,تبوك,يحتاجون اهتمام,1,409.0,2026-06-23,109
ريم الدوسري,قلوريز,القصيم,مخلصون,3,408.0,2026-09-07,33
بندر الدوسري,قلوريز,جدة,يحتاجون اهتمام,2,407.0,2026-09-09,31
لمى العنزي,قلوريز,القصيم,مفقودون,1,407.0,2026-06-08,124
شهد الغامدي,قلوريز,الرياض,مفقودون,2,407.0,2026-05-05,158
نورة الجهني,قلوريز,المدينة,معرّضون للفقد,2,406.0,2026-08-12,59
ياسر البقمي,قلوريز,الخبر,معرّضون للفقد,2,406.0,2026-08-11,60
أمل المطيري,قلوريز,جدة,معرّضون للفقد,3,406.0,2026-08-04,67
منيرة الشهري,قلوريز,مكة,مخلصون,3,405.0,2026-08-29,42
شهد المطيري,قلوريز,الرياض,يحتاجون اهتمام,1,405.0,2026-07-29,73
منيرة الجهني,قلوريز,القصيم,معرّضون للفقد,3,405.0,2026-07-15,87
هند الشمري,قلوريز,القصيم,معرّضون للفقد,2,405.0,2026-07-13,89
دانة الحربي,قلوريز,أبها,أبطال,4,404.0,2026-10-03,7
راكان المالكي,قلوريز,المدينة,مخلصون,3,404.0,2026-09-30,10
لمى الشمري,قلوريز,الدمام,أبطال,4,404.0,2026-09-15,25
جود القحطاني,قلوريز,الرياض,مفقودون,2,403.0,2026-05-15,148
شهد السالم,قلوريز,أبها,معرّضون للفقد,2,401.0,2026-08-14,57
نورة الشهري,قلوريز,الرياض,معرّضون للفقد,3,401.0,2026-07-23,79
نايف البقمي,قلوريز,الرياض,مفقودون,4,401.0,2026-05-05,158
رهف الحربي,قلوريز,الرياض,يحتاجون اهتمام,1,399.0,2026-09-07,33
سارة البقمي,قلوريز,الرياض,يحتاجون اهتمام,1,399.0,2026-09-04,36
ماجد المالكي,قلوريز,جدة,مفقودون,3,399.0,2026-05-07,156
دانة العنزي,قلوريز,مكة,مخلصون,3,398.0,2026-09-18,22
ريم العنزي,قلوريز,الرياض,مخلصون,3,397.0,2026-09-04,36
سلطان الغامدي,قلوريز,المدينة,معرّضون للفقد,2,397.0,2026-06-17,115
عبير الرشيدي,قلوريز,الرياض,معرّضون للفقد,3,396.0,2026-07-24,78
محمد القحطاني,قلوريز,القصيم,مفقودون,3,396.0,2026-05-14,149
سارة العنزي,قلوريز,الدمام,يحتاجون اهتمام,2,395.0,2026-09-23,17
أمل العنزي,قلوريز,جدة,معرّضون للفقد,2,395.0,2026-08-01,70
ماجد الشهري,قلوريز,الدمام,يحتاجون اهتمام,1,395.0,2026-06-28,104
هند الرشيدي,قلوريز,جدة,معرّضون للفقد,4,394.0,2026-07-17,85
منيرة الزهراني,قلوريز,أبها,يحتاجون اهتمام,1,393.0,2026-07-15,87
خالد القحطاني,قلوريز,المدينة,مخلصون,3,392.0,2026-08-23,48
فهد الدوسري,قلوريز,الرياض,مفقودون,4,392.0,2026-06-06,126
أمل المطيري,قلوريز,جدة,معرّضون للفقد,3,391.0,2026-07-28,74
نايف الجهني,قلوريز,الرياض,معرّضون للفقد,2,389.0,2026-07-20,82
خالد الزهراني,قلوريز,مكة,معرّضون للفقد,4,389.0,2026-06-16,116
عبدالله البقمي,قلوريز,مكة,يحتاجون اهتمام,2,387.0,2026-09-28,12
دانة السبيعي,قلوريز,الرياض,معرّضون للفقد,2,387.0,2026-08-24,47
هند الغامدي,قلوريز,القصيم,مخلصون,3,386.0,2026-09-22,18
نايف المطيري,قلوريز,الرياض,مخلصون,4,386.0,2026-09-07,33
ياسر الغامدي,قلوريز,المدينة,يحتاجون اهتمام,1,385.0,2026-08-26,45
عبير الشمري,قلوريز,الرياض,معرّضون للفقد,2,385.0,2026-08-03,68
سلطان الحربي,قلوريز,الخبر,معرّضون للفقد,2,385.0,2026-07-31,71
فهد القحطاني,قلوريز,الدمام,مخلصون,3,384.0,2026-08-29,42
جود الحربي,قلوريز,مكة,مفقودون,2,384.0,2026-05-30,133
منيرة المالكي,قلوريز,الرياض,يحتاجون اهتمام,2,383.0,2026-09-25,15
هند الغامدي,قلوريز,جدة,أبطال,4,382.0,2026-10-02,8
عبير السالم,قلوريز,جدة,مفقودون,3,382.0,2026-05-28,135
تركي العنزي,قلوريز,الرياض,يحتاجون اهتمام,2,381.0,2026-09-07,33
جود الزهراني,قلوريز,القصيم,معرّضون للفقد,2,381.0,2026-08-19,52
تركي الحربي,قلوريز,جدة,معرّضون للفقد,2,381.0,2026-07-12,90
غادة البقمي,قلوريز,المدينة,مفقودون,2,381.0,2026-06-02,130
ريم الشهري,قلوريز,تبوك,يحتاجون اهتمام,2,380.0,2026-10-05,5
جود الحربي,قلوريز,جدة,مفقودون,1,380.0,2026-04-17,176
رهف الدوسري,قلوريز,الرياض,يحتاجون اهتمام,2,378.0,2026-09-17,23
ريم العتيبي,قلوريز,تبوك,معرّضون للفقد,4,378.0,2026-07-25,77
ريم العتيبي,قلوريز,المدينة,يحتاجون اهتمام,1,377.0,2026-09-02,38
نورة الجهني,قلوريز,الرياض,معرّضون للفقد,3,376.0,2026-07-03,99
نورة العنزي,قلوريز,الدمام,مخلصون,3,375.0,2026-09-17,23
عبدالله الزهراني,قلوريز,الدمام,معرّضون للفقد,2,375.0,2026-07-08,94
نورة الرشيدي,قلوريز,جدة,معرّضون للفقد,5,375.0,2026-07-04,98
ماجد العنزي,قلوريز,المدينة,مخلصون,3,374.0,2026-08-17,54
دانة الغامدي,قلوريز,مكة,مفقودون,3,374.0,2026-05-21,142
سارة البقمي,قلوريز,جدة,مخلصون,4,373.0,2026-08-17,54
بندر الحربي,قلوريز,جدة,مفقودون,2,373.0,2026-04-27,166
خالد الحربي,قلوريز,الرياض,يحتاجون اهتمام,2,372.0,2026-10-04,6
جود الغامدي,قلوريز,الرياض,مخلصون,3,372.0,2026-08-21,50
بندر السالم,قلوريز,الرياض,مخلصون,3,371.0,2026-08-20,51
راكان الغامدي,قلوريز,الخبر,مخلصون,3,371.0,2026-08-19,52
ماجد المطيري,قلوريز,الرياض,مخلصون,3,371.0,2026-08-11,60
رهف الغامدي,قلوريز,جدة,معرّضون للفقد,2,370.0,2026-08-22,49
تركي السبيعي,قلوريز,الرياض,مخلصون,4,368.0,2026-08-27,44
نورة العتيبي,قلوريز,جدة,معرّضون للفقد,2,368.0,2026-07-22,80
ياسر الحربي,قلوريز,جدة,معرّضون للفقد,2,367.0,2026-08-06,65
عبير العتيبي,قلوريز,مكة,معرّضون للفقد,4,367.0,2026-07-20,82
ياسر العنزي,قلوريز,الخبر,معرّضون للفقد,2,366.0,2026-07-21,81
ماجد الشمري,قلوريز,الرياض,مخلصون,4,365.0,2026-09-09,31
خالد الزهراني,قلوريز,الرياض,مفقودون,3,364.0,2026-05-13,150
هند الجهني,قلوريز,جدة,يحتاجون اهتمام,2,363.0,2026-09-15,25
ماجد المطيري,قلوريز,جدة,معرّضون للفقد,2,363.0,2026-08-04,67
دانة السبيعي,قلوريز,الرياض,مخلصون,3,362.0,2026-10-08,2
ياسر السالم,قلوريز,الدمام,جدد واعدون,1,360.0,2026-10-10,0
لمى البقمي,قلوريز,مكة,جدد واعدون,1,360.0,2026-09-23,17
دانة الرشيدي,قلوريز,القصيم,جدد واعدون,1,360.0,2026-09-17,23
سارة الشمري,قلوريز,جدة,جدد واعدون,1,360.0,2026-09-12,28
نورة الغامدي,قلوريز,الرياض,جدد واعدون,1,360.0,2026-09-12,28
جود الحربي,قلوريز,الخبر,يحتاجون اهتمام,1,360.0,2026-08-16,55
عبدالله السبيعي,قلوريز,الخبر,يحتاجون اهتمام,1,360.0,2026-08-12,59
سارة السبيعي,قلوريز,جدة,معرّضون للفقد,4,360.0,2026-07-13,89
محمد السبيعي,قلوريز,الرياض,يحتاجون اهتمام,1,360.0,2026-07-09,93
جود الزهراني,قلوريز,الرياض,مفقودون,1,360.0,2026-06-10,122
راكان الغامدي,قلوريز,مكة,معرّضون للفقد,2,359.0,2026-08-05,66
محمد المطيري,قلوريز,الخبر,معرّضون للفقد,2,359.0,2026-07-24,78
ريم البقمي,قلوريز,الرياض,معرّضون للفقد,2,358.0,2026-06-29,103
هند المطيري,قلوريز,الخبر,معرّضون للفقد,2,357.0,2026-07-29,73
ماجد الزهراني,قلوريز,الدمام,معرّضون للفقد,2,357.0,2026-06-12,120
بندر القحطاني,قلوريز,القصيم,يحتاجون اهتمام,1,356.0,2026-08-10,61
لمى القحطاني,قلوريز,أبها,مفقودون,1,356.0,2026-05-22,141
عبير العتيبي,قلوريز,جدة,مخلصون,3,355.0,2026-09-29,11
بندر الشمري,قلوريز,أبها,مخلصون,3,355.0,2026-09-23,17
فهد الشهري,قلوريز,جدة,معرّضون للفقد,2,355.0,2026-07-16,86
أمل العنزي,قلوريز,الدمام,يحتاجون اهتمام,2,354.0,2026-10-10,0
لمى الحربي,قلوريز,جدة,يحتاجون اهتمام,2,354.0,2026-09-17,23
جود الغامدي,قلوريز,الرياض,معرّضون للفقد,2,354.0,2026-08-09,62
شهد العنزي,قلوريز,الرياض,معرّضون للفقد,2,353.0,2026-08-10,61
خالد المطيري,قلوريز,الرياض,مخلصون,3,352.0,2026-09-19,21
رهف الزهراني,قلوريز,القصيم,معرّضون للفقد,3,352.0,2026-08-09,62
أمل العتيبي,قلوريز,جدة,يحتاجون اهتمام,2,351.0,2026-09-07,33
لمى القحطاني,قلوريز,مكة,معرّضون للفقد,2,351.0,2026-08-18,53
عبير الرشيدي,قلوريز,جدة,معرّضون للفقد,2,350.0,2026-08-17,54
فهد البقمي,قلوريز,القصيم,معرّضون للفقد,2,350.0,2026-08-16,55
خالد السالم,قلوريز,الرياض,معرّضون للفقد,3,350.0,2026-07-24,78
محمد السبيعي,قلوريز,جدة,معرّضون للفقد,2,349.0,2026-07-05,97
أمل العتيبي,قلوريز,جدة,مخلصون,3,348.0,2026-10-08,2
عبدالله المطيري,قلوريز,الرياض,يحتاجون اهتمام,1,348.0,2026-08-28,43
أمل الغامدي,قلوريز,الرياض,يحتاجون اهتمام,1,348.0,2026-08-27,44
خالد الشهري,قلوريز,جدة,مخلصون,3,348.0,2026-08-13,58
منيرة العنزي,قلوريز,الرياض,معرّضون للفقد,2,347.0,2026-07-28,74
هند الشهري,قلوريز,جدة,معرّضون للفقد,2,347.0,2026-07-16,86
ريم الحربي,قلوريز,الدمام,يحتاجون اهتمام,2,346.0,2026-10-08,2
لمى المطيري,قلوريز,القصيم,مخلصون,3,345.0,2026-09-09,31
راكان الغامدي,قلوريز,مكة,يحتاجون اهتمام,2,345.0,2026-09-05,35
نورة الحربي,قلوريز,جدة,مفقودون,3,345.0,2026-05-11,152
محمد الزهراني,قلوريز,الخبر,مخلصون,3,344.0,2026-10-09,1
منيرة العتيبي,قلوريز,الرياض,يحتاجون اهتمام,1,344.0,2026-08-01,70
نايف المطيري,قلوريز,الرياض,معرّضون للفقد,2,344.0,2026-07-20,82
محمد القحطاني,قلوريز,القصيم,يحتاجون اهتمام,1,343.0,2026-08-21,50
ياسر السالم,قلوريز,الرياض,يحتاجون اهتمام,2,342.0,2026-10-02,8
شهد السالم,قلوريز,تبوك,يحتاجون اهتمام,2,342.0,2026-09-09,31
منيرة الشمري,قلوريز,الرياض,معرّضون للفقد,3,342.0,2026-07-20,82
عبير الدوسري,قلوريز,مكة,يحتاجون اهتمام,2,341.0,2026-09-09,31
نورة العتيبي,قلوريز,الرياض,مخلصون,3,340.0,2026-10-05,5
دانة الزهراني,قلوريز,جدة,معرّضون للفقد,2,340.0,2026-08-20,51
رهف العتيبي,قلوريز,الخبر,معرّضون للفقد,2,340.0,2026-08-05,66
خالد المطيري,قلوريز,الدمام,معرّضون للفقد,3,340.0,2026-07-23,79
ماجد الزهراني,قلوريز,القصيم,جدد واعدون,1,338.0,2026-09-26,14
محمد الدوسري,قلوريز,الرياض,يحتاجون اهتمام,1,338.0,2026-08-29,42
محمد السالم,قلوريز,المدينة,يحتاجون اهتمام,1,338.0,2026-08-24,47
شهد العنزي,قلوريز,جدة,يحتاجون اهتمام,1,338.0,2026-07-23,79
هند العنزي,قلوريز,مكة,يحتاجون اهتمام,1,338.0,2026-06-25,107
عبدالله المطيري,قلوريز,المدينة,مفقودون,3,338.0,2026-06-02,130
عبدالله الحربي,قلوريز,جدة,يحتاجون اهتمام,2,335.0,2026-09-17,23
شهد الغامدي,قلوريز,القصيم,معرّضون للفقد,3,335.0,2026-06-17,115
ماجد الزهراني,قلوريز,تبوك,يحتاجون اهتمام,2,334.0,2026-10-02,8
ياسر السبيعي,قلوريز,الرياض,يحتاجون اهتمام,1,334.0,2026-09-08,32
شهد الغامدي,قلوريز,جدة,يحتاجون اهتمام,2,333.0,2026-09-22,18
فهد المالكي,قلوريز,الرياض,معرّضون للفقد,2,333.0,2026-08-01,70
تركي السالم,قلوريز,القصيم,معرّضون للفقد,4,333.0,2026-07-23,79
هند الشمري,قلوريز,الرياض,معرّضون للفقد,2,332.0,2026-08-20,51
هند الحربي,قلوريز,مكة,معرّضون للفقد,2,332.0,2026-08-09,62
لمى الغامدي,قلوريز,الرياض,معرّضون للفقد,2,332.0,2026-06-17,115
راكان العتيبي,قلوريز,جدة,مفقودون,2,332.0,2026-06-06,126
محمد السبيعي,قلوريز,الرياض,مفقودون,2,332.0,2026-05-16,147
محمد الشمري,قلوريز,الرياض,معرّضون للفقد,2,331.0,2026-06-30,102
دانة الغامدي,قلوريز,المدينة,مفقودون,2,331.0,2026-05-16,147
محمد المالكي,قلوريز,الرياض,مخلصون,3,330.0,2026-08-30,41
سارة الغامدي,قلوريز,الرياض,معرّضون للفقد,2,330.0,2026-08-10,61
بندر العنزي,قلوريز,الدمام,معرّضون للفقد,2,330.0,2026-08-01,70
نورة الجهني,قلوريز,أبها,مفقودون,2,330.0,2026-05-17,146
محمد الزهراني,قلوريز,الدمام,مخلصون,3,329.0,2026-10-01,9
أمل البقمي,قلوريز,مكة,مفقودون,2,329.0,2026-05-07,156
غادة الشهري,قلوريز,الرياض,يحتاجون اهتمام,2,328.0,2026-10-09,1
رهف الشهري,قلوريز,الخبر,يحتاجون اهتمام,2,328.0,2026-10-05,5
سارة القحطاني,قلوريز,الرياض,يحتاجون اهتمام,2,328.0,2026-10-03,7
هند القحطاني,قلوريز,الرياض,مخلصون,3,328.0,2026-08-20,51
غادة المالكي,قلوريز,مكة,جدد واعدون,1,327.0,2026-09-20,20
فهد العنزي,قلوريز,الرياض,يحتاجون اهتمام,2,326.0,2026-09-21,19
نايف الدوسري,قلوريز,المدينة,مخلصون,3,326.0,2026-09-14,26
شهد البقمي,قلوريز,الرياض,مفقودون,1,326.0,2026-05-29,134
عبير السبيعي,قلوريز,الدمام,جدد واعدون,1,324.0,2026-10-02,8
غادة المطيري,قلوريز,الدمام,يحتاجون اهتمام,1,324.0,2026-08-13,58
غادة الحربي,قلوريز,الرياض,معرّضون للفقد,2,324.0,2026-06-23,109
فهد البقمي,قلوريز,الدمام,جدد واعدون,1,322.0,2026-09-18,22
فهد الشهري,قلوريز,جدة,مفقودون,2,322.0,2026-06-07,125
بندر الرشيدي,قلوريز,الدمام,مفقودون,1,322.0,2026-05-20,143
دانة القحطاني,قلوريز,الرياض,مفقودون,1,322.0,2026-05-18,145
شهد الشهري,قلوريز,مكة,يحتاجون اهتمام,2,320.0,2026-10-02,8
رهف المطيري,قلوريز,الرياض,يحتاجون اهتمام,2,320.0,2026-09-17,23
سلطان الدوسري,قلوريز,جدة,معرّضون للفقد,2,320.0,2026-08-23,48
راكان الزهراني,قلوريز,الرياض,يحتاجون اهتمام,1,320.0,2026-08-16,55
هند الغامدي,قلوريز,أبها,يحتاجون اهتمام,2,319.0,2026-09-20,20
ياسر الشمري,قلوريز,الدمام,مفقودون,2,319.0,2026-05-29,134
فهد الدوسري,قلوريز,المدينة,أبطال,4,318.0,2026-10-02,8
سلطان المالكي,قلوريز,الرياض,جدد واعدون,1,318.0,2026-09-13,27
أمل السالم,قلوريز,أبها,يحتاجون اهتمام,2,318.0,2026-08-27,44
شهد السبيعي,قلوريز,الرياض,معرّضون للفقد,3,318.0,2026-08-07,64
ريم المالكي,قلوريز,جدة,يحتاجون اهتمام,1,318.0,2026-08-04,67
راكان الشهري,قلوريز,الرياض,مفقودون,2,318.0,2026-04-20,173
سارة البقمي,قلوريز,المدينة,معرّضون للفقد,2,317.0,2026-08-01,70
خالد الزهراني,قلوريز,الخبر,يحتاجون اهتمام,2,316.0,2026-10-05,5
محمد السالم,قلوريز,أبها,يحتاجون اهتمام,2,316.0,2026-08-30,41
سلطان الغامدي,قلوريز,الرياض,معرّضون للفقد,2,316.0,2026-07-06,96
ماجد البقمي,قلوريز,مكة,جدد واعدون,1,315.0,2026-09-28,12
نورة القحطاني,قلوريز,الرياض,معرّضون للفقد,2,315.0,2026-08-06,65
فهد السبيعي,قلوريز,الرياض,مفقودون,2,314.0,2026-05-03,160
لمى الحربي,قلوريز,الدمام,مخلصون,3,313.0,2026-09-28,12
عبير الحربي,قلوريز,الرياض,معرّضون للفقد,2,312.0,2026-07-29,73
جود الغامدي,قلوريز,أبها,مفقودون,2,312.0,2026-04-23,170
أمل الحربي,قلوريز,الدمام,مخلصون,3,310.0,2026-09-21,19
محمد الغامدي,قلوريز,جدة,يحتاجون اهتمام,2,310.0,2026-08-30,41
تركي الغامدي,قلوريز,الرياض,معرّضون للفقد,2,310.0,2026-08-04,67
محمد العتيبي,قلوريز,الرياض,يحتاجون اهتمام,2,309.0,2026-08-31,40
ماجد الحربي,قلوريز,المدينة,يحتاجون اهتمام,2,309.0,2026-08-26,45
أمل الدوسري,قلوريز,الدمام,معرّضون للفقد,2,308.0,2026-06-26,106
هند المطيري,قلوريز,جدة,مفقودون,2,308.0,2026-04-24,169
عبير المالكي,قلوريز,الدمام,مفقودون,2,307.0,2026-05-10,153
أمل القحطاني,قلوريز,تبوك,يحتاجون اهتمام,2,306.0,2026-08-28,43
ماجد الشمري,قلوريز,جدة,يحتاجون اهتمام,1,306.0,2026-08-26,45
نورة العتيبي,قلوريز,الرياض,معرّضون للفقد,2,306.0,2026-07-02,100
نورة المالكي,قلوريز,الرياض,مفقودون,2,306.0,2026-06-11,121
تركي الشهري,قلوريز,المدينة,مخلصون,3,305.0,2026-10-03,7
هند الجهني,قلوريز,الرياض,يحتاجون اهتمام,2,304.0,2026-09-11,29
محمد المالكي,قلوريز,الرياض,يحتاجون اهتمام,2,304.0,2026-09-11,29
خالد البقمي,قلوريز,الدمام,يحتاجون اهتمام,2,303.0,2026-09-28,12
فهد الشمري,قلوريز,أبها,معرّضون للفقد,2,303.0,2026-07-15,87
ريم الزهراني,قلوريز,الرياض,معرّضون للفقد,3,303.0,2026-07-09,93
نورة الشهري,قلوريز,الرياض,يحتاجون اهتمام,2,302.0,2026-08-29,42
تركي الشمري,قلوريز,الخبر,معرّضون للفقد,2,302.0,2026-08-20,51
سلطان الشمري,قلوريز,الرياض,معرّضون للفقد,2,302.0,2026-08-09,62
شهد السبيعي,قلوريز,الرياض,معرّضون للفقد,2,302.0,2026-07-14,88
ريم الغامدي,قلوريز,القصيم,معرّضون للفقد,2,301.0,2026-06-30,102
منيرة المالكي,قلوريز,جدة,معرّضون للفقد,2,300.0,2026-07-22,80
جود الحربي,قلوريز,جدة,معرّضون للفقد,2,300.0,2026-06-21,111
بندر الشهري,قلوريز,الدمام,يحتاجون اهتمام,2,299.0,2026-09-06,34
ياسر المالكي,قلوريز,أبها,معرّضون للفقد,2,299.0,2026-08-20,51
هند المطيري,قلوريز,المدينة,مفقودون,1,299.0,2026-06-04,128
سارة القحطاني,قلوريز,المدينة,مفقودون,1,299.0,2026-05-31,132
جود الحربي,قلوريز,أبها,يحتاجون اهتمام,2,298.0,2026-09-23,17
لمى السبيعي,قلوريز,الخبر,معرّضون للفقد,2,298.0,2026-07-14,88
محمد الرشيدي,قلوريز,المدينة,يحتاجون اهتمام,1,298.0,2026-07-05,97
شهد العتيبي,قلوريز,الرياض,يحتاجون اهتمام,1,297.0,2026-09-04,36
شهد الرشيدي,قلوريز,جدة,معرّضون للفقد,3,297.0,2026-06-30,102
رهف العتيبي,قلوريز,الرياض,يحتاجون اهتمام,2,296.0,2026-09-18,22
عبير الغامدي,قلوريز,جدة,معرّضون للفقد,3,296.0,2026-07-13,89
تركي الجهني,قلوريز,الرياض,يحتاجون اهتمام,1,296.0,2026-07-10,92
ريم السبيعي,قلوريز,جدة,مفقودون,3,296.0,2026-05-19,144
محمد القحطاني,قلوريز,مكة,جدد واعدون,1,295.0,2026-09-19,21
سلطان الشمري,قلوريز,الدمام,مخلصون,3,295.0,2026-09-18,22
رهف الجهني,قلوريز,الرياض,جدد واعدون,1,295.0,2026-09-11,29
بندر البقمي,قلوريز,الرياض,مفقودون,1,295.0,2026-05-14,149
فهد الدوسري,قلوريز,مكة,يحتاجون اهتمام,1,294.0,2026-09-05,35
شهد السالم,قلوريز,أبها,معرّضون للفقد,2,294.0,2026-08-16,55
بندر العنزي,قلوريز,الخبر,جدد واعدون,1,293.0,2026-09-21,19
ريم الجهني,قلوريز,الدمام,يحتاجون اهتمام,2,293.0,2026-09-06,34
سلطان المالكي,قلوريز,أبها,معرّضون للفقد,2,293.0,2026-06-18,114
جود الجهني,قلوريز,جدة,جدد واعدون,1,292.0,2026-09-22,18
نايف الرشيدي,قلوريز,مكة,يحتاجون اهتمام,1,292.0,2026-07-30,72
ماجد الحربي,قلوريز,المدينة,يحتاجون اهتمام,2,291.0,2026-09-15,25
هند الشهري,قلوريز,جدة,مفقودون,2,291.0,2026-05-31,132
لمى الشمري,قلوريز,الرياض,مخلصون,3,290.0,2026-09-25,15
سارة المالكي,قلوريز,جدة,معرّضون للفقد,2,290.0,2026-07-25,77
بندر المالكي,قلوريز,الرياض,جدد واعدون,1,289.0,2026-09-25,15
سارة الحربي,قلوريز,الدمام,جدد واعدون,1,289.0,2026-09-24,16
عبير الغامدي,قلوريز,الخبر,يحتاجون اهتمام,2,289.0,2026-09-13,27
ماجد الشمري,قلوريز,الرياض,يحتاجون اهتمام,1,289.0,2026-08-19,52
سلطان الدوسري,قلوريز,جدة,مخلصون,3,289.0,2026-08-11,60
ياسر الدوسري,قلوريز,الرياض,معرّضون للفقد,2,289.0,2026-08-02,69
عبدالله العتيبي,قلوريز,الدمام,يحتاجون اهتمام,1,289.0,2026-07-26,76
تركي الجهني,قلوريز,الرياض,مخلصون,3,288.0,2026-09-10,30
ياسر الغامدي,قلوريز,جدة,يحتاجون اهتمام,1,288.0,2026-09-01,39
ماجد الجهني,قلوريز,الرياض,يحتاجون اهتمام,2,287.0,2026-09-13,27
لمى الشمري,قلوريز,الرياض,معرّضون للفقد,2,287.0,2026-08-15,56
شهد القحطاني,قلوريز,الدمام,معرّضون للفقد,2,287.0,2026-08-02,69
أمل الدوسري,قلوريز,القصيم,معرّضون للفقد,2,287.0,2026-07-26,76
غادة القحطاني,قلوريز,الرياض,مخلصون,3,286.0,2026-10-02,8
ريم القحطاني,قلوريز,مكة,مخلصون,3,286.0,2026-09-27,13
خالد السالم,قلوريز,مكة,يحتاجون اهتمام,2,285.0,2026-10-01,9
محمد الشهري,قلوريز,أبها,يحتاجون اهتمام,2,285.0,2026-08-27,44
عبير الشهري,قلوريز,مكة,معرّضون للفقد,2,285.0,2026-08-17,54
نورة الجهني,قلوريز,الدمام,مفقودون,2,285.0,2026-06-04,128
بندر المالكي,قلوريز,الرياض,مخلصون,3,283.0,2026-10-09,1
بندر الزهراني,قلوريز,الرياض,يحتاجون اهتمام,2,283.0,2026-10-09,1
تركي المطيري,قلوريز,تبوك,يحتاجون اهتمام,2,283.0,2026-09-14,26
هند المطيري,قلوريز,أبها,معرّضون للفقد,2,283.0,2026-07-10,92
هند الحربي,قلوريز,الخبر,معرّضون للفقد,2,283.0,2026-06-27,105
نورة السبيعي,قلوريز,الرياض,مخلصون,3,282.0,2026-09-25,15
عبير المالكي,قلوريز,الرياض,مخلصون,3,282.0,2026-09-16,24
بندر الجهني,قلوريز,الرياض,معرّضون للفقد,2,282.0,2026-07-30,72
راكان السبيعي,قلوريز,جدة,مفقودون,2,281.0,2026-06-07,125
رهف المطيري,قلوريز,الرياض,يحتاجون اهتمام,2,280.0,2026-10-07,3
سارة الشهري,قلوريز,المدينة,يحتاجون اهتمام,2,280.0,2026-10-01,9
راكان المطيري,قلوريز,الرياض,يحتاجون اهتمام,2,280.0,2026-08-30,41
فهد الغامدي,قلوريز,مكة,يحتاجون اهتمام,2,280.0,2026-08-28,43
منيرة العتيبي,قلوريز,جدة,معرّضون للفقد,2,280.0,2026-08-25,46
سلطان الغامدي,قلوريز,تبوك,معرّضون للفقد,2,280.0,2026-06-26,106
جود الرشيدي,قلوريز,أبها,جدد واعدون,1,279.0,2026-10-05,5
عبدالله الزهراني,قلوريز,الرياض,يحتاجون اهتمام,2,279.0,2026-10-01,9
ياسر الزهراني,قلوريز,الدمام,جدد واعدون,1,279.0,2026-09-30,10
غادة الدوسري,قلوريز,مكة,جدد واعدون,1,279.0,2026-09-29,11
فهد العتيبي,قلوريز,الرياض,جدد واعدون,1,279.0,2026-09-25,15
محمد القحطاني,قلوريز,مكة,جدد واعدون,1,279.0,2026-09-18,22
خالد القحطاني,قلوريز,الرياض,جدد واعدون,1,279.0,2026-09-14,26
جود الجهني,قلوريز,تبوك,يحتاجون اهتمام,1,279.0,2026-09-02,38
محمد الجهني,قلوريز,الرياض,يحتاجون اهتمام,1,279.0,2026-08-27,44
بندر القحطاني,قلوريز,مكة,يحتاجون اهتمام,1,279.0,2026-07-28,74
نورة البقمي,قلوريز,أبها,يحتاجون اهتمام,1,279.0,2026-07-18,84
جود المطيري,قلوريز,الرياض,يحتاجون اهتمام,1,279.0,2026-07-09,93
شهد البقمي,قلوريز,القصيم,يحتاجون اهتمام,1,279.0,2026-07-05,97
رهف المالكي,قلوريز,مكة,يحتاجون اهتمام,1,279.0,2026-06-12,120
لمى البقمي,قلوريز,الرياض,معرّضون للفقد,2,278.0,2026-08-22,49
نورة العتيبي,قلوريز,الرياض,يحتاجون اهتمام,1,278.0,2026-08-22,49
لمى الرشيدي,قلوريز,الرياض,يحتاجون اهتمام,1,278.0,2026-08-16,55
ريم الدوسري,قلوريز,الرياض,مفقودون,2,278.0,2026-05-15,148
رهف الحربي,قلوريز,تبوك,جدد واعدون,1,277.0,2026-09-26,14
ريم الرشيدي,قلوريز,تبوك,يحتاجون اهتمام,2,277.0,2026-09-16,24
لمى الشهري,قلوريز,الرياض,يحتاجون اهتمام,1,277.0,2026-09-04,36
بندر الحربي,قلوريز,مكة,معرّضون للفقد,2,277.0,2026-08-06,65
بندر العتيبي,قلوريز,مكة,يحتاجون اهتمام,1,277.0,2026-07-17,85
شهد السبيعي,قلوريز,تبوك,يحتاجون اهتمام,2,275.0,2026-09-04,36
جود الرشيدي,قلوريز,جدة,يحتاجون اهتمام,1,275.0,2026-08-31,40
فهد الحربي,قلوريز,مكة,معرّضون للفقد,2,275.0,2026-06-27,105
نورة المالكي,قلوريز,الرياض,مفقودون,2,275.0,2026-05-29,134
بندر الجهني,قلوريز,الرياض,معرّضون للفقد,2,274.0,2026-08-03,68
شهد الدوسري,قلوريز,الرياض,معرّضون للفقد,2,274.0,2026-07-17,85
منيرة الرشيدي,قلوريز,جدة,مفقودون,2,274.0,2026-06-11,121
محمد الزهراني,قلوريز,الرياض,مفقودون,1,274.0,2026-05-20,143
محمد العتيبي,قلوريز,المدينة,يحتاجون اهتمام,2,273.0,2026-10-10,0
رهف الجهني,قلوريز,الرياض,جدد واعدون,1,273.0,2026-09-26,14
سلطان العتيبي,قلوريز,الرياض,جدد واعدون,1,273.0,2026-09-11,29
عبدالله العتيبي,قلوريز,الدمام,مخلصون,3,273.0,2026-09-10,30
بندر البقمي,قلوريز,القصيم,يحتاجون اهتمام,2,273.0,2026-08-30,41
راكان المالكي,قلوريز,الدمام,يحتاجون اهتمام,2,273.0,2026-08-28,43
رهف المالكي,قلوريز,الرياض,معرّضون للفقد,2,273.0,2026-07-30,72
غادة القحطاني,قلوريز,الرياض,يحتاجون اهتمام,1,273.0,2026-07-16,86
ياسر الغامدي,قلوريز,الخبر,معرّضون للفقد,3,273.0,2026-06-25,107
لمى الحربي,قلوريز,الدمام,مفقودون,2,273.0,2026-06-05,127
لمى السالم,قلوريز,المدينة,مفقودون,2,273.0,2026-05-20,143
لمى المالكي,قلوريز,الرياض,مخلصون,3,272.0,2026-08-20,51
نورة الزهراني,قلوريز,الرياض,يحتاجون اهتمام,1,272.0,2026-06-30,102
ياسر الحربي,قلوريز,أبها,يحتاجون اهتمام,2,271.0,2026-09-05,35
نايف الزهراني,قلوريز,الدمام,مفقودون,2,271.0,2026-06-05,127
عبدالله السالم,قلوريز,الخبر,مفقودون,3,271.0,2026-05-27,136
غادة الشمري,قلوريز,جدة,يحتاجون اهتمام,2,270.0,2026-08-29,42
سلطان المالكي,قلوريز,الرياض,يحتاجون اهتمام,1,270.0,2026-07-10,92
سارة العتيبي,قلوريز,الرياض,مفقودون,2,270.0,2026-06-06,126
منيرة الجهني,قلوريز,الرياض,يحتاجون اهتمام,2,269.0,2026-10-07,3
بندر العنزي,قلوريز,الرياض,يحتاجون اهتمام,2,269.0,2026-09-17,23
تركي السالم,قلوريز,الدمام,جدد واعدون,1,269.0,2026-09-13,27
نورة الرشيدي,قلوريز,جدة,يحتاجون اهتمام,1,269.0,2026-08-25,46
منيرة القحطاني,قلوريز,الرياض,مفقودون,3,269.0,2026-05-03,160
غادة الشهري,قلوريز,الرياض,يحتاجون اهتمام,2,268.0,2026-10-04,6
منيرة الغامدي,قلوريز,أبها,يحتاجون اهتمام,2,268.0,2026-09-21,19
دانة المطيري,قلوريز,مكة,يحتاجون اهتمام,2,268.0,2026-09-11,29
نورة الرشيدي,قلوريز,الرياض,معرّضون للفقد,2,268.0,2026-07-31,71
أمل الشمري,قلوريز,جدة,معرّضون للفقد,3,268.0,2026-07-27,75
هند الغامدي,قلوريز,جدة,مفقودون,2,268.0,2026-06-04,128
دانة الشهري,قلوريز,الرياض,جدد واعدون,1,267.0,2026-09-25,15
خالد العنزي,قلوريز,الخبر,مخلصون,3,267.0,2026-08-31,40
شهد الدوسري,قلوريز,الرياض,يحتاجون اهتمام,1,267.0,2026-08-30,41
نورة العنزي,قلوريز,الرياض,يحتاجون اهتمام,2,267.0,2026-08-26,45
بندر الجهني,قلوريز,الرياض,معرّضون للفقد,2,267.0,2026-08-16,55
بندر الشمري,قلوريز,جدة,معرّضون للفقد,2,267.0,2026-07-05,97
راكان البقمي,قلوريز,جدة,مفقودون,2,266.0,2026-05-30,133
رهف الحربي,قلوريز,الرياض,يحتاجون اهتمام,2,265.0,2026-09-25,15
ماجد البقمي,قلوريز,القصيم,يحتاجون اهتمام,2,265.0,2026-09-10,30
خالد الرشيدي,قلوريز,مكة,يحتاجون اهتمام,1,265.0,2026-07-31,71
رهف الشمري,قلوريز,أبها,معرّضون للفقد,2,265.0,2026-07-28,74
تركي الجهني,قلوريز,مكة,يحتاجون اهتمام,1,265.0,2026-07-11,91
ريم السالم,قلوريز,الدمام,مخلصون,3,264.0,2026-09-03,37
ماجد المالكي,قلوريز,تبوك,معرّضون للفقد,2,264.0,2026-08-20,51
عبدالله السالم,قلوريز,جدة,جدد واعدون,1,263.0,2026-09-29,11
نورة العتيبي,قلوريز,الدمام,يحتاجون اهتمام,2,263.0,2026-09-21,19
أمل الشمري,قلوريز,الرياض,يحتاجون اهتمام,1,263.0,2026-08-31,40
عبير المطيري,قلوريز,الخبر,جدد واعدون,1,262.0,2026-09-16,24
فهد المطيري,قلوريز,جدة,معرّضون للفقد,3,262.0,2026-08-08,63
شهد القحطاني,قلوريز,الرياض,يحتاجون اهتمام,2,261.0,2026-09-30,10
نورة الشهري,قلوريز,الرياض,جدد واعدون,1,261.0,2026-09-14,26
هند الشمري,قلوريز,مكة,مفقودون,2,261.0,2026-05-02,161
ماجد الشمري,قلوريز,الرياض,يحتاجون اهتمام,1,260.0,2026-09-05,35
غادة المالكي,قلوريز,جدة,معرّضون للفقد,2,260.0,2026-08-09,62
نورة العنزي,قلوريز,المدينة,معرّضون للفقد,2,260.0,2026-08-08,63
جود العتيبي,قلوريز,مكة,مفقودون,2,260.0,2026-05-23,140
أمل الزهراني,قلوريز,الرياض,يحتاجون اهتمام,2,259.0,2026-09-28,12
جود الدوسري,قلوريز,الرياض,يحتاجون اهتمام,2,259.0,2026-09-09,31
جود الرشيدي,قلوريز,الرياض,مخلصون,3,259.0,2026-08-16,55
راكان الدوسري,قلوريز,القصيم,معرّضون للفقد,2,259.0,2026-07-28,74
بندر الدوسري,قلوريز,القصيم,معرّضون للفقد,3,259.0,2026-06-25,107
هند الشمري,قلوريز,الرياض,معرّضون للفقد,2,259.0,2026-06-17,115
محمد المطيري,قلوريز,جدة,يحتاجون اهتمام,2,258.0,2026-10-03,7
عبدالله العتيبي,قلوريز,الرياض,مخلصون,3,258.0,2026-09-27,13
عبير المالكي,قلوريز,الرياض,يحتاجون اهتمام,2,258.0,2026-09-01,39
ماجد السبيعي,قلوريز,جدة,يحتاجون اهتمام,1,257.0,2026-08-30,41
أمل الدوسري,قلوريز,جدة,يحتاجون اهتمام,1,257.0,2026-07-09,93
رهف الشمري,قلوريز,مكة,مفقودون,2,257.0,2026-05-16,147
لمى المطيري,قلوريز,مكة,مفقودون,2,257.0,2026-04-27,166
ياسر الزهراني,قلوريز,جدة,جدد واعدون,1,255.0,2026-10-06,4
منيرة البقمي,قلوريز,الرياض,يحتاجون اهتمام,2,255.0,2026-09-28,12
رهف العنزي,قلوريز,الرياض,معرّضون للفقد,2,255.0,2026-08-03,68
هند القحطاني,قلوريز,تبوك,يحتاجون اهتمام,2,254.0,2026-10-02,8
جود العتيبي,قلوريز,مكة,يحتاجون اهتمام,2,254.0,2026-09-06,34
رهف الشهري,قلوريز,الرياض,يحتاجون اهتمام,2,254.0,2026-08-27,44
سلطان الغامدي,قلوريز,الدمام,معرّضون للفقد,3,254.0,2026-07-31,71
منيرة الحربي,قلوريز,مكة,يحتاجون اهتمام,1,254.0,2026-07-24,78
سلطان العنزي,قلوريز,الرياض,يحتاجون اهتمام,1,254.0,2026-07-23,79
تركي السبيعي,قلوريز,الدمام,يحتاجون اهتمام,1,254.0,2026-07-05,97
تركي الغامدي,قلوريز,المدينة,معرّضون للفقد,3,254.0,2026-06-25,107
جود الشهري,قلوريز,الرياض,يحتاجون اهتمام,1,253.0,2026-09-04,36
ياسر الزهراني,قلوريز,مكة,يحتاجون اهتمام,1,253.0,2026-08-05,66
رهف الدوسري,قلوريز,الرياض,يحتاجون اهتمام,2,252.0,2026-09-29,11
ريم الدوسري,قلوريز,الرياض,يحتاجون اهتمام,2,252.0,2026-09-23,17
ماجد الدوسري,قلوريز,الرياض,جدد واعدون,1,252.0,2026-09-18,22
نايف القحطاني,قلوريز,الرياض,يحتاجون اهتمام,2,252.0,2026-09-04,36
خالد السالم,قلوريز,جدة,مخلصون,3,252.0,2026-08-26,45
منيرة الغامدي,قلوريز,الدمام,معرّضون للفقد,2,252.0,2026-08-19,52
ياسر الزهراني,قلوريز,أبها,يحتاجون اهتمام,2,251.0,2026-09-15,25
منيرة المالكي,قلوريز,مكة,يحتاجون اهتمام,1,251.0,2026-08-21,50
ماجد العتيبي,قلوريز,مكة,معرّضون للفقد,2,250.0,2026-06-16,116
عبدالله العتيبي,قلوريز,الرياض,مفقودون,1,250.0,2026-05-25,138
أمل الرشيدي,قلوريز,مكة,معرّضون للفقد,2,249.0,2026-07-30,72
تركي العنزي,قلوريز,جدة,معرّضون للفقد,2,249.0,2026-07-14,88
راكان الشمري,قلوريز,الخبر,معرّضون للفقد,3,249.0,2026-07-09,93
راكان العتيبي,قلوريز,أبها,مخلصون,3,248.0,2026-09-04,36
نايف العتيبي,قلوريز,الرياض,مفقودون,3,248.0,2026-06-01,131
ماجد العنزي,قلوريز,الدمام,يحتاجون اهتمام,2,247.0,2026-09-12,28
فهد الغامدي,قلوريز,الدمام,يحتاجون اهتمام,1,247.0,2026-08-17,54
عبدالله المالكي,قلوريز,الرياض,مفقودون,1,247.0,2026-06-10,122
ياسر السبيعي,قلوريز,الخبر,مفقودون,1,247.0,2026-05-26,137
ماجد الشمري,قلوريز,الخبر,يحتاجون اهتمام,2,246.0,2026-10-07,3
شهد البقمي,قلوريز,القصيم,جدد واعدون,1,246.0,2026-09-13,27
عبدالله السالم,قلوريز,الرياض,معرّضون للفقد,2,246.0,2026-08-09,62
نايف الجهني,قلوريز,أبها,جدد واعدون,1,245.0,2026-09-23,17
منيرة المطيري,قلوريز,جدة,يحتاجون اهتمام,2,245.0,2026-09-15,25
عبير الزهراني,قلوريز,الرياض,معرّضون للفقد,2,245.0,2026-07-21,81
سلطان الدوسري,قلوريز,جدة,يحتاجون اهتمام,2,244.0,2026-10-10,0
نايف الغامدي,قلوريز,الرياض,جدد واعدون,1,244.0,2026-09-19,21
خالد البقمي,قلوريز,جدة,معرّضون للفقد,2,244.0,2026-07-22,80
عبير البقمي,قلوريز,الرياض,معرّضون للفقد,2,243.0,2026-08-16,55
منيرة العنزي,قلوريز,الدمام,معرّضون للفقد,2,243.0,2026-08-07,64
تركي المالكي,قلوريز,الخبر,معرّضون للفقد,2,243.0,2026-07-12,90
رهف العتيبي,قلوريز,الخبر,معرّضون للفقد,2,243.0,2026-07-08,94
ريم الحربي,قلوريز,جدة,مفقودون,2,243.0,2026-05-29,134
رهف الرشيدي,قلوريز,مكة,يحتاجون اهتمام,2,242.0,2026-09-26,14
محمد الرشيدي,قلوريز,مكة,يحتاجون اهتمام,2,242.0,2026-09-14,26
منيرة العتيبي,قلوريز,جدة,مخلصون,3,242.0,2026-08-22,49
نورة الشهري,قلوريز,الرياض,معرّضون للفقد,2,242.0,2026-08-08,63
سلطان الغامدي,قلوريز,المدينة,يحتاجون اهتمام,1,242.0,2026-07-17,85
أمل السبيعي,قلوريز,جدة,معرّضون للفقد,2,242.0,2026-07-14,88
سلطان البقمي,قلوريز,الدمام,مفقودون,2,242.0,2026-05-29,134
سارة الدوسري,قلوريز,الرياض,يحتاجون اهتمام,1,241.0,2026-07-24,78
بندر الحربي,قلوريز,جدة,مفقودون,2,241.0,2026-05-28,135
نورة المطيري,قلوريز,الرياض,جدد واعدون,1,240.0,2026-10-09,1
ريم السالم,قلوريز,الرياض,جدد واعدون,1,240.0,2026-10-09,1
منيرة الزهراني,قلوريز,الرياض,جدد واعدون,1,240.0,2026-10-01,9
عبير القحطاني,قلوريز,الرياض,جدد واعدون,1,240.0,2026-09-25,15
ماجد السبيعي,قلوريز,الرياض,جدد واعدون,1,240.0,2026-09-22,18
هند الرشيدي,قلوريز,جدة,جدد واعدون,1,240.0,2026-09-20,20
ياسر الحربي,قلوريز,الدمام,يحتاجون اهتمام,1,240.0,2026-09-09,31
شهد البقمي,قلوريز,الرياض,يحتاجون اهتمام,1,240.0,2026-09-08,32
محمد الدوسري,قلوريز,الدمام,يحتاجون اهتمام,1,240.0,2026-08-29,42
فهد الشمري,قلوريز,الدمام,يحتاجون اهتمام,1,240.0,2026-08-27,44
منيرة البقمي,قلوريز,المدينة,يحتاجون اهتمام,1,240.0,2026-08-21,50
محمد الحربي,قلوريز,مكة,يحتاجون اهتمام,1,240.0,2026-08-06,65
عبدالله الرشيدي,قلوريز,مكة,يحتاجون اهتمام,1,240.0,2026-07-21,81
لمى الدوسري,قلوريز,الرياض,يحتاجون اهتمام,1,240.0,2026-07-15,87
سلطان الغامدي,قلوريز,الرياض,يحتاجون اهتمام,1,240.0,2026-07-14,88
لمى السالم,قلوريز,الرياض,يحتاجون اهتمام,1,240.0,2026-07-08,94
عبدالله الغامدي,قلوريز,الدمام,يحتاجون اهتمام,1,240.0,2026-06-27,105
نورة السالم,قلوريز,جدة,يحتاجون اهتمام,1,240.0,2026-06-22,110
نورة المطيري,قلوريز,الرياض,يحتاجون اهتمام,1,240.0,2026-06-18,114
ريم الغامدي,قلوريز,الرياض,مفقودون,3,240.0,2026-05-19,144
خالد الزهراني,قلوريز,الرياض,مفقودون,1,240.0,2026-05-17,146
عبدالله العنزي,قلوريز,القصيم,مفقودون,1,240.0,2026-05-08,155
عبير المالكي,قلوريز,جدة,جدد واعدون,1,239.0,2026-09-11,29
شهد العنزي,قلوريز,جدة,معرّضون للفقد,3,239.0,2026-07-18,84
جود الحربي,قلوريز,جدة,جدد واعدون,1,238.0,2026-10-08,2
جود السالم,قلوريز,الرياض,يحتاجون اهتمام,1,238.0,2026-09-07,33
نورة الشمري,قلوريز,المدينة,يحتاجون اهتمام,2,238.0,2026-08-26,45
ريم السبيعي,قلوريز,الرياض,يحتاجون اهتمام,1,237.0,2026-08-08,63
لمى البقمي,قلوريز,جدة,يحتاجون اهتمام,1,237.0,2026-08-06,65
ياسر المالكي,قلوريز,الرياض,يحتاجون اهتمام,1,237.0,2026-06-22,110
أمل العتيبي,قلوريز,الرياض,مفقودون,1,237.0,2026-05-27,136
نايف المالكي,قلوريز,الرياض,معرّضون للفقد,2,236.0,2026-08-07,64
خالد البقمي,قلوريز,الدمام,معرّضون للفقد,2,236.0,2026-08-01,70
جود الشمري,قلوريز,الرياض,معرّضون للفقد,2,236.0,2026-07-27,75
عبدالله الشمري,قلوريز,الرياض,يحتاجون اهتمام,1,235.0,2026-08-07,64
لمى الشمري,قلوريز,الرياض,معرّضون للفقد,2,235.0,2026-07-26,76
جود الزهراني,قلوريز,جدة,معرّضون للفقد,2,235.0,2026-07-23,79
جود المطيري,قلوريز,جدة,معرّضون للفقد,2,235.0,2026-06-18,114
بندر العتيبي,قلوريز,القصيم,جدد واعدون,1,234.0,2026-10-05,5
خالد الرشيدي,قلوريز,جدة,يحتاجون اهتمام,2,234.0,2026-09-18,22
محمد الزهراني,قلوريز,الرياض,يحتاجون اهتمام,2,234.0,2026-09-13,27
عبير العتيبي,قلوريز,جدة,يحتاجون اهتمام,1,234.0,2026-07-28,74
نايف الحربي,قلوريز,جدة,معرّضون للفقد,2,234.0,2026-06-12,120
عبير الشهري,قلوريز,الدمام,معرّضون للفقد,2,233.0,2026-08-14,57
خالد الشهري,قلوريز,جدة,جدد واعدون,1,232.0,2026-10-04,6
شهد الجهني,قلوريز,مكة,يحتاجون اهتمام,2,232.0,2026-09-18,22
رهف الجهني,قلوريز,مكة,يحتاجون اهتمام,2,231.0,2026-09-04,36
دانة الرشيدي,قلوريز,تبوك,مفقودون,2,231.0,2026-05-22,141
ماجد الرشيدي,قلوريز,الدمام,يحتاجون اهتمام,2,230.0,2026-10-07,3
شهد العتيبي,قلوريز,الدمام,جدد واعدون,1,230.0,2026-09-24,16
تركي الشهري,قلوريز,الرياض,جدد واعدون,1,230.0,2026-09-24,16
أمل الغامدي,قلوريز,الرياض,يحتاجون اهتمام,2,230.0,2026-09-08,32
نايف القحطاني,قلوريز,القصيم,يحتاجون اهتمام,1,230.0,2026-08-01,70
محمد الزهراني,قلوريز,الدمام,معرّضون للفقد,2,230.0,2026-06-19,113
سلطان الشمري,قلوريز,الرياض,يحتاجون اهتمام,2,229.0,2026-10-10,0
سلطان الشهري,قلوريز,القصيم,يحتاجون اهتمام,2,228.0,2026-09-28,12
ماجد العتيبي,قلوريز,مكة,جدد واعدون,1,228.0,2026-09-15,25
راكان السالم,قلوريز,مكة,يحتاجون اهتمام,2,228.0,2026-09-08,32
ريم المطيري,قلوريز,جدة,يحتاجون اهتمام,1,228.0,2026-09-08,32
ماجد المالكي,قلوريز,المدينة,يحتاجون اهتمام,1,228.0,2026-09-04,36
منيرة الشهري,قلوريز,القصيم,يحتاجون اهتمام,2,228.0,2026-09-02,38
هند السالم,قلوريز,جدة,معرّضون للفقد,2,228.0,2026-08-22,49
نايف الشهري,قلوريز,الرياض,معرّضون للفقد,2,228.0,2026-08-12,59
غادة المطيري,قلوريز,مكة,يحتاجون اهتمام,1,228.0,2026-08-11,60
عبير الزهراني,قلوريز,الدمام,يحتاجون اهتمام,1,228.0,2026-08-07,64
ياسر السبيعي,قلوريز,الدمام,يحتاجون اهتمام,1,228.0,2026-07-27,75
نورة البقمي,قلوريز,الرياض,يحتاجون اهتمام,1,228.0,2026-07-11,91
منيرة الشهري,قلوريز,الرياض,مفقودون,2,228.0,2026-05-04,159
أمل الرشيدي,قلوريز,الرياض,مفقودون,2,227.0,2026-06-08,124
لمى الجهني,قلوريز,القصيم,يحتاجون اهتمام,2,226.0,2026-09-23,17
هند الحربي,قلوريز,جدة,معرّضون للفقد,2,226.0,2026-08-06,65
نايف الزهراني,قلوريز,المدينة,معرّضون للفقد,2,226.0,2026-07-31,71
منيرة البقمي,قلوريز,الرياض,معرّضون للفقد,2,226.0,2026-06-15,117
هند البقمي,قلوريز,الخبر,جدد واعدون,1,225.0,2026-09-25,15
دانة الشمري,قلوريز,الرياض,يحتاجون اهتمام,1,225.0,2026-08-02,69
شهد المطيري,قلوريز,جدة,يحتاجون اهتمام,1,225.0,2026-06-12,120
غادة الشهري,قلوريز,الرياض,يحتاجون اهتمام,1,224.0,2026-07-18,84
فهد البقمي,قلوريز,الرياض,معرّضون للفقد,2,224.0,2026-06-20,112
شهد الزهراني,قلوريز,الدمام,يحتاجون اهتمام,1,224.0,2026-06-13,119
راكان السالم,قلوريز,مكة,مفقودون,1,224.0,2026-06-08,124
دانة البقمي,قلوريز,جدة,مفقودون,1,224.0,2026-05-10,153
نايف الزهراني,قلوريز,جدة,مفقودون,2,224.0,2026-05-04,159
عبدالله الغامدي,قلوريز,الرياض,معرّضون للفقد,2,222.0,2026-08-08,63
سلطان العنزي,قلوريز,الرياض,معرّضون للفقد,2,222.0,2026-07-22,80
منيرة الشهري,قلوريز,الرياض,مفقودون,2,222.0,2026-05-28,135
خالد القحطاني,قلوريز,الخبر,مفقودون,2,222.0,2026-05-08,155
تركي الدوسري,قلوريز,جدة,معرّضون للفقد,2,221.0,2026-08-02,69
سارة الرشيدي,قلوريز,جدة,أبطال,4,220.0,2026-10-09,1
غادة الدوسري,قلوريز,جدة,مخلصون,3,220.0,2026-09-26,14
شهد الشمري,قلوريز,مكة,معرّضون للفقد,2,220.0,2026-08-10,61
محمد الشهري,قلوريز,جدة,يحتاجون اهتمام,1,220.0,2026-06-30,102
دانة القحطاني,قلوريز,الرياض,يحتاجون اهتمام,2,219.0,2026-09-30,10
هند العنزي,قلوريز,الدمام,يحتاجون اهتمام,1,219.0,2026-08-06,65
سلطان القحطاني,قلوريز,جدة,معرّضون للفقد,2,219.0,2026-07-28,74
تركي الدوسري,قلوريز,أبها,مفقودون,2,219.0,2026-05-02,161
سارة الشمري,قلوريز,الرياض,جدد واعدون,1,218.0,2026-09-23,17
هند البقمي,قلوريز,جدة,جدد واعدون,1,218.0,2026-09-11,29
سلطان الرشيدي,قلوريز,الدمام,يحتاجون اهتمام,1,218.0,2026-08-08,63
عبير البقمي,قلوريز,الخبر,يحتاجون اهتمام,1,218.0,2026-07-29,73
نايف الدوسري,قلوريز,الدمام,يحتاجون اهتمام,1,218.0,2026-07-01,101
شهد الغامدي,قلوريز,الرياض,مفقودون,2,218.0,2026-05-15,148
ماجد العنزي,قلوريز,المدينة,جدد واعدون,1,216.0,2026-10-05,5
عبدالله الشهري,قلوريز,تبوك,يحتاجون اهتمام,2,216.0,2026-09-03,37
شهد العنزي,قلوريز,جدة,يحتاجون اهتمام,1,216.0,2026-07-10,92
ياسر العنزي,قلوريز,جدة,مفقودون,1,216.0,2026-04-29,164
بندر العتيبي,قلوريز,أبها,معرّضون للفقد,2,215.0,2026-08-07,64
ماجد المطيري,قلوريز,الرياض,جدد واعدون,1,214.0,2026-09-23,17
محمد السبيعي,قلوريز,الرياض,يحتاجون اهتمام,1,214.0,2026-08-31,40
نايف الزهراني,قلوريز,الدمام,يحتاجون اهتمام,1,214.0,2026-08-23,48
رهف القحطاني,قلوريز,الدمام,يحتاجون اهتمام,1,214.0,2026-07-30,72
بندر الدوسري,قلوريز,الرياض,يحتاجون اهتمام,1,214.0,2026-07-27,75
خالد الحربي,قلوريز,الدمام,يحتاجون اهتمام,1,214.0,2026-07-26,76
نايف الدوسري,قلوريز,القصيم,يحتاجون اهتمام,1,214.0,2026-07-25,77
راكان الشهري,قلوريز,أبها,يحتاجون اهتمام,1,214.0,2026-07-06,96
سارة الدوسري,قلوريز,مكة,مخلصون,3,213.0,2026-08-31,40
فهد المطيري,قلوريز,الدمام,معرّضون للفقد,3,213.0,2026-06-18,114
ريم الجهني,قلوريز,تبوك,يحتاجون اهتمام,2,212.0,2026-10-03,7
فهد الغامدي,قلوريز,تبوك,يحتاجون اهتمام,1,212.0,2026-09-03,37
عبير الزهراني,قلوريز,جدة,يحتاجون اهتمام,2,212.0,2026-08-27,44
ماجد السالم,قلوريز,الرياض,يحتاجون اهتمام,1,212.0,2026-08-07,64
خالد العنزي,قلوريز,جدة,جدد واعدون,1,211.0,2026-09-14,26
منيرة المطيري,قلوريز,أبها,يحتاجون اهتمام,2,211.0,2026-08-26,45
دانة السالم,قلوريز,جدة,معرّضون للفقد,2,211.0,2026-07-08,94
سارة الشهري,قلوريز,الدمام,يحتاجون اهتمام,2,210.0,2026-09-18,22
سلطان الشمري,قلوريز,المدينة,معرّضون للفقد,2,210.0,2026-08-20,51
سلطان الرشيدي,قلوريز,مكة,يحتاجون اهتمام,1,210.0,2026-08-17,54
خالد السبيعي,قلوريز,الرياض,يحتاجون اهتمام,1,210.0,2026-08-17,54
سلطان المالكي,قلوريز,الرياض,يحتاجون اهتمام,1,210.0,2026-08-12,59
تركي العنزي,قلوريز,جدة,يحتاجون اهتمام,1,210.0,2026-08-04,67
راكان البقمي,قلوريز,جدة,يحتاجون اهتمام,1,210.0,2026-07-23,79
بندر الرشيدي,قلوريز,الدمام,يحتاجون اهتمام,1,210.0,2026-07-04,98
تركي الدوسري,قلوريز,الدمام,يحتاجون اهتمام,2,209.0,2026-10-04,6
عبدالله الزهراني,قلوريز,جدة,يحتاجون اهتمام,2,209.0,2026-09-27,13
هند الجهني,قلوريز,جدة,يحتاجون اهتمام,2,209.0,2026-09-20,20
رهف المطيري,قلوريز,الدمام,يحتاجون اهتمام,2,209.0,2026-09-09,31
نورة البقمي,قلوريز,مكة,يحتاجون اهتمام,2,209.0,2026-08-28,43
فهد المطيري,قلوريز,الرياض,معرّضون للفقد,2,209.0,2026-06-26,106
محمد الجهني,قلوريز,الرياض,مفقودون,2,209.0,2026-05-12,151
عبدالله الجهني,قلوريز,المدينة,مفقودون,3,209.0,2026-04-16,177
فهد المالكي,قلوريز,الرياض,يحتاجون اهتمام,1,208.0,2026-08-19,52
خالد الدوسري,قلوريز,جدة,يحتاجون اهتمام,1,208.0,2026-07-20,82
رهف الشمري,قلوريز,القصيم,يحتاجون اهتمام,1,208.0,2026-07-10,92
عبدالله السالم,قلوريز,الرياض,معرّضون للفقد,2,208.0,2026-07-10,92
غادة المالكي,قلوريز,الخبر,يحتاجون اهتمام,1,208.0,2026-07-01,101
غادة المالكي,قلوريز,الرياض,مفقودون,1,208.0,2026-06-11,121
نورة الحربي,قلوريز,الرياض,يحتاجون اهتمام,2,207.0,2026-10-08,2
تركي السالم,قلوريز,المدينة,يحتاجون اهتمام,2,207.0,2026-09-11,29
هند الزهراني,قلوريز,جدة,يحتاجون اهتمام,1,207.0,2026-09-02,38
سلطان الدوسري,قلوريز,أبها,يحتاجون اهتمام,2,207.0,2026-09-02,38
راكان الرشيدي,قلوريز,جدة,معرّضون للفقد,2,207.0,2026-08-25,46
تركي الشهري,قلوريز,الخبر,معرّضون للفقد,2,207.0,2026-07-13,89
سلطان المالكي,قلوريز,الرياض,مفقودون,1,207.0,2026-06-09,123
نايف القحطاني,قلوريز,الرياض,جدد واعدون,1,206.0,2026-10-09,1
غادة الشمري,قلوريز,المدينة,يحتاجون اهتمام,2,206.0,2026-09-29,11
نورة الزهراني,قلوريز,جدة,مخلصون,3,206.0,2026-09-25,15
راكان المطيري,قلوريز,جدة,يحتاجون اهتمام,2,206.0,2026-09-17,23
نايف العنزي,قلوريز,الخبر,يحتاجون اهتمام,1,206.0,2026-06-22,110
هند العتيبي,قلوريز,الرياض,يحتاجون اهتمام,1,206.0,2026-06-19,113
سلطان القحطاني,قلوريز,مكة,معرّضون للفقد,2,205.0,2026-08-19,52
نايف العتيبي,قلوريز,جدة,معرّضون للفقد,2,205.0,2026-08-11,60
ياسر المطيري,قلوريز,الرياض,معرّضون للفقد,2,205.0,2026-07-11,91
محمد السالم,قلوريز,الرياض,معرّضون للفقد,2,205.0,2026-06-16,116
غادة الدوسري,قلوريز,مكة,جدد واعدون,1,204.0,2026-09-23,17
منيرة الرشيدي,قلوريز,مكة,جدد واعدون,1,204.0,2026-09-11,29
عبير المطيري,قلوريز,الخبر,يحتاجون اهتمام,1,204.0,2026-09-05,35
نايف القحطاني,قلوريز,الرياض,يحتاجون اهتمام,1,204.0,2026-09-01,39
ريم العنزي,قلوريز,جدة,يحتاجون اهتمام,1,204.0,2026-08-28,43
منيرة الجهني,قلوريز,الرياض,معرّضون للفقد,2,204.0,2026-07-31,71
ريم السالم,قلوريز,الرياض,يحتاجون اهتمام,1,204.0,2026-07-31,71
تركي الزهراني,قلوريز,مكة,يحتاجون اهتمام,1,204.0,2026-06-28,104
سلطان الرشيدي,قلوريز,الرياض,يحتاجون اهتمام,1,204.0,2026-06-23,109
هند الجهني,قلوريز,تبوك,يحتاجون اهتمام,1,204.0,2026-06-18,114
دانة الشمري,قلوريز,الرياض,يحتاجون اهتمام,1,204.0,2026-06-13,119
تركي الدوسري,قلوريز,الرياض,يحتاجون اهتمام,2,203.0,2026-10-08,2
محمد الزهراني,قلوريز,المدينة,جدد واعدون,1,202.0,2026-09-19,21
لمى المالكي,قلوريز,الرياض,جدد واعدون,1,202.0,2026-09-13,27
عبدالله الدوسري,قلوريز,الرياض,يحتاجون اهتمام,1,202.0,2026-08-28,43
عبدالله المطيري,قلوريز,الرياض,يحتاجون اهتمام,1,202.0,2026-08-05,66
فهد الشمري,قلوريز,مكة,يحتاجون اهتمام,1,202.0,2026-08-02,69
أمل المطيري,قلوريز,الدمام,يحتاجون اهتمام,1,202.0,2026-07-03,99
هند الجهني,قلوريز,جدة,يحتاجون اهتمام,1,202.0,2026-06-18,114
خالد القحطاني,قلوريز,الرياض,يحتاجون اهتمام,2,201.0,2026-08-27,44
هند الشمري,قلوريز,مكة,مخلصون,3,200.0,2026-09-06,34
شهد البقمي,قلوريز,الرياض,يحتاجون اهتمام,1,200.0,2026-08-14,57
غادة المالكي,قلوريز,جدة,معرّضون للفقد,2,200.0,2026-07-08,94
جود الحربي,قلوريز,الرياض,يحتاجون اهتمام,1,200.0,2026-06-28,104
شهد الجهني,قلوريز,الخبر,مفقودون,1,200.0,2026-05-19,144
دانة السبيعي,قلوريز,جدة,جدد واعدون,1,199.0,2026-09-24,16
نورة البقمي,قلوريز,الرياض,يحتاجون اهتمام,2,199.0,2026-09-14,26
عبدالله المطيري,قلوريز,جدة,يحتاجون اهتمام,2,199.0,2026-09-12,28
هند الغامدي,قلوريز,المدينة,يحتاجون اهتمام,2,199.0,2026-09-04,36
شهد البقمي,قلوريز,الرياض,يحتاجون اهتمام,2,199.0,2026-08-30,41
سارة الشمري,قلوريز,تبوك,يحتاجون اهتمام,1,199.0,2026-08-18,53
ياسر الدوسري,قلوريز,مكة,معرّضون للفقد,2,199.0,2026-07-29,73
دانة الشمري,قلوريز,الرياض,يحتاجون اهتمام,1,199.0,2026-07-21,81
فهد الدوسري,قلوريز,الخبر,معرّضون للفقد,2,199.0,2026-07-07,95
سارة الزهراني,قلوريز,الرياض,مفقودون,2,199.0,2026-06-03,129
أمل المالكي,قلوريز,تبوك,جدد واعدون,1,198.0,2026-10-08,2
فهد العتيبي,قلوريز,الخبر,جدد واعدون,1,198.0,2026-09-22,18
غادة العنزي,قلوريز,مكة,يحتاجون اهتمام,2,198.0,2026-09-16,24
منيرة القحطاني,قلوريز,المدينة,معرّضون للفقد,2,198.0,2026-08-17,54
سارة الزهراني,قلوريز,جدة,يحتاجون اهتمام,1,198.0,2026-07-28,74
جود البقمي,قلوريز,الدمام,يحتاجون اهتمام,1,198.0,2026-06-12,120
ريم القحطاني,قلوريز,المدينة,مفقودون,1,198.0,2026-05-15,148
عبدالله الرشيدي,قلوريز,مكة,يحتاجون اهتمام,2,197.0,2026-10-10,0
ياسر الغامدي,قلوريز,الرياض,يحتاجون اهتمام,2,197.0,2026-09-27,13
غادة الشمري,قلوريز,الرياض,معرّضون للفقد,2,197.0,2026-08-09,62
دانة المالكي,قلوريز,الرياض,يحتاجون اهتمام,1,197.0,2026-07-30,72
سلطان المالكي,قلوريز,الرياض,يحتاجون اهتمام,1,197.0,2026-06-13,119
عبير المطيري,قلوريز,الرياض,مفقودون,1,197.0,2026-06-07,125
عبدالله العنزي,قلوريز,الرياض,مفقودون,2,197.0,2026-05-22,141
نورة المطيري,قلوريز,الدمام,جدد واعدون,1,196.0,2026-09-20,20
رهف السالم,قلوريز,الخبر,يحتاجون اهتمام,1,196.0,2026-08-26,45
سلطان البقمي,قلوريز,الرياض,يحتاجون اهتمام,1,196.0,2026-06-30,102
شهد المطيري,قلوريز,الرياض,يحتاجون اهتمام,2,195.0,2026-09-10,30
عبير الدوسري,قلوريز,الرياض,معرّضون للفقد,2,195.0,2026-07-15,87
شهد الدوسري,قلوريز,جدة,معرّضون للفقد,2,195.0,2026-06-19,113
ريم الجهني,قلوريز,مكة,مفقودون,2,195.0,2026-06-11,121
عبدالله السبيعي,قلوريز,الدمام,جدد واعدون,1,194.0,2026-10-01,9
راكان السالم,قلوريز,الرياض,جدد واعدون,1,194.0,2026-09-24,16
أمل الشهري,قلوريز,مكة,يحتاجون اهتمام,2,194.0,2026-09-17,23
بندر المطيري,قلوريز,مكة,يحتاجون اهتمام,1,194.0,2026-08-23,48
ياسر الشمري,قلوريز,الرياض,معرّضون للفقد,2,194.0,2026-07-27,75
سارة الشمري,قلوريز,جدة,مفقودون,1,194.0,2026-05-31,132
جود العنزي,قلوريز,الرياض,مفقودون,1,194.0,2026-04-28,165
تركي المالكي,قلوريز,جدة,يحتاجون اهتمام,2,193.0,2026-09-12,28
ماجد البقمي,قلوريز,الدمام,يحتاجون اهتمام,1,193.0,2026-09-08,32
فهد المالكي,قلوريز,الرياض,يحتاجون اهتمام,2,193.0,2026-08-30,41
غادة الدوسري,قلوريز,الرياض,معرّضون للفقد,2,193.0,2026-07-29,73
سلطان المالكي,قلوريز,جدة,مفقودون,2,193.0,2026-06-05,127
غادة الزهراني,قلوريز,أبها,جدد واعدون,1,192.0,2026-09-28,12
غادة السالم,قلوريز,أبها,جدد واعدون,1,192.0,2026-09-21,19
منيرة الشهري,قلوريز,جدة,يحتاجون اهتمام,1,192.0,2026-07-12,90
نايف المالكي,قلوريز,الدمام,معرّضون للفقد,2,191.0,2026-08-21,50
هند المالكي,قلوريز,الدمام,جدد واعدون,1,190.0,2026-10-04,6
هند الزهراني,قلوريز,الرياض,يحتاجون اهتمام,1,190.0,2026-08-23,48
بندر القحطاني,قلوريز,الخبر,يحتاجون اهتمام,1,190.0,2026-08-10,61
سلطان الرشيدي,قلوريز,الرياض,معرّضون للفقد,2,190.0,2026-08-10,61
ياسر الشهري,قلوريز,المدينة,مخلصون,3,189.0,2026-09-12,28
هند الشمري,قلوريز,الرياض,يحتاجون اهتمام,2,189.0,2026-09-04,36
خالد الغامدي,قلوريز,الرياض,معرّضون للفقد,2,189.0,2026-08-24,47
جود الرشيدي,قلوريز,الرياض,معرّضون للفقد,2,189.0,2026-07-30,72
ماجد الرشيدي,قلوريز,الرياض,مفقودون,2,189.0,2026-06-11,121
سارة الشهري,قلوريز,الخبر,مفقودون,2,189.0,2026-05-15,148
تركي الرشيدي,قلوريز,الرياض,جدد واعدون,1,188.0,2026-09-16,24
نورة السالم,قلوريز,جدة,يحتاجون اهتمام,1,188.0,2026-08-10,61
لمى المالكي,قلوريز,مكة,يحتاجون اهتمام,1,188.0,2026-08-09,62
رهف الدوسري,قلوريز,مكة,معرّضون للفقد,2,188.0,2026-08-08,63
خالد الغامدي,قلوريز,الرياض,معرّضون للفقد,2,187.0,2026-08-10,61
بندر الغامدي,قلوريز,القصيم,معرّضون للفقد,2,187.0,2026-07-28,74
دانة الحربي,قلوريز,جدة,مفقودون,2,187.0,2026-06-07,125
ياسر القحطاني,قلوريز,مكة,يحتاجون اهتمام,2,186.0,2026-09-29,11
أمل السالم,قلوريز,الرياض,يحتاجون اهتمام,1,186.0,2026-08-04,67
ياسر السبيعي,قلوريز,الرياض,يحتاجون اهتمام,1,185.0,2026-06-30,102
ياسر الرشيدي,قلوريز,مكة,مفقودون,2,185.0,2026-05-31,132
بندر المطيري,قلوريز,الرياض,مفقودون,2,185.0,2026-05-16,147
عبير الحربي,قلوريز,الرياض,معرّضون للفقد,2,184.0,2026-08-22,49
ريم القحطاني,قلوريز,الرياض,معرّضون للفقد,2,184.0,2026-08-17,54
ماجد الشهري,قلوريز,الرياض,يحتاجون اهتمام,1,184.0,2026-08-13,58
دانة الغامدي,قلوريز,مكة,معرّضون للفقد,2,184.0,2026-08-10,61
بندر السالم,قلوريز,الخبر,مفقودون,1,184.0,2026-05-13,150
شهد البقمي,قلوريز,الدمام,جدد واعدون,1,183.0,2026-10-08,2
محمد الشهري,قلوريز,جدة,يحتاجون اهتمام,2,183.0,2026-09-06,34
خالد البقمي,قلوريز,الرياض,يحتاجون اهتمام,1,183.0,2026-08-23,48
ماجد البقمي,قلوريز,القصيم,معرّضون للفقد,2,183.0,2026-07-07,95
جود الحربي,قلوريز,الرياض,يحتاجون اهتمام,1,182.0,2026-09-08,32
تركي الشمري,قلوريز,الرياض,يحتاجون اهتمام,1,182.0,2026-06-18,114
سارة المطيري,قلوريز,أبها,مفقودون,1,181.0,2026-05-30,133
نورة الدوسري,قلوريز,الدمام,يحتاجون اهتمام,1,180.0,2026-06-24,108
لمى الشهري,قلوريز,الدمام,جدد واعدون,1,179.0,2026-09-29,11
أمل البقمي,قلوريز,جدة,جدد واعدون,1,179.0,2026-09-28,12
عبدالله العتيبي,قلوريز,مكة,يحتاجون اهتمام,1,179.0,2026-09-02,38
منيرة المطيري,قلوريز,الرياض,يحتاجون اهتمام,1,179.0,2026-08-25,46
نايف العنزي,قلوريز,القصيم,يحتاجون اهتمام,1,179.0,2026-08-21,50
تركي العنزي,قلوريز,جدة,يحتاجون اهتمام,1,179.0,2026-07-27,75
بندر السبيعي,قلوريز,الدمام,معرّضون للفقد,2,179.0,2026-07-04,98
راكان القحطاني,قلوريز,القصيم,يحتاجون اهتمام,1,179.0,2026-06-24,108
شهد السالم,قلوريز,الرياض,مفقودون,1,179.0,2026-06-01,131
شهد الجهني,قلوريز,المدينة,يحتاجون اهتمام,2,178.0,2026-10-04,6
ماجد الغامدي,قلوريز,الرياض,يحتاجون اهتمام,1,178.0,2026-08-11,60
منيرة الرشيدي,قلوريز,الخبر,جدد واعدون,1,177.0,2026-10-09,1
عبدالله القحطاني,قلوريز,الرياض,جدد واعدون,1,177.0,2026-10-07,3
تركي الغامدي,قلوريز,جدة,جدد واعدون,1,177.0,2026-09-17,23
محمد المطيري,قلوريز,جدة,يحتاجون اهتمام,1,177.0,2026-09-07,33
بندر المطيري,قلوريز,الرياض,يحتاجون اهتمام,1,177.0,2026-08-24,47
نورة القحطاني,قلوريز,الرياض,معرّضون للفقد,2,177.0,2026-08-23,48
شهد البقمي,قلوريز,أبها,يحتاجون اهتمام,1,177.0,2026-07-14,88
دانة السالم,قلوريز,الرياض,يحتاجون اهتمام,1,177.0,2026-06-22,110
هند الرشيدي,قلوريز,مكة,يحتاجون اهتمام,1,177.0,2026-06-22,110
عبدالله الحربي,قلوريز,الدمام,مفقودون,1,177.0,2026-05-27,136
عبير السبيعي,قلوريز,أبها,مفقودون,1,177.0,2026-04-23,170
سارة السبيعي,قلوريز,تبوك,جدد واعدون,1,176.0,2026-10-02,8
نايف العتيبي,قلوريز,الرياض,يحتاجون اهتمام,1,176.0,2026-08-21,50
هند البقمي,قلوريز,الرياض,مفقودون,1,176.0,2026-04-30,163
محمد العنزي,قلوريز,أبها,جدد واعدون,1,175.0,2026-09-24,16
عبدالله الجهني,قلوريز,جدة,جدد واعدون,1,175.0,2026-09-19,21
سلطان الغامدي,قلوريز,تبوك,يحتاجون اهتمام,2,175.0,2026-08-26,45
لمى الرشيدي,قلوريز,أبها,يحتاجون اهتمام,1,175.0,2026-08-11,60
غادة العنزي,قلوريز,جدة,يحتاجون اهتمام,1,175.0,2026-08-01,70
بندر المالكي,قلوريز,الرياض,يحتاجون اهتمام,1,175.0,2026-07-24,78
عبير العتيبي,قلوريز,الدمام,يحتاجون اهتمام,1,175.0,2026-07-19,83
منيرة القحطاني,قلوريز,الرياض,يحتاجون اهتمام,1,175.0,2026-07-07,95
رهف البقمي,قلوريز,الرياض,يحتاجون اهتمام,1,175.0,2026-07-05,97
نايف الشمري,قلوريز,المدينة,مفقودون,2,175.0,2026-06-10,122
هند الحربي,قلوريز,الرياض,مفقودون,1,175.0,2026-05-27,136
محمد المالكي,قلوريز,مكة,يحتاجون اهتمام,2,173.0,2026-09-30,10
ياسر العنزي,قلوريز,أبها,يحتاجون اهتمام,2,173.0,2026-09-18,22
محمد الرشيدي,قلوريز,جدة,يحتاجون اهتمام,2,173.0,2026-09-17,23
أمل القحطاني,قلوريز,الرياض,يحتاجون اهتمام,2,173.0,2026-09-12,28
لمى المطيري,قلوريز,الرياض,يحتاجون اهتمام,2,173.0,2026-09-05,35
عبدالله العتيبي,قلوريز,مكة,يحتاجون اهتمام,1,173.0,2026-08-30,41
عبدالله الدوسري,قلوريز,الرياض,يحتاجون اهتمام,1,173.0,2026-08-28,43
جود الرشيدي,قلوريز,أبها,يحتاجون اهتمام,1,173.0,2026-08-20,51
فهد الدوسري,قلوريز,القصيم,معرّضون للفقد,2,173.0,2026-08-09,62
تركي الرشيدي,قلوريز,الخبر,يحتاجون اهتمام,1,173.0,2026-07-22,80
رهف الحربي,قلوريز,جدة,معرّضون للفقد,2,173.0,2026-06-29,103
ريم المالكي,قلوريز,الرياض,يحتاجون اهتمام,1,173.0,2026-06-13,119
ياسر السبيعي,قلوريز,الرياض,يحتاجون اهتمام,1,173.0,2026-06-12,120
فهد العتيبي,قلوريز,المدينة,مفقودون,1,173.0,2026-06-02,130
خالد الحربي,قلوريز,جدة,جدد واعدون,1,172.0,2026-09-22,18
منيرة القحطاني,قلوريز,جدة,يحتاجون اهتمام,1,172.0,2026-09-03,37
ماجد الحربي,قلوريز,مكة,يحتاجون اهتمام,1,172.0,2026-08-10,61
بندر السالم,قلوريز,جدة,معرّضون للفقد,2,171.0,2026-07-27,75
نورة العنزي,قلوريز,الرياض,مفقودون,2,171.0,2026-05-26,137
منيرة الشهري,قلوريز,مكة,يحتاجون اهتمام,2,170.0,2026-10-04,6
غادة البقمي,قلوريز,جدة,جدد واعدون,1,169.0,2026-10-10,0
لمى البقمي,قلوريز,المدينة,يحتاجون اهتمام,2,169.0,2026-10-03,7
ماجد السالم,قلوريز,الرياض,جدد واعدون,1,169.0,2026-09-30,10
خالد الدوسري,قلوريز,الدمام,جدد واعدون,1,169.0,2026-09-26,14
جود الغامدي,قلوريز,مكة,جدد واعدون,1,169.0,2026-09-25,15
فهد المالكي,قلوريز,الرياض,جدد واعدون,1,169.0,2026-09-21,19
أمل الحربي,قلوريز,الخبر,جدد واعدون,1,169.0,2026-09-20,20
ياسر الرشيدي,قلوريز,تبوك,جدد واعدون,1,169.0,2026-09-19,21
رهف السبيعي,قلوريز,الرياض,جدد واعدون,1,169.0,2026-09-18,22
عبير الجهني,قلوريز,الرياض,يحتاجون اهتمام,2,169.0,2026-09-08,32
أمل البقمي,قلوريز,جدة,يحتاجون اهتمام,1,169.0,2026-08-21,50
شهد العنزي,قلوريز,الخبر,يحتاجون اهتمام,1,169.0,2026-08-15,56
أمل القحطاني,قلوريز,الرياض,يحتاجون اهتمام,1,169.0,2026-08-02,69
راكان العتيبي,قلوريز,جدة,يحتاجون اهتمام,1,169.0,2026-08-02,69
دانة المالكي,قلوريز,جدة,يحتاجون اهتمام,1,169.0,2026-07-30,72
عبير الحربي,قلوريز,الدمام,يحتاجون اهتمام,1,169.0,2026-07-25,77
سارة السبيعي,قلوريز,الدمام,يحتاجون اهتمام,1,169.0,2026-07-17,85
نورة المالكي,قلوريز,مكة,يحتاجون اهتمام,1,169.0,2026-07-16,86
منيرة الحربي,قلوريز,المدينة,يحتاجون اهتمام,1,169.0,2026-07-09,93
راكان البقمي,قلوريز,الرياض,يحتاجون اهتمام,1,169.0,2026-07-05,97
عبدالله السالم,قلوريز,مكة,يحتاجون اهتمام,1,169.0,2026-07-05,97
جود المطيري,قلوريز,الخبر,يحتاجون اهتمام,1,169.0,2026-07-01,101
محمد الشمري,قلوريز,المدينة,معرّضون للفقد,2,169.0,2026-06-25,107
راكان الغامدي,قلوريز,مكة,يحتاجون اهتمام,1,169.0,2026-06-25,107
عبير الزهراني,قلوريز,الخبر,يحتاجون اهتمام,1,169.0,2026-06-17,115
غادة الشمري,قلوريز,القصيم,مفقودون,1,169.0,2026-05-30,133
غادة الدوسري,قلوريز,الرياض,مفقودون,1,169.0,2026-05-30,133
هند العنزي,قلوريز,الدمام,مفقودون,1,169.0,2026-05-25,138
لمى القحطاني,قلوريز,الرياض,يحتاجون اهتمام,1,168.0,2026-08-03,68
شهد السالم,قلوريز,الرياض,يحتاجون اهتمام,1,168.0,2026-06-16,116
سارة العتيبي,قلوريز,الرياض,مفقودون,1,168.0,2026-05-23,140
غادة الجهني,قلوريز,الرياض,يحتاجون اهتمام,2,167.0,2026-10-10,0
تركي العنزي,قلوريز,جدة,جدد واعدون,1,167.0,2026-10-09,1
خالد الرشيدي,قلوريز,الرياض,جدد واعدون,1,167.0,2026-10-08,2
رهف القحطاني,قلوريز,الرياض,جدد واعدون,1,167.0,2026-10-02,8
لمى العتيبي,قلوريز,جدة,جدد واعدون,1,167.0,2026-09-29,11
غادة المالكي,قلوريز,الخبر,جدد واعدون,1,167.0,2026-09-22,18
تركي الغامدي,قلوريز,الدمام,جدد واعدون,1,167.0,2026-09-18,22
فهد العنزي,قلوريز,الدمام,يحتاجون اهتمام,1,167.0,2026-09-04,36
عبير الجهني,قلوريز,مكة,يحتاجون اهتمام,1,167.0,2026-08-31,40
رهف الشهري,قلوريز,مكة,يحتاجون اهتمام,1,167.0,2026-08-27,44
جود الزهراني,قلوريز,مكة,يحتاجون اهتمام,1,167.0,2026-08-24,47
نايف المطيري,قلوريز,جدة,يحتاجون اهتمام,1,167.0,2026-08-12,59
عبير الحربي,قلوريز,الرياض,يحتاجون اهتمام,1,167.0,2026-08-03,68
دانة الغامدي,قلوريز,الرياض,يحتاجون اهتمام,1,167.0,2026-07-28,74
دانة الجهني,قلوريز,تبوك,يحتاجون اهتمام,1,167.0,2026-07-27,75
أمل الحربي,قلوريز,الدمام,يحتاجون اهتمام,1,167.0,2026-07-14,88
ماجد الدوسري,قلوريز,جدة,يحتاجون اهتمام,1,167.0,2026-07-10,92
ماجد القحطاني,قلوريز,جدة,يحتاجون اهتمام,1,167.0,2026-07-02,100
أمل القحطاني,قلوريز,جدة,يحتاجون اهتمام,1,167.0,2026-06-27,105
رهف الدوسري,قلوريز,القصيم,يحتاجون اهتمام,1,167.0,2026-06-18,114
نايف الرشيدي,قلوريز,الرياض,يحتاجون اهتمام,1,167.0,2026-06-12,120
ريم الغامدي,قلوريز,الرياض,جدد واعدون,1,166.0,2026-10-08,2
شهد الرشيدي,قلوريز,القصيم,جدد واعدون,1,165.0,2026-09-30,10
محمد الشمري,قلوريز,جدة,جدد واعدون,1,165.0,2026-09-25,15
غادة العتيبي,قلوريز,القصيم,جدد واعدون,1,165.0,2026-09-11,29
فهد الزهراني,قلوريز,الرياض,يحتاجون اهتمام,1,165.0,2026-09-03,37
خالد الرشيدي,قلوريز,مكة,معرّضون للفقد,2,165.0,2026-08-24,47
محمد المطيري,قلوريز,المدينة,يحتاجون اهتمام,1,165.0,2026-08-21,50
عبدالله السالم,قلوريز,جدة,يحتاجون اهتمام,1,165.0,2026-08-19,52
فهد العنزي,قلوريز,الدمام,يحتاجون اهتمام,1,165.0,2026-08-18,53
عبدالله الشهري,قلوريز,الخبر,يحتاجون اهتمام,1,165.0,2026-08-01,70
لمى الحربي,قلوريز,جدة,يحتاجون اهتمام,1,165.0,2026-07-19,83
خالد القحطاني,قلوريز,المدينة,يحتاجون اهتمام,1,165.0,2026-07-02,100
هند الزهراني,قلوريز,الرياض,يحتاجون اهتمام,1,165.0,2026-06-15,117
دانة الشمري,قلوريز,جدة,مفقودون,1,165.0,2026-05-29,134
راكان الحربي,قلوريز,الدمام,مفقودون,1,165.0,2026-05-17,146
سارة المطيري,قلوريز,الرياض,جدد واعدون,1,164.0,2026-09-27,13
منيرة العتيبي,قلوريز,الرياض,جدد واعدون,1,164.0,2026-09-20,20
هند البقمي,قلوريز,المدينة,جدد واعدون,1,164.0,2026-09-19,21
أمل الرشيدي,قلوريز,الرياض,جدد واعدون,1,164.0,2026-09-10,30
شهد الدوسري,قلوريز,الرياض,جدد واعدون,1,164.0,2026-09-10,30
ريم المالكي,قلوريز,تبوك,يحتاجون اهتمام,1,164.0,2026-09-02,38
لمى المطيري,قلوريز,جدة,يحتاجون اهتمام,1,164.0,2026-08-14,57
ياسر البقمي,قلوريز,الرياض,يحتاجون اهتمام,1,164.0,2026-08-13,58
سلطان القحطاني,قلوريز,الدمام,يحتاجون اهتمام,1,164.0,2026-08-05,66
رهف الحربي,قلوريز,جدة,يحتاجون اهتمام,1,164.0,2026-07-25,77
ياسر الزهراني,قلوريز,المدينة,جدد واعدون,1,163.0,2026-10-05,5
محمد المالكي,قلوريز,الرياض,يحتاجون اهتمام,2,163.0,2026-10-04,6
راكان المطيري,قلوريز,المدينة,جدد واعدون,1,163.0,2026-09-25,15
نايف البقمي,قلوريز,الخبر,جدد واعدون,1,163.0,2026-09-21,19
دانة القحطاني,قلوريز,الرياض,جدد واعدون,1,163.0,2026-09-16,24
غادة الحربي,قلوريز,جدة,يحتاجون اهتمام,1,163.0,2026-09-02,38
راكان الشهري,قلوريز,جدة,يحتاجون اهتمام,2,163.0,2026-08-26,45
فهد القحطاني,قلوريز,الدمام,يحتاجون اهتمام,1,163.0,2026-08-01,70
محمد السالم,قلوريز,أبها,يحتاجون اهتمام,1,163.0,2026-07-19,83
عبير المالكي,قلوريز,الرياض,يحتاجون اهتمام,1,163.0,2026-06-12,120
ياسر الشمري,قلوريز,تبوك,مفقودون,1,163.0,2026-05-14,149
سلطان البقمي,قلوريز,الرياض,جدد واعدون,1,162.0,2026-10-03,7
أمل الرشيدي,قلوريز,مكة,يحتاجون اهتمام,1,162.0,2026-08-28,43
لمى الزهراني,قلوريز,أبها,يحتاجون اهتمام,1,162.0,2026-08-02,69
نايف القحطاني,قلوريز,جدة,يحتاجون اهتمام,1,162.0,2026-06-19,113
ماجد السالم,قلوريز,الرياض,يحتاجون اهتمام,1,161.0,2026-09-01,39
لمى الغامدي,قلوريز,جدة,يحتاجون اهتمام,1,161.0,2026-07-15,87
أمل البقمي,قلوريز,الرياض,جدد واعدون,1,160.0,2026-09-21,19
غادة القحطاني,قلوريز,الرياض,يحتاجون اهتمام,1,160.0,2026-08-22,49
عبير الدوسري,قلوريز,الدمام,جدد واعدون,1,159.0,2026-10-10,0
عبدالله المالكي,قلوريز,الرياض,جدد واعدون,1,159.0,2026-10-07,3
عبير الشمري,قلوريز,الرياض,جدد واعدون,1,159.0,2026-09-20,20
هند الجهني,قلوريز,جدة,جدد واعدون,1,159.0,2026-09-14,26
تركي السبيعي,قلوريز,الرياض,يحتاجون اهتمام,1,159.0,2026-09-08,32
تركي الشمري,قلوريز,الرياض,يحتاجون اهتمام,1,159.0,2026-09-04,36
رهف الرشيدي,قلوريز,جدة,يحتاجون اهتمام,1,159.0,2026-08-12,59
لمى العنزي,قلوريز,الرياض,يحتاجون اهتمام,1,159.0,2026-07-19,83
جود الشمري,قلوريز,الرياض,يحتاجون اهتمام,1,159.0,2026-07-12,90
هند الشهري,قلوريز,الرياض,يحتاجون اهتمام,1,159.0,2026-06-28,104
لمى الرشيدي,قلوريز,تبوك,يحتاجون اهتمام,1,159.0,2026-06-27,105
خالد الشمري,قلوريز,تبوك,مفقودون,1,159.0,2026-06-09,123
بندر القحطاني,قلوريز,الرياض,مفقودون,1,159.0,2026-05-07,156
عبير العتيبي,قلوريز,الرياض,مفقودون,1,159.0,2026-04-23,170
عبدالله الزهراني,قلوريز,تبوك,جدد واعدون,1,158.0,2026-09-27,13
سارة العتيبي,قلوريز,القصيم,جدد واعدون,1,158.0,2026-09-25,15
راكان العتيبي,قلوريز,الرياض,يحتاجون اهتمام,1,158.0,2026-09-06,34
ياسر المالكي,قلوريز,مكة,يحتاجون اهتمام,1,158.0,2026-08-29,42
تركي الرشيدي,قلوريز,جدة,جدد واعدون,1,157.0,2026-09-20,20
سلطان الحربي,قلوريز,الرياض,جدد واعدون,1,157.0,2026-09-20,20
فهد الجهني,قلوريز,مكة,جدد واعدون,1,157.0,2026-09-19,21
دانة المالكي,قلوريز,جدة,جدد واعدون,1,157.0,2026-09-18,22
سارة القحطاني,قلوريز,تبوك,يحتاجون اهتمام,1,157.0,2026-09-02,38
شهد العنزي,قلوريز,الرياض,يحتاجون اهتمام,1,157.0,2026-08-26,45
هند الشمري,قلوريز,الخبر,يحتاجون اهتمام,1,157.0,2026-08-19,52
تركي السالم,قلوريز,الرياض,يحتاجون اهتمام,1,157.0,2026-08-07,64
أمل الرشيدي,قلوريز,الرياض,يحتاجون اهتمام,1,157.0,2026-08-04,67
شهد البقمي,قلوريز,الرياض,يحتاجون اهتمام,1,157.0,2026-07-20,82
خالد العتيبي,قلوريز,الرياض,يحتاجون اهتمام,1,157.0,2026-07-19,83
دانة السالم,قلوريز,المدينة,يحتاجون اهتمام,1,157.0,2026-07-08,94
عبدالله البقمي,قلوريز,أبها,يحتاجون اهتمام,1,157.0,2026-07-04,98
تركي العنزي,قلوريز,الدمام,يحتاجون اهتمام,1,157.0,2026-06-26,106
رهف القحطاني,قلوريز,تبوك,مفقودون,2,157.0,2026-06-09,123
سارة الغامدي,قلوريز,المدينة,مفقودون,1,157.0,2026-06-01,131
محمد الجهني,قلوريز,الدمام,جدد واعدون,1,156.0,2026-10-04,6
تركي الرشيدي,قلوريز,أبها,مفقودون,1,156.0,2026-06-11,121
نايف الجهني,قلوريز,جدة,جدد واعدون,1,155.0,2026-10-08,2
نايف القحطاني,قلوريز,المدينة,جدد واعدون,1,155.0,2026-10-06,4
سارة العنزي,قلوريز,الخبر,جدد واعدون,1,155.0,2026-09-29,11
أمل الغامدي,قلوريز,الخبر,جدد واعدون,1,155.0,2026-09-22,18
عبدالله السالم,قلوريز,القصيم,جدد واعدون,1,155.0,2026-09-19,21
دانة البقمي,قلوريز,جدة,جدد واعدون,1,155.0,2026-09-16,24
هند الحربي,قلوريز,الرياض,جدد واعدون,1,155.0,2026-09-11,29
غادة العنزي,قلوريز,جدة,يحتاجون اهتمام,1,155.0,2026-08-26,45
نايف الجهني,قلوريز,مكة,يحتاجون اهتمام,1,155.0,2026-08-25,46
منيرة السالم,قلوريز,تبوك,يحتاجون اهتمام,1,155.0,2026-08-15,56
عبير الجهني,قلوريز,القصيم,يحتاجون اهتمام,1,155.0,2026-07-01,101
خالد الرشيدي,قلوريز,جدة,مفقودون,1,155.0,2026-05-19,144
ياسر الدوسري,قلوريز,الدمام,مفقودون,1,155.0,2026-04-28,165
نايف الحربي,قلوريز,جدة,مفقودون,1,155.0,2026-04-15,178
فهد الزهراني,قلوريز,القصيم,يحتاجون اهتمام,2,154.0,2026-09-25,15
ريم القحطاني,قلوريز,تبوك,جدد واعدون,1,154.0,2026-09-13,27
فهد الدوسري,قلوريز,جدة,معرّضون للفقد,2,154.0,2026-08-24,47
فهد العنزي,قلوريز,جدة,معرّضون للفقد,2,154.0,2026-08-13,58
سلطان الغامدي,قلوريز,الرياض,معرّضون للفقد,2,154.0,2026-08-12,59
عبير الغامدي,قلوريز,الرياض,يحتاجون اهتمام,1,154.0,2026-07-10,92
نورة السبيعي,قلوريز,مكة,يحتاجون اهتمام,1,154.0,2026-07-06,96
عبدالله القحطاني,قلوريز,الدمام,مفقودون,1,154.0,2026-05-30,133
ماجد السبيعي,قلوريز,أبها,جدد واعدون,1,153.0,2026-10-09,1
سارة الشهري,قلوريز,الرياض,جدد واعدون,1,153.0,2026-10-08,2
ريم المطيري,قلوريز,القصيم,جدد واعدون,1,153.0,2026-10-08,2
ياسر الزهراني,قلوريز,الدمام,جدد واعدون,1,153.0,2026-09-26,14
خالد الغامدي,قلوريز,الرياض,جدد واعدون,1,153.0,2026-09-17,23
خالد العتيبي,قلوريز,مكة,جدد واعدون,1,153.0,2026-09-15,25
راكان الدوسري,قلوريز,جدة,يحتاجون اهتمام,2,153.0,2026-09-12,28
رهف الجهني,قلوريز,الرياض,يحتاجون اهتمام,1,153.0,2026-09-03,37
جود المالكي,قلوريز,الرياض,يحتاجون اهتمام,1,153.0,2026-09-01,39
راكان القحطاني,قلوريز,الرياض,يحتاجون اهتمام,1,153.0,2026-08-14,57
ريم القحطاني,قلوريز,جدة,يحتاجون اهتمام,1,153.0,2026-07-30,72
سارة الزهراني,قلوريز,جدة,يحتاجون اهتمام,1,153.0,2026-07-29,73
عبدالله السبيعي,قلوريز,الرياض,يحتاجون اهتمام,1,153.0,2026-07-27,75
راكان الحربي,قلوريز,المدينة,يحتاجون اهتمام,1,153.0,2026-07-19,83
ياسر المالكي,قلوريز,أبها,يحتاجون اهتمام,1,153.0,2026-07-12,90
محمد العتيبي,قلوريز,الرياض,يحتاجون اهتمام,1,153.0,2026-06-19,113
دانة المالكي,قلوريز,المدينة,يحتاجون اهتمام,1,153.0,2026-06-18,114
عبير الزهراني,قلوريز,جدة,معرّضون للفقد,2,153.0,2026-06-15,117
غادة القحطاني,قلوريز,الرياض,مفقودون,1,153.0,2026-05-04,159
هند العتيبي,قلوريز,الرياض,مفقودون,1,153.0,2026-04-29,164
محمد المالكي,قلوريز,الدمام,جدد واعدون,1,152.0,2026-10-09,1
جود العتيبي,قلوريز,الخبر,جدد واعدون,1,152.0,2026-09-28,12
هند البقمي,قلوريز,الرياض,يحتاجون اهتمام,1,152.0,2026-08-20,51
لمى الجهني,قلوريز,القصيم,يحتاجون اهتمام,1,152.0,2026-08-01,70
غادة الرشيدي,قلوريز,مكة,معرّضون للفقد,2,152.0,2026-07-21,81
سلطان الغامدي,قلوريز,مكة,مفقودون,1,152.0,2026-05-14,149
ماجد السبيعي,قلوريز,الرياض,يحتاجون اهتمام,2,150.0,2026-10-07,3
نايف المالكي,قلوريز,أبها,يحتاجون اهتمام,2,150.0,2026-10-02,8
هند العنزي,قلوريز,الخبر,جدد واعدون,1,150.0,2026-09-29,11
غادة الجهني,قلوريز,جدة,يحتاجون اهتمام,1,150.0,2026-09-01,39
رهف القحطاني,قلوريز,القصيم,يحتاجون اهتمام,1,150.0,2026-08-21,50
تركي الرشيدي,قلوريز,الرياض,يحتاجون اهتمام,1,150.0,2026-08-03,68
ياسر المطيري,قلوريز,تبوك,مفقودون,1,150.0,2026-05-28,135
ريم الشهري,قلوريز,القصيم,مفقودون,2,150.0,2026-05-10,153
تركي الرشيدي,قلوريز,أبها,يحتاجون اهتمام,2,149.0,2026-09-02,38
ياسر السبيعي,قلوريز,الرياض,يحتاجون اهتمام,1,149.0,2026-08-24,47
عبدالله الرشيدي,قلوريز,جدة,يحتاجون اهتمام,1,149.0,2026-07-30,72
لمى المطيري,قلوريز,الرياض,يحتاجون اهتمام,1,149.0,2026-07-24,78
خالد البقمي,قلوريز,الرياض,يحتاجون اهتمام,1,149.0,2026-07-02,100
خالد الدوسري,قلوريز,جدة,مفقودون,1,149.0,2026-05-23,140
سارة العنزي,قلوريز,جدة,مفقودون,2,149.0,2026-04-27,166
تركي الدوسري,قلوريز,جدة,يحتاجون اهتمام,2,148.0,2026-09-11,29
راكان الشهري,قلوريز,مكة,معرّضون للفقد,2,148.0,2026-08-12,59
راكان العنزي,قلوريز,مكة,مفقودون,2,148.0,2026-06-01,131
لمى الشمري,قلوريز,جدة,يحتاجون اهتمام,1,147.0,2026-07-23,79
فهد السبيعي,قلوريز,الرياض,يحتاجون اهتمام,1,147.0,2026-06-21,111
راكان الشمري,قلوريز,مكة,مفقودون,1,147.0,2026-05-24,139
دانة العنزي,قلوريز,مكة,مفقودون,1,147.0,2026-05-13,150
جود الزهراني,قلوريز,الخبر,يحتاجون اهتمام,2,146.0,2026-09-13,27
لمى المطيري,قلوريز,الرياض,معرّضون للفقد,2,146.0,2026-08-10,61
فهد العنزي,قلوريز,الرياض,معرّضون للفقد,2,146.0,2026-07-31,71
منيرة المطيري,قلوريز,الرياض,يحتاجون اهتمام,2,145.0,2026-09-19,21
عبدالله الدوسري,قلوريز,القصيم,يحتاجون اهتمام,2,145.0,2026-09-16,24
هند السالم,قلوريز,جدة,يحتاجون اهتمام,1,145.0,2026-08-14,57
عبير المالكي,قلوريز,مكة,يحتاجون اهتمام,1,145.0,2026-07-22,80
خالد العنزي,قلوريز,جدة,يحتاجون اهتمام,2,144.0,2026-10-03,7
منيرة الحربي,قلوريز,القصيم,جدد واعدون,1,144.0,2026-09-20,20
ماجد الحربي,قلوريز,أبها,يحتاجون اهتمام,2,144.0,2026-09-02,38
هند الرشيدي,قلوريز,الرياض,معرّضون للفقد,2,144.0,2026-08-14,57
منيرة الجهني,قلوريز,جدة,معرّضون للفقد,2,144.0,2026-08-12,59
ريم الشمري,قلوريز,الرياض,يحتاجون اهتمام,1,144.0,2026-07-23,79
بندر المالكي,قلوريز,جدة,جدد واعدون,1,143.0,2026-10-03,7
نورة الحربي,قلوريز,القصيم,يحتاجون اهتمام,2,143.0,2026-09-05,35
نايف السبيعي,قلوريز,الرياض,يحتاجون اهتمام,1,142.0,2026-08-25,46
أمل الزهراني,قلوريز,الرياض,معرّضون للفقد,2,142.0,2026-08-15,56
راكان المالكي,قلوريز,الرياض,معرّضون للفقد,2,142.0,2026-08-07,64
غادة البقمي,قلوريز,الرياض,يحتاجون اهتمام,1,142.0,2026-07-29,73
هند العنزي,قلوريز,الرياض,جدد واعدون,1,140.0,2026-10-09,1
راكان الشهري,قلوريز,الرياض,جدد واعدون,1,140.0,2026-10-08,2
سلطان المالكي,قلوريز,الرياض,جدد واعدون,1,140.0,2026-10-08,2
ريم السالم,قلوريز,الرياض,جدد واعدون,1,140.0,2026-10-07,3
تركي البقمي,قلوريز,الرياض,جدد واعدون,1,140.0,2026-10-07,3
راكان الشمري,قلوريز,القصيم,جدد واعدون,1,140.0,2026-10-06,4
ياسر الرشيدي,قلوريز,مكة,جدد واعدون,1,140.0,2026-10-05,5
نايف الرشيدي,قلوريز,القصيم,جدد واعدون,1,140.0,2026-10-04,6
نورة المطيري,قلوريز,جدة,جدد واعدون,1,140.0,2026-10-04,6
أمل السالم,قلوريز,الدمام,جدد واعدون,1,140.0,2026-10-04,6
فهد الغامدي,قلوريز,مكة,جدد واعدون,1,140.0,2026-09-30,10
بندر العنزي,قلوريز,القصيم,جدد واعدون,1,140.0,2026-09-30,10
بندر السبيعي,قلوريز,الرياض,جدد واعدون,1,140.0,2026-09-20,20
نايف العنزي,قلوريز,الرياض,جدد واعدون,1,140.0,2026-09-20,20
نايف العتيبي,قلوريز,جدة,جدد واعدون,1,140.0,2026-09-19,21
لمى البقمي,قلوريز,مكة,جدد واعدون,1,140.0,2026-09-16,24
نورة العتيبي,قلوريز,الرياض,يحتاجون اهتمام,1,140.0,2026-09-09,31
رهف الدوسري,قلوريز,الرياض,يحتاجون اهتمام,1,140.0,2026-09-09,31
هند الزهراني,قلوريز,مكة,يحتاجون اهتمام,1,140.0,2026-09-01,39
ماجد المطيري,قلوريز,الدمام,يحتاجون اهتمام,1,140.0,2026-09-01,39
منيرة البقمي,قلوريز,أبها,يحتاجون اهتمام,1,140.0,2026-08-28,43
لمى السالم,قلوريز,المدينة,يحتاجون اهتمام,1,140.0,2026-08-27,44
رهف العنزي,قلوريز,الرياض,يحتاجون اهتمام,1,140.0,2026-08-27,44
عبير المطيري,قلوريز,الرياض,يحتاجون اهتمام,1,140.0,2026-08-27,44
ماجد الجهني,قلوريز,جدة,يحتاجون اهتمام,1,140.0,2026-08-26,45
هند العتيبي,قلوريز,الرياض,يحتاجون اهتمام,1,140.0,2026-08-24,47
شهد الشمري,قلوريز,الدمام,يحتاجون اهتمام,1,140.0,2026-08-24,47
نورة السالم,قلوريز,الرياض,يحتاجون اهتمام,1,140.0,2026-08-23,48
نايف الجهني,قلوريز,الدمام,يحتاجون اهتمام,1,140.0,2026-08-18,53
جود القحطاني,قلوريز,الرياض,يحتاجون اهتمام,1,140.0,2026-08-17,54
نايف الشهري,قلوريز,الرياض,يحتاجون اهتمام,1,140.0,2026-08-13,58
لمى البقمي,قلوريز,مكة,يحتاجون اهتمام,1,140.0,2026-08-13,58
شهد الغامدي,قلوريز,الرياض,يحتاجون اهتمام,1,140.0,2026-08-13,58
أمل القحطاني,قلوريز,الخبر,يحتاجون اهتمام,1,140.0,2026-08-11,60
أمل الشهري,قلوريز,الرياض,يحتاجون اهتمام,1,140.0,2026-08-01,70
جود الجهني,قلوريز,الرياض,يحتاجون اهتمام,1,140.0,2026-07-27,75
محمد الغامدي,قلوريز,الرياض,يحتاجون اهتمام,1,140.0,2026-07-25,77
بندر المالكي,قلوريز,القصيم,يحتاجون اهتمام,1,140.0,2026-07-25,77
هند الشهري,قلوريز,المدينة,يحتاجون اهتمام,1,140.0,2026-07-24,78
دانة البقمي,قلوريز,الرياض,يحتاجون اهتمام,1,140.0,2026-07-23,79
عبدالله الدوسري,قلوريز,تبوك,يحتاجون اهتمام,1,140.0,2026-07-21,81
غادة الرشيدي,قلوريز,الرياض,يحتاجون اهتمام,1,140.0,2026-07-21,81
ريم البقمي,قلوريز,الرياض,يحتاجون اهتمام,1,140.0,2026-07-17,85
لمى المطيري,قلوريز,الخبر,يحتاجون اهتمام,1,140.0,2026-07-14,88
ريم الغامدي,قلوريز,الدمام,يحتاجون اهتمام,1,140.0,2026-07-11,91
ريم الزهراني,قلوريز,مكة,يحتاجون اهتمام,1,140.0,2026-06-29,103
نورة الجهني,قلوريز,الرياض,يحتاجون اهتمام,1,140.0,2026-06-27,105
عبدالله السبيعي,قلوريز,الرياض,يحتاجون اهتمام,1,140.0,2026-06-27,105
تركي الجهني,قلوريز,الرياض,يحتاجون اهتمام,1,140.0,2026-06-12,120
تركي الجهني,قلوريز,الرياض,مفقودون,1,140.0,2026-06-08,124
جود الحربي,قلوريز,مكة,مفقودون,1,140.0,2026-06-07,125
بندر الدوسري,قلوريز,مكة,مفقودون,1,140.0,2026-06-04,128
سارة المطيري,قلوريز,المدينة,مفقودون,1,140.0,2026-05-28,135
شهد المطيري,قلوريز,جدة,مفقودون,1,140.0,2026-05-27,136
منيرة الزهراني,قلوريز,الرياض,مفقودون,1,140.0,2026-05-20,143
هند السبيعي,قلوريز,الرياض,مفقودون,1,140.0,2026-05-07,156
لمى الزهراني,قلوريز,جدة,مفقودون,1,140.0,2026-05-01,162
منيرة الحربي,قلوريز,الدمام,مفقودون,1,140.0,2026-04-27,166
نورة العتيبي,قلوريز,الرياض,مفقودون,1,140.0,2026-04-26,167
تركي المالكي,قلوريز,المدينة,مفقودون,1,140.0,2026-04-18,175
سلطان الجهني,قلوريز,مكة,يحتاجون اهتمام,1,139.0,2026-08-31,40
خالد العنزي,قلوريز,الرياض,يحتاجون اهتمام,1,139.0,2026-08-08,63
راكان الجهني,قلوريز,الرياض,جدد واعدون,1,138.0,2026-10-05,5
سلطان الحربي,قلوريز,الدمام,جدد واعدون,1,138.0,2026-10-01,9
سلطان الزهراني,قلوريز,تبوك,جدد واعدون,1,138.0,2026-09-22,18
أمل السبيعي,قلوريز,الرياض,جدد واعدون,1,138.0,2026-09-22,18
تركي البقمي,قلوريز,أبها,جدد واعدون,1,138.0,2026-09-22,18
ماجد الدوسري,قلوريز,الخبر,يحتاجون اهتمام,2,138.0,2026-09-14,26
فهد الدوسري,قلوريز,الرياض,يحتاجون اهتمام,1,138.0,2026-09-09,31
بندر الرشيدي,قلوريز,الرياض,يحتاجون اهتمام,2,138.0,2026-09-02,38
ماجد البقمي,قلوريز,الخبر,يحتاجون اهتمام,1,138.0,2026-08-31,40
منيرة الشمري,قلوريز,مكة,يحتاجون اهتمام,1,138.0,2026-08-31,40
دانة الغامدي,قلوريز,مكة,يحتاجون اهتمام,1,138.0,2026-08-21,50
فهد السالم,قلوريز,جدة,يحتاجون اهتمام,1,138.0,2026-08-19,52
لمى العنزي,قلوريز,جدة,يحتاجون اهتمام,1,138.0,2026-08-17,54
غادة الشمري,قلوريز,جدة,يحتاجون اهتمام,1,138.0,2026-08-15,56
دانة الجهني,قلوريز,أبها,يحتاجون اهتمام,1,138.0,2026-08-08,63
عبير الحربي,قلوريز,الرياض,يحتاجون اهتمام,1,138.0,2026-08-06,65
شهد المطيري,قلوريز,الرياض,يحتاجون اهتمام,1,138.0,2026-07-30,72
عبدالله السالم,قلوريز,الرياض,يحتاجون اهتمام,1,138.0,2026-07-16,86
راكان الحربي,قلوريز,تبوك,يحتاجون اهتمام,1,138.0,2026-07-15,87
راكان الرشيدي,قلوريز,جدة,يحتاجون اهتمام,1,138.0,2026-07-10,92
منيرة الزهراني,قلوريز,الرياض,يحتاجون اهتمام,1,138.0,2026-07-04,98
شهد الرشيدي,قلوريز,الرياض,يحتاجون اهتمام,1,138.0,2026-07-03,99
منيرة الدوسري,قلوريز,المدينة,يحتاجون اهتمام,1,138.0,2026-07-02,100
أمل الدوسري,قلوريز,الدمام,يحتاجون اهتمام,1,138.0,2026-06-20,112
سارة المالكي,قلوريز,الرياض,معرّضون للفقد,2,138.0,2026-06-17,115
رهف الحربي,قلوريز,الدمام,مفقودون,1,138.0,2026-06-01,131
عبدالله الحربي,قلوريز,الرياض,مفقودون,1,138.0,2026-04-26,167
هند الشهري,قلوريز,الرياض,جدد واعدون,1,137.0,2026-09-21,19
خالد الحربي,قلوريز,جدة,جدد واعدون,1,137.0,2026-09-19,21
فهد العنزي,قلوريز,الرياض,يحتاجون اهتمام,1,137.0,2026-08-04,67
دانة المطيري,قلوريز,جدة,معرّضون للفقد,2,137.0,2026-06-30,102
خالد الحربي,قلوريز,الرياض,يحتاجون اهتمام,1,137.0,2026-06-24,108
لمى الحربي,قلوريز,الرياض,يحتاجون اهتمام,1,137.0,2026-06-17,115
دانة الغامدي,قلوريز,جدة,معرّضون للفقد,2,137.0,2026-06-16,116
عبير الحربي,قلوريز,مكة,يحتاجون اهتمام,2,136.0,2026-10-05,5
لمى السبيعي,قلوريز,جدة,مفقودون,2,136.0,2026-05-09,154
لمى الحربي,قلوريز,الخبر,يحتاجون اهتمام,2,134.0,2026-10-08,2
شهد الزهراني,قلوريز,الرياض,جدد واعدون,1,134.0,2026-10-01,9
لمى البقمي,قلوريز,الدمام,جدد واعدون,1,134.0,2026-09-28,12
رهف البقمي,قلوريز,أبها,جدد واعدون,1,134.0,2026-09-15,25
جود الدوسري,قلوريز,القصيم,يحتاجون اهتمام,1,134.0,2026-09-07,33
بندر المالكي,قلوريز,الخبر,يحتاجون اهتمام,1,134.0,2026-09-05,35
محمد العتيبي,قلوريز,الرياض,معرّضون للفقد,2,134.0,2026-08-21,50
سارة العتيبي,قلوريز,الرياض,يحتاجون اهتمام,1,134.0,2026-08-15,56
خالد الشمري,قلوريز,الرياض,معرّضون للفقد,2,134.0,2026-08-09,62
ماجد العتيبي,قلوريز,الرياض,يحتاجون اهتمام,1,134.0,2026-08-03,68
دانة المالكي,قلوريز,الرياض,معرّضون للفقد,2,134.0,2026-07-08,94
ياسر الجهني,قلوريز,مكة,يحتاجون اهتمام,1,134.0,2026-07-06,96
رهف العنزي,قلوريز,أبها,يحتاجون اهتمام,1,134.0,2026-06-26,106
هند المالكي,قلوريز,الرياض,يحتاجون اهتمام,1,134.0,2026-06-24,108
نورة الغامدي,قلوريز,الرياض,يحتاجون اهتمام,1,134.0,2026-06-22,110
جود الحربي,قلوريز,الدمام,يحتاجون اهتمام,1,134.0,2026-06-13,119
ماجد الزهراني,قلوريز,المدينة,مفقودون,1,134.0,2026-06-03,129
دانة البقمي,قلوريز,أبها,مفقودون,1,134.0,2026-05-25,138
ريم العتيبي,قلوريز,الرياض,مفقودون,1,134.0,2026-05-22,141
هند الشمري,قلوريز,المدينة,يحتاجون اهتمام,1,133.0,2026-08-25,46
سلطان السالم,قلوريز,جدة,يحتاجون اهتمام,1,133.0,2026-07-23,79
دانة الغامدي,قلوريز,الرياض,يحتاجون اهتمام,1,133.0,2026-07-20,82
خالد المالكي,قلوريز,الرياض,مفقودون,1,133.0,2026-05-02,161
نايف الشهري,قلوريز,الرياض,جدد واعدون,1,130.0,2026-10-07,3
عبير السبيعي,قلوريز,المدينة,جدد واعدون,1,130.0,2026-10-02,8
ريم الغامدي,قلوريز,الرياض,جدد واعدون,1,130.0,2026-09-27,13
ياسر السالم,قلوريز,الرياض,جدد واعدون,1,130.0,2026-09-25,15
شهد البقمي,قلوريز,تبوك,جدد واعدون,1,130.0,2026-09-20,20
بندر المطيري,قلوريز,الرياض,جدد واعدون,1,130.0,2026-09-18,22
عبدالله الدوسري,قلوريز,الرياض,جدد واعدون,1,130.0,2026-09-16,24
رهف الرشيدي,قلوريز,تبوك,جدد واعدون,1,130.0,2026-09-11,29
غادة السبيعي,قلوريز,الدمام,يحتاجون اهتمام,2,130.0,2026-09-10,30
خالد العتيبي,قلوريز,القصيم,يحتاجون اهتمام,1,130.0,2026-09-06,34
عبدالله القحطاني,قلوريز,مكة,يحتاجون اهتمام,1,130.0,2026-09-03,37
سارة السالم,قلوريز,الخبر,يحتاجون اهتمام,1,130.0,2026-09-03,37
عبدالله العنزي,قلوريز,الرياض,معرّضون للفقد,2,130.0,2026-08-19,52
رهف البقمي,قلوريز,الرياض,يحتاجون اهتمام,1,130.0,2026-08-10,61
غادة الشمري,قلوريز,الرياض,يحتاجون اهتمام,1,130.0,2026-08-09,62
عبير الحربي,قلوريز,الرياض,يحتاجون اهتمام,1,130.0,2026-08-03,68
غادة الزهراني,قلوريز,جدة,يحتاجون اهتمام,1,130.0,2026-07-28,74
شهد المالكي,قلوريز,الدمام,يحتاجون اهتمام,1,130.0,2026-07-23,79
عبدالله الجهني,قلوريز,الرياض,يحتاجون اهتمام,1,130.0,2026-07-14,88
أمل العنزي,قلوريز,جدة,يحتاجون اهتمام,1,130.0,2026-06-30,102
عبدالله الدوسري,قلوريز,جدة,مفقودون,1,130.0,2026-05-28,135
غادة السالم,قلوريز,الرياض,مفقودون,1,130.0,2026-04-29,164
عبير السبيعي,قلوريز,الرياض,جدد واعدون,1,129.0,2026-10-04,6
راكان الدوسري,قلوريز,مكة,يحتاجون اهتمام,1,129.0,2026-09-01,39
ياسر السالم,قلوريز,الرياض,معرّضون للفقد,2,129.0,2026-07-19,83
سارة السالم,قلوريز,الرياض,يحتاجون اهتمام,2,128.0,2026-10-10,0
رهف الشمري,قلوريز,جدة,جدد واعدون,1,128.0,2026-10-08,2
عبير الجهني,قلوريز,الدمام,جدد واعدون,1,128.0,2026-09-28,12
رهف البقمي,قلوريز,جدة,يحتاجون اهتمام,2,128.0,2026-09-18,22
سلطان المالكي,قلوريز,مكة,جدد واعدون,1,128.0,2026-09-14,26
منيرة العنزي,قلوريز,الرياض,جدد واعدون,1,128.0,2026-09-10,30
منيرة الغامدي,قلوريز,المدينة,يحتاجون اهتمام,2,128.0,2026-09-06,34
بندر العتيبي,قلوريز,القصيم,يحتاجون اهتمام,2,128.0,2026-09-01,39
راكان المطيري,قلوريز,جدة,يحتاجون اهتمام,2,128.0,2026-08-28,43
غادة البقمي,قلوريز,جدة,معرّضون للفقد,2,128.0,2026-08-25,46
ياسر الحربي,قلوريز,مكة,يحتاجون اهتمام,1,128.0,2026-08-13,58
محمد الدوسري,قلوريز,الرياض,يحتاجون اهتمام,1,128.0,2026-08-12,59
عبير المالكي,قلوريز,جدة,يحتاجون اهتمام,1,128.0,2026-08-03,68
ياسر السبيعي,قلوريز,جدة,يحتاجون اهتمام,1,128.0,2026-06-23,109
تركي البقمي,قلوريز,الرياض,مفقودون,2,128.0,2026-06-08,124
جود الجهني,قلوريز,تبوك,مفقودون,1,128.0,2026-05-28,135
عبير السبيعي,قلوريز,جدة,جدد واعدون,1,126.0,2026-09-13,27
لمى الدوسري,قلوريز,الرياض,يحتاجون اهتمام,2,126.0,2026-09-07,33
هند السبيعي,قلوريز,المدينة,يحتاجون اهتمام,1,126.0,2026-09-02,38
منيرة الشمري,قلوريز,القصيم,معرّضون للفقد,2,126.0,2026-06-28,104
هند العنزي,قلوريز,الرياض,مفقودون,1,126.0,2026-05-05,158
دانة القحطاني,قلوريز,الرياض,جدد واعدون,1,125.0,2026-10-10,0
ياسر الجهني,قلوريز,الخبر,جدد واعدون,1,125.0,2026-09-21,19
فهد العنزي,قلوريز,الرياض,يحتاجون اهتمام,1,125.0,2026-08-31,40
محمد السالم,قلوريز,مكة,يحتاجون اهتمام,1,125.0,2026-08-16,55
دانة البقمي,قلوريز,القصيم,يحتاجون اهتمام,1,125.0,2026-08-12,59
منيرة الدوسري,قلوريز,الرياض,معرّضون للفقد,2,125.0,2026-07-05,97
عبير القحطاني,قلوريز,المدينة,يحتاجون اهتمام,1,125.0,2026-06-29,103
نورة الشهري,قلوريز,الرياض,مفقودون,1,125.0,2026-05-27,136
نايف الغامدي,قلوريز,الدمام,جدد واعدون,1,124.0,2026-10-09,1
أمل المطيري,قلوريز,مكة,جدد واعدون,1,124.0,2026-10-01,9
محمد العنزي,قلوريز,جدة,جدد واعدون,1,124.0,2026-09-23,17
نايف الدوسري,قلوريز,مكة,يحتاجون اهتمام,2,124.0,2026-09-22,18
نورة السالم,قلوريز,الرياض,يحتاجون اهتمام,2,124.0,2026-09-11,29
ماجد البقمي,قلوريز,جدة,يحتاجون اهتمام,2,124.0,2026-08-30,41
شهد الجهني,قلوريز,تبوك,يحتاجون اهتمام,1,124.0,2026-08-14,57
سلطان الزهراني,قلوريز,الرياض,يحتاجون اهتمام,1,124.0,2026-07-15,87
أمل العتيبي,قلوريز,جدة,يحتاجون اهتمام,1,124.0,2026-07-14,88
ياسر البقمي,قلوريز,الرياض,يحتاجون اهتمام,1,124.0,2026-06-29,103
شهد السبيعي,قلوريز,الرياض,مفقودون,1,124.0,2026-04-23,170
أمل السالم,قلوريز,الدمام,مفقودون,1,124.0,2026-04-23,170
فهد السالم,قلوريز,المدينة,يحتاجون اهتمام,2,123.0,2026-08-31,40
جود الجهني,قلوريز,الدمام,يحتاجون اهتمام,1,123.0,2026-08-21,50
غادة الدوسري,قلوريز,الرياض,يحتاجون اهتمام,1,123.0,2026-08-21,50
رهف العنزي,قلوريز,القصيم,جدد واعدون,1,122.0,2026-09-30,10
بندر الشمري,قلوريز,الرياض,جدد واعدون,1,122.0,2026-09-28,12
أمل السبيعي,قلوريز,جدة,يحتاجون اهتمام,1,122.0,2026-07-29,73
عبدالله الجهني,قلوريز,الرياض,يحتاجون اهتمام,1,122.0,2026-06-30,102
عبدالله السبيعي,قلوريز,الدمام,مفقودون,1,122.0,2026-05-25,138
راكان الزهراني,قلوريز,أبها,يحتاجون اهتمام,1,120.0,2026-07-17,85
نورة السالم,قلوريز,المدينة,جدد واعدون,1,119.0,2026-09-20,20
ياسر الحربي,قلوريز,جدة,جدد واعدون,1,118.0,2026-10-07,3
عبير الحربي,قلوريز,الرياض,جدد واعدون,1,118.0,2026-09-26,14
سلطان المطيري,قلوريز,مكة,جدد واعدون,1,118.0,2026-09-19,21
رهف الحربي,قلوريز,الرياض,جدد واعدون,1,118.0,2026-09-19,21
نايف الدوسري,قلوريز,مكة,جدد واعدون,1,118.0,2026-09-17,23
عبدالله الجهني,قلوريز,تبوك,جدد واعدون,1,118.0,2026-09-17,23
ياسر المطيري,قلوريز,الرياض,يحتاجون اهتمام,1,118.0,2026-09-06,34
بندر المالكي,قلوريز,المدينة,يحتاجون اهتمام,1,118.0,2026-09-03,37
ماجد الدوسري,قلوريز,مكة,يحتاجون اهتمام,1,118.0,2026-09-01,39
دانة المالكي,قلوريز,الدمام,يحتاجون اهتمام,1,118.0,2026-08-26,45
لمى الشمري,قلوريز,مكة,يحتاجون اهتمام,1,118.0,2026-08-26,45
جود القحطاني,قلوريز,الرياض,يحتاجون اهتمام,1,118.0,2026-08-21,50
عبدالله الجهني,قلوريز,المدينة,يحتاجون اهتمام,1,118.0,2026-08-15,56
هند السالم,قلوريز,مكة,يحتاجون اهتمام,1,118.0,2026-08-13,58
منيرة الشمري,قلوريز,الخبر,يحتاجون اهتمام,1,118.0,2026-08-11,60
ريم المالكي,قلوريز,مكة,يحتاجون اهتمام,1,118.0,2026-08-08,63
هند العنزي,قلوريز,الرياض,يحتاجون اهتمام,1,118.0,2026-08-04,67
نورة الشمري,قلوريز,المدينة,يحتاجون اهتمام,1,118.0,2026-08-03,68
أمل البقمي,قلوريز,الرياض,يحتاجون اهتمام,1,118.0,2026-08-03,68
بندر العنزي,قلوريز,الرياض,يحتاجون اهتمام,1,118.0,2026-07-30,72
لمى الرشيدي,قلوريز,الرياض,يحتاجون اهتمام,1,118.0,2026-07-30,72
لمى الجهني,قلوريز,المدينة,يحتاجون اهتمام,1,118.0,2026-07-26,76
دانة السالم,قلوريز,مكة,يحتاجون اهتمام,1,118.0,2026-07-21,81
خالد المالكي,قلوريز,الرياض,يحتاجون اهتمام,1,118.0,2026-07-13,89
ماجد العتيبي,قلوريز,الرياض,يحتاجون اهتمام,1,118.0,2026-07-09,93
لمى الجهني,قلوريز,تبوك,مفقودون,1,118.0,2026-06-06,126
خالد المالكي,قلوريز,مكة,مفقودون,1,118.0,2026-05-03,160
دانة المطيري,قلوريز,مكة,يحتاجون اهتمام,1,117.0,2026-06-30,102
سارة العنزي,قلوريز,الرياض,يحتاجون اهتمام,1,117.0,2026-06-27,105
تركي الرشيدي,قلوريز,الرياض,يحتاجون اهتمام,1,116.0,2026-08-08,63
سارة المالكي,قلوريز,الرياض,يحتاجون اهتمام,1,116.0,2026-07-15,87
منيرة العتيبي,قلوريز,جدة,يحتاجون اهتمام,1,116.0,2026-07-07,95
راكان السالم,قلوريز,الرياض,جدد واعدون,1,114.0,2026-09-29,11
لمى الغامدي,قلوريز,الرياض,جدد واعدون,1,114.0,2026-09-24,16
فهد المطيري,قلوريز,الرياض,جدد واعدون,1,114.0,2026-09-22,18
تركي الزهراني,قلوريز,الرياض,جدد واعدون,1,114.0,2026-09-22,18
هند الزهراني,قلوريز,الرياض,جدد واعدون,1,114.0,2026-09-22,18
لمى العتيبي,قلوريز,الرياض,جدد واعدون,1,114.0,2026-09-17,23
رهف السالم,قلوريز,الرياض,جدد واعدون,1,114.0,2026-09-12,28
محمد الشهري,قلوريز,المدينة,جدد واعدون,1,114.0,2026-09-11,29
ماجد الحربي,قلوريز,المدينة,يحتاجون اهتمام,1,114.0,2026-09-03,37
رهف القحطاني,قلوريز,الرياض,يحتاجون اهتمام,1,114.0,2026-08-26,45
دانة البقمي,قلوريز,الرياض,يحتاجون اهتمام,1,114.0,2026-08-24,47
لمى السالم,قلوريز,جدة,يحتاجون اهتمام,1,114.0,2026-08-22,49
نايف الشهري,قلوريز,جدة,يحتاجون اهتمام,1,114.0,2026-08-18,53
عبدالله السبيعي,قلوريز,الدمام,يحتاجون اهتمام,1,114.0,2026-08-15,56
رهف المطيري,قلوريز,جدة,معرّضون للفقد,2,114.0,2026-08-11,60
ماجد الدوسري,قلوريز,الرياض,يحتاجون اهتمام,1,114.0,2026-07-31,71
تركي الزهراني,قلوريز,المدينة,يحتاجون اهتمام,1,114.0,2026-07-21,81
خالد العتيبي,قلوريز,الدمام,يحتاجون اهتمام,1,114.0,2026-07-12,90
دانة الزهراني,قلوريز,جدة,يحتاجون اهتمام,1,114.0,2026-07-07,95
ماجد الدوسري,قلوريز,الرياض,يحتاجون اهتمام,1,114.0,2026-07-05,97
فهد الشمري,قلوريز,الرياض,يحتاجون اهتمام,1,114.0,2026-07-01,101
ريم الدوسري,قلوريز,جدة,مفقودون,1,114.0,2026-06-10,122
لمى الشهري,قلوريز,الخبر,مفقودون,2,114.0,2026-05-18,145
تركي القحطاني,قلوريز,جدة,مفقودون,1,114.0,2026-05-03,160
رهف السبيعي,قلوريز,جدة,مفقودون,1,114.0,2026-04-28,165
ياسر الشمري,قلوريز,الرياض,مفقودون,1,114.0,2026-04-26,167
تركي السالم,قلوريز,الدمام,جدد واعدون,1,113.0,2026-09-25,15
لمى العتيبي,قلوريز,الرياض,معرّضون للفقد,2,112.0,2026-08-04,67
محمد الدوسري,قلوريز,الرياض,معرّضون للفقد,2,112.0,2026-07-28,74
نايف السالم,قلوريز,الرياض,يحتاجون اهتمام,1,112.0,2026-06-20,112
محمد الشهري,قلوريز,مكة,يحتاجون اهتمام,1,111.0,2026-06-21,111
سلطان الزهراني,قلوريز,تبوك,مفقودون,1,111.0,2026-05-27,136
غادة الرشيدي,قلوريز,الدمام,يحتاجون اهتمام,2,110.0,2026-09-30,10
هند الشهري,قلوريز,تبوك,جدد واعدون,1,110.0,2026-09-24,16
ياسر الرشيدي,قلوريز,الدمام,جدد واعدون,1,110.0,2026-09-23,17
تركي القحطاني,قلوريز,الرياض,يحتاجون اهتمام,1,110.0,2026-09-02,38
منيرة القحطاني,قلوريز,تبوك,يحتاجون اهتمام,1,110.0,2026-08-28,43
راكان السالم,قلوريز,الرياض,يحتاجون اهتمام,1,110.0,2026-08-22,49
سارة الزهراني,قلوريز,الدمام,يحتاجون اهتمام,1,110.0,2026-08-17,54
ياسر البقمي,قلوريز,الرياض,يحتاجون اهتمام,1,110.0,2026-07-25,77
راكان الرشيدي,قلوريز,جدة,يحتاجون اهتمام,1,110.0,2026-07-20,82
بندر البقمي,قلوريز,تبوك,مفقودون,2,110.0,2026-05-31,132
فهد المطيري,قلوريز,جدة,مفقودون,2,110.0,2026-04-26,167
أمل الحربي,قلوريز,الدمام,جدد واعدون,1,108.0,2026-10-07,3
عبدالله الجهني,قلوريز,جدة,جدد واعدون,1,108.0,2026-10-06,4
محمد السبيعي,قلوريز,أبها,جدد واعدون,1,108.0,2026-10-01,9
غادة السالم,قلوريز,جدة,جدد واعدون,1,108.0,2026-09-30,10
غادة الشمري,قلوريز,جدة,جدد واعدون,1,108.0,2026-09-26,14
فهد البقمي,قلوريز,الرياض,جدد واعدون,1,108.0,2026-09-15,25
دانة الشهري,قلوريز,جدة,يحتاجون اهتمام,1,108.0,2026-09-06,34
فهد العنزي,قلوريز,المدينة,يحتاجون اهتمام,1,108.0,2026-09-04,36
خالد الزهراني,قلوريز,تبوك,يحتاجون اهتمام,1,108.0,2026-09-02,38
سلطان الجهني,قلوريز,الرياض,يحتاجون اهتمام,1,108.0,2026-08-06,65
دانة الدوسري,قلوريز,أبها,يحتاجون اهتمام,1,108.0,2026-07-27,75
دانة الجهني,قلوريز,الدمام,يحتاجون اهتمام,1,108.0,2026-06-26,106
رهف العتيبي,قلوريز,الدمام,يحتاجون اهتمام,1,108.0,2026-06-19,113
ياسر الجهني,قلوريز,الرياض,يحتاجون اهتمام,1,108.0,2026-06-12,120
جود السبيعي,قلوريز,أبها,مفقودون,1,108.0,2026-06-08,124
جود المالكي,قلوريز,جدة,مفقودون,1,108.0,2026-06-02,130
عبدالله المالكي,قلوريز,الدمام,مفقودون,1,108.0,2026-05-29,134
راكان السبيعي,قلوريز,الرياض,مفقودون,1,108.0,2026-05-22,141
عبير القحطاني,قلوريز,تبوك,مفقودون,1,108.0,2026-05-18,145
بندر البقمي,قلوريز,القصيم,مفقودون,1,108.0,2026-05-06,157
هند المطيري,قلوريز,المدينة,يحتاجون اهتمام,2,106.0,2026-09-18,22
دانة البقمي,قلوريز,جدة,جدد واعدون,1,105.0,2026-09-23,17
عبدالله الغامدي,قلوريز,جدة,يحتاجون اهتمام,1,105.0,2026-07-24,78
لمى السبيعي,قلوريز,الرياض,يحتاجون اهتمام,1,105.0,2026-07-19,83
عبدالله المطيري,قلوريز,الرياض,يحتاجون اهتمام,1,105.0,2026-07-19,83
فهد الرشيدي,قلوريز,الرياض,جدد واعدون,1,104.0,2026-10-10,0
دانة القحطاني,قلوريز,الرياض,جدد واعدون,1,104.0,2026-09-29,11
فهد القحطاني,قلوريز,جدة,جدد واعدون,1,104.0,2026-09-11,29
لمى الدوسري,قلوريز,جدة,يحتاجون اهتمام,1,104.0,2026-08-25,46
محمد المطيري,قلوريز,الدمام,يحتاجون اهتمام,1,104.0,2026-07-24,78
غادة الزهراني,قلوريز,مكة,يحتاجون اهتمام,1,104.0,2026-06-27,105
هند السبيعي,قلوريز,مكة,يحتاجون اهتمام,1,104.0,2026-06-25,107
ريم العتيبي,قلوريز,جدة,مفقودون,1,104.0,2026-05-21,142
جود الرشيدي,قلوريز,الرياض,جدد واعدون,1,103.0,2026-10-04,6
خالد الرشيدي,قلوريز,الرياض,يحتاجون اهتمام,1,103.0,2026-08-17,54
دانة الشهري,قلوريز,جدة,جدد واعدون,1,101.0,2026-09-27,13
غادة الشهري,قلوريز,مكة,جدد واعدون,1,101.0,2026-09-13,27
رهف الزهراني,قلوريز,القصيم,يحتاجون اهتمام,1,101.0,2026-06-19,113
ريم العتيبي,قلوريز,تبوك,يحتاجون اهتمام,1,101.0,2026-06-13,119
منيرة السبيعي,قلوريز,جدة,جدد واعدون,1,100.0,2026-09-20,20
محمد العنزي,قلوريز,جدة,يحتاجون اهتمام,1,100.0,2026-08-05,66
بندر البقمي,قلوريز,جدة,يحتاجون اهتمام,1,100.0,2026-07-16,86
شهد الجهني,قلوريز,الرياض,جدد واعدون,1,98.0,2026-10-08,2
جود الحربي,قلوريز,الرياض,جدد واعدون,1,98.0,2026-10-07,3
شهد الشمري,قلوريز,جدة,جدد واعدون,1,98.0,2026-09-30,10
رهف القحطاني,قلوريز,جدة,جدد واعدون,1,98.0,2026-09-22,18
رهف البقمي,قلوريز,الرياض,جدد واعدون,1,98.0,2026-09-21,19
عبدالله الرشيدي,قلوريز,جدة,جدد واعدون,1,98.0,2026-09-17,23
عبير السالم,قلوريز,الدمام,جدد واعدون,1,98.0,2026-09-17,23
شهد السبيعي,قلوريز,أبها,يحتاجون اهتمام,1,98.0,2026-09-09,31
عبدالله الدوسري,قلوريز,الرياض,يحتاجون اهتمام,1,98.0,2026-09-09,31
ريم العتيبي,قلوريز,الرياض,يحتاجون اهتمام,1,98.0,2026-09-01,39
جود الحربي,قلوريز,جدة,يحتاجون اهتمام,1,98.0,2026-08-29,42
ريم المطيري,قلوريز,الرياض,يحتاجون اهتمام,1,98.0,2026-08-24,47
رهف الدوسري,قلوريز,الرياض,يحتاجون اهتمام,1,98.0,2026-08-23,48
ياسر الجهني,قلوريز,مكة,يحتاجون اهتمام,1,98.0,2026-08-22,49
رهف العنزي,قلوريز,جدة,يحتاجون اهتمام,1,98.0,2026-08-16,55
بندر السبيعي,قلوريز,جدة,يحتاجون اهتمام,1,98.0,2026-08-12,59
ماجد السبيعي,قلوريز,مكة,يحتاجون اهتمام,1,98.0,2026-08-09,62
راكان السبيعي,قلوريز,الرياض,يحتاجون اهتمام,1,98.0,2026-08-06,65
عبدالله المطيري,قلوريز,الخبر,يحتاجون اهتمام,1,98.0,2026-08-06,65
رهف العنزي,قلوريز,مكة,يحتاجون اهتمام,1,98.0,2026-08-01,70
نايف الدوسري,قلوريز,مكة,يحتاجون اهتمام,1,98.0,2026-07-14,88
نورة السبيعي,قلوريز,الرياض,يحتاجون اهتمام,1,98.0,2026-07-08,94
ريم السالم,قلوريز,الرياض,يحتاجون اهتمام,1,98.0,2026-06-29,103
عبدالله الشمري,قلوريز,جدة,يحتاجون اهتمام,1,98.0,2026-06-29,103
لمى الشهري,قلوريز,الرياض,يحتاجون اهتمام,1,98.0,2026-06-16,116
سارة القحطاني,قلوريز,الدمام,مفقودون,1,98.0,2026-06-07,125
ريم الشمري,قلوريز,الرياض,مفقودون,1,98.0,2026-06-07,125
هند السالم,قلوريز,الرياض,مفقودون,1,98.0,2026-06-02,130
شهد الغامدي,قلوريز,جدة,مفقودون,1,98.0,2026-05-30,133
نايف الغامدي,قلوريز,الرياض,مفقودون,1,98.0,2026-05-24,139
عبدالله الشمري,قلوريز,المدينة,مفقودون,1,98.0,2026-05-20,143
رهف العنزي,قلوريز,الرياض,مفقودون,1,98.0,2026-05-20,143
نورة السبيعي,قلوريز,الرياض,مفقودون,1,98.0,2026-05-08,155
نورة الرشيدي,قلوريز,مكة,مفقودون,1,98.0,2026-04-30,163
ماجد الشهري,قلوريز,جدة,مفقودون,1,98.0,2026-04-19,174
ياسر العتيبي,قلوريز,الرياض,جدد واعدون,1,96.0,2026-09-28,12
ريم البقمي,قلوريز,الرياض,يحتاجون اهتمام,1,95.0,2026-07-20,82
نورة الحربي,قلوريز,أبها,جدد واعدون,1,94.0,2026-10-06,4
عبدالله السبيعي,قلوريز,المدينة,جدد واعدون,1,94.0,2026-10-05,5
راكان العتيبي,قلوريز,المدينة,جدد واعدون,1,94.0,2026-10-01,9
سارة الزهراني,قلوريز,الخبر,جدد واعدون,1,94.0,2026-09-24,16
أمل السالم,قلوريز,جدة,جدد واعدون,1,94.0,2026-09-21,19
دانة الحربي,قلوريز,الرياض,جدد واعدون,1,94.0,2026-09-15,25
عبدالله العنزي,قلوريز,تبوك,جدد واعدون,1,94.0,2026-09-11,29
راكان القحطاني,قلوريز,جدة,يحتاجون اهتمام,1,94.0,2026-09-09,31
نايف الرشيدي,قلوريز,الدمام,يحتاجون اهتمام,1,94.0,2026-09-08,32
ماجد العتيبي,قلوريز,الدمام,يحتاجون اهتمام,1,94.0,2026-07-05,97
سلطان الغامدي,قلوريز,مكة,يحتاجون اهتمام,1,94.0,2026-07-02,100
محمد المالكي,قلوريز,مكة,يحتاجون اهتمام,1,94.0,2026-06-15,117
نورة المالكي,قلوريز,جدة,جدد واعدون,1,91.0,2026-09-21,19
تركي المطيري,قلوريز,جدة,يحتاجون اهتمام,1,91.0,2026-08-22,49
ياسر الجهني,قلوريز,الرياض,جدد واعدون,1,90.0,2026-10-10,0
دانة الغامدي,قلوريز,مكة,جدد واعدون,1,90.0,2026-10-09,1
منيرة الزهراني,قلوريز,جدة,جدد واعدون,1,90.0,2026-09-28,12
هند الزهراني,قلوريز,مكة,جدد واعدون,1,90.0,2026-09-17,23
ماجد المالكي,قلوريز,جدة,جدد واعدون,1,90.0,2026-09-11,29
ماجد الدوسري,قلوريز,جدة,يحتاجون اهتمام,1,90.0,2026-09-09,31
شهد الجهني,قلوريز,الخبر,يحتاجون اهتمام,1,90.0,2026-09-08,32
تركي الدوسري,قلوريز,الرياض,يحتاجون اهتمام,1,90.0,2026-09-06,34
رهف الدوسري,قلوريز,الرياض,يحتاجون اهتمام,1,90.0,2026-08-29,42
أمل الحربي,قلوريز,الرياض,يحتاجون اهتمام,1,90.0,2026-08-15,56
رهف الرشيدي,قلوريز,جدة,يحتاجون اهتمام,1,90.0,2026-08-10,61
لمى العنزي,قلوريز,مكة,يحتاجون اهتمام,1,90.0,2026-07-24,78
منيرة القحطاني,قلوريز,الرياض,يحتاجون اهتمام,1,90.0,2026-07-23,79
دانة العنزي,قلوريز,مكة,يحتاجون اهتمام,1,90.0,2026-07-13,89
فهد الدوسري,قلوريز,المدينة,يحتاجون اهتمام,1,90.0,2026-07-10,92
نايف الجهني,قلوريز,الرياض,يحتاجون اهتمام,1,90.0,2026-07-05,97
غادة الحربي,قلوريز,تبوك,يحتاجون اهتمام,1,90.0,2026-07-05,97
منيرة الشهري,قلوريز,الخبر,يحتاجون اهتمام,1,90.0,2026-06-23,109
رهف السالم,قلوريز,الرياض,يحتاجون اهتمام,1,90.0,2026-06-13,119
منيرة الجهني,قلوريز,الرياض,مفقودون,1,90.0,2026-05-03,160
تركي المالكي,قلوريز,مكة,جدد واعدون,1,86.0,2026-10-04,6
خالد الشهري,قلوريز,الرياض,يحتاجون اهتمام,1,86.0,2026-08-06,65
نايف العنزي,قلوريز,المدينة,يحتاجون اهتمام,1,86.0,2026-06-14,118
عبدالله الشمري,قلوريز,المدينة,جدد واعدون,1,83.0,2026-09-25,15
لمى السبيعي,قلوريز,الرياض,يحتاجون اهتمام,1,83.0,2026-07-31,71
منيرة العتيبي,قلوريز,الدمام,مفقودون,1,83.0,2026-05-17,146
بندر الحربي,قلوريز,جدة,جدد واعدون,1,80.0,2026-09-25,15
محمد الجهني,قلوريز,الرياض,جدد واعدون,1,80.0,2026-09-15,25
شهد الغامدي,قلوريز,جدة,جدد واعدون,1,79.0,2026-10-10,0
غادة السبيعي,قلوريز,المدينة,جدد واعدون,1,79.0,2026-10-09,1
سارة الغامدي,قلوريز,مكة,جدد واعدون,1,79.0,2026-10-02,8
محمد الجهني,قلوريز,الرياض,جدد واعدون,1,79.0,2026-10-01,9
نورة القحطاني,قلوريز,جدة,جدد واعدون,1,79.0,2026-09-27,13
هند المالكي,قلوريز,الخبر,جدد واعدون,1,79.0,2026-09-27,13
تركي الشمري,قلوريز,الرياض,جدد واعدون,1,79.0,2026-09-27,13
عبير الغامدي,قلوريز,جدة,جدد واعدون,1,79.0,2026-09-26,14
فهد الزهراني,قلوريز,مكة,جدد واعدون,1,79.0,2026-09-24,16
نايف القحطاني,قلوريز,جدة,جدد واعدون,1,79.0,2026-09-23,17
رهف الدوسري,قلوريز,الرياض,جدد واعدون,1,79.0,2026-09-22,18
بندر السبيعي,قلوريز,جدة,جدد واعدون,1,79.0,2026-09-18,22
سارة الشهري,قلوريز,مكة,جدد واعدون,1,79.0,2026-09-18,22
جود الشهري,قلوريز,القصيم,جدد واعدون,1,79.0,2026-09-17,23
راكان المالكي,قلوريز,الرياض,جدد واعدون,1,79.0,2026-09-17,23
نورة الشمري,قلوريز,جدة,جدد واعدون,1,79.0,2026-09-17,23
بندر الغامدي,قلوريز,المدينة,جدد واعدون,1,79.0,2026-09-15,25
راكان العتيبي,قلوريز,المدينة,جدد واعدون,1,79.0,2026-09-14,26
ياسر البقمي,قلوريز,أبها,جدد واعدون,1,79.0,2026-09-13,27
تركي الدوسري,قلوريز,الرياض,جدد واعدون,1,79.0,2026-09-11,29
نورة الشمري,قلوريز,الرياض,جدد واعدون,1,79.0,2026-09-10,30
عبدالله الشمري,قلوريز,أبها,جدد واعدون,1,79.0,2026-09-10,30
خالد الغامدي,قلوريز,الدمام,جدد واعدون,1,79.0,2026-09-10,30
عبير الجهني,قلوريز,مكة,جدد واعدون,1,79.0,2026-09-10,30
عبير القحطاني,قلوريز,الرياض,يحتاجون اهتمام,1,79.0,2026-09-09,31
دانة السالم,قلوريز,جدة,يحتاجون اهتمام,1,79.0,2026-08-27,44
فهد الشمري,قلوريز,المدينة,يحتاجون اهتمام,1,79.0,2026-08-23,48
راكان السالم,قلوريز,الدمام,يحتاجون اهتمام,1,79.0,2026-08-22,49
عبدالله القحطاني,قلوريز,جدة,يحتاجون اهتمام,1,79.0,2026-08-18,53
ماجد السبيعي,قلوريز,الدمام,يحتاجون اهتمام,1,79.0,2026-08-18,53
تركي الجهني,قلوريز,الرياض,يحتاجون اهتمام,1,79.0,2026-08-17,54
سلطان العتيبي,قلوريز,جدة,يحتاجون اهتمام,1,79.0,2026-08-16,55
ماجد العتيبي,قلوريز,الرياض,يحتاجون اهتمام,1,79.0,2026-08-15,56
عبير الجهني,قلوريز,الرياض,يحتاجون اهتمام,1,79.0,2026-08-13,58
عبدالله المالكي,قلوريز,الرياض,يحتاجون اهتمام,1,79.0,2026-08-13,58
دانة الزهراني,قلوريز,تبوك,يحتاجون اهتمام,1,79.0,2026-08-09,62
لمى السالم,قلوريز,مكة,يحتاجون اهتمام,1,79.0,2026-08-04,67
عبدالله العتيبي,قلوريز,الرياض,يحتاجون اهتمام,1,79.0,2026-08-03,68
سارة المالكي,قلوريز,الرياض,يحتاجون اهتمام,1,79.0,2026-07-31,71
ياسر المالكي,قلوريز,القصيم,يحتاجون اهتمام,1,79.0,2026-07-29,73
ماجد القحطاني,قلوريز,الرياض,يحتاجون اهتمام,1,79.0,2026-07-27,75
لمى القحطاني,قلوريز,جدة,يحتاجون اهتمام,1,79.0,2026-07-26,76
رهف المالكي,قلوريز,القصيم,يحتاجون اهتمام,1,79.0,2026-07-23,79
سلطان القحطاني,قلوريز,جدة,يحتاجون اهتمام,1,79.0,2026-07-18,84
سارة الزهراني,قلوريز,مكة,يحتاجون اهتمام,1,79.0,2026-07-13,89
هند العتيبي,قلوريز,مكة,يحتاجون اهتمام,1,79.0,2026-07-12,90
هند المالكي,قلوريز,المدينة,يحتاجون اهتمام,1,79.0,2026-07-06,96
ريم المالكي,قلوريز,القصيم,يحتاجون اهتمام,1,79.0,2026-07-06,96
شهد الشمري,قلوريز,جدة,يحتاجون اهتمام,1,79.0,2026-07-04,98
دانة الزهراني,قلوريز,الدمام,يحتاجون اهتمام,1,79.0,2026-07-03,99
جود البقمي,قلوريز,الدمام,يحتاجون اهتمام,1,79.0,2026-07-03,99
ياسر الحربي,قلوريز,الدمام,يحتاجون اهتمام,1,79.0,2026-06-29,103
ريم الدوسري,قلوريز,الخبر,يحتاجون اهتمام,1,79.0,2026-06-29,103
نايف الشهري,قلوريز,جدة,يحتاجون اهتمام,1,79.0,2026-06-23,109
منيرة الغامدي,قلوريز,الرياض,يحتاجون اهتمام,1,79.0,2026-06-21,111
لمى القحطاني,قلوريز,الخبر,يحتاجون اهتمام,1,79.0,2026-06-21,111
راكان الغامدي,قلوريز,مكة,يحتاجون اهتمام,1,79.0,2026-06-20,112
فهد السالم,قلوريز,المدينة,مفقودون,1,79.0,2026-06-11,121
خالد المالكي,قلوريز,الرياض,مفقودون,1,79.0,2026-06-07,125
تركي العنزي,قلوريز,جدة,مفقودون,1,79.0,2026-06-04,128
ريم الشهري,قلوريز,جدة,مفقودون,1,79.0,2026-06-04,128
سارة العنزي,قلوريز,تبوك,مفقودون,1,79.0,2026-05-26,137
دانة المطيري,قلوريز,الدمام,مفقودون,1,79.0,2026-05-22,141
بندر الشمري,قلوريز,القصيم,مفقودون,1,79.0,2026-05-12,151
أمل القحطاني,قلوريز,الرياض,مفقودون,1,79.0,2026-05-04,159
ريم البقمي,قلوريز,المدينة,مفقودون,1,79.0,2026-05-01,162
شهد الزهراني,قلوريز,جدة,مفقودون,1,79.0,2026-04-22,171
عبير السالم,قلوريز,مكة,مفقودون,1,79.0,2026-04-18,175
جود الدوسري,قلوريز,جدة,يحتاجون اهتمام,1,76.0,2026-07-14,88
لمى السبيعي,قلوريز,الرياض,جدد واعدون,1,75.0,2026-10-07,3
رهف الرشيدي,قلوريز,الدمام,جدد واعدون,1,75.0,2026-10-06,4
شهد السبيعي,قلوريز,الخبر,جدد واعدون,1,75.0,2026-10-05,5
عبير الغامدي,قلوريز,المدينة,جدد واعدون,1,75.0,2026-10-04,6
بندر السالم,قلوريز,مكة,جدد واعدون,1,75.0,2026-10-01,9
بندر المطيري,قلوريز,الدمام,جدد واعدون,1,75.0,2026-09-27,13
أمل الرشيدي,قلوريز,الرياض,جدد واعدون,1,75.0,2026-09-27,13
أمل الغامدي,قلوريز,جدة,جدد واعدون,1,75.0,2026-09-26,14
شهد الحربي,قلوريز,الدمام,جدد واعدون,1,75.0,2026-09-26,14
ريم الزهراني,قلوريز,الدمام,جدد واعدون,1,75.0,2026-09-24,16
رهف المالكي,قلوريز,المدينة,جدد واعدون,1,75.0,2026-09-20,20
تركي الحربي,قلوريز,الرياض,جدد واعدون,1,75.0,2026-09-19,21
ريم الجهني,قلوريز,جدة,جدد واعدون,1,75.0,2026-09-19,21
سلطان السبيعي,قلوريز,مكة,جدد واعدون,1,75.0,2026-09-18,22
فهد العتيبي,قلوريز,مكة,جدد واعدون,1,75.0,2026-09-11,29
ياسر الغامدي,قلوريز,الدمام,يحتاجون اهتمام,1,75.0,2026-09-09,31
لمى الغامدي,قلوريز,جدة,يحتاجون اهتمام,1,75.0,2026-09-09,31
جود الجهني,قلوريز,الدمام,يحتاجون اهتمام,1,75.0,2026-09-08,32
ياسر المالكي,قلوريز,الرياض,يحتاجون اهتمام,1,75.0,2026-09-04,36
بندر الشهري,قلوريز,المدينة,يحتاجون اهتمام,1,75.0,2026-09-04,36
عبدالله الشمري,قلوريز,جدة,يحتاجون اهتمام,1,75.0,2026-09-02,38
هند العنزي,قلوريز,الرياض,يحتاجون اهتمام,1,75.0,2026-09-01,39
أمل المطيري,قلوريز,المدينة,يحتاجون اهتمام,1,75.0,2026-08-31,40
غادة الشمري,قلوريز,الرياض,يحتاجون اهتمام,1,75.0,2026-08-31,40
خالد الجهني,قلوريز,الدمام,يحتاجون اهتمام,1,75.0,2026-08-30,41
جود الحربي,قلوريز,الرياض,يحتاجون اهتمام,1,75.0,2026-08-29,42
نايف القحطاني,قلوريز,الرياض,يحتاجون اهتمام,1,75.0,2026-08-28,43
رهف الجهني,قلوريز,الرياض,يحتاجون اهتمام,1,75.0,2026-08-26,45
سلطان الرشيدي,قلوريز,جدة,يحتاجون اهتمام,1,75.0,2026-08-24,47
رهف الغامدي,قلوريز,جدة,يحتاجون اهتمام,1,75.0,2026-08-24,47
سلطان السالم,قلوريز,جدة,يحتاجون اهتمام,1,75.0,2026-08-23,48
سلطان البقمي,قلوريز,الرياض,يحتاجون اهتمام,1,75.0,2026-08-14,57
دانة البقمي,قلوريز,جدة,يحتاجون اهتمام,1,75.0,2026-08-14,57
ماجد العنزي,قلوريز,جدة,يحتاجون اهتمام,1,75.0,2026-08-10,61
راكان الشهري,قلوريز,الدمام,يحتاجون اهتمام,1,75.0,2026-08-07,64
دانة الرشيدي,قلوريز,الرياض,يحتاجون اهتمام,1,75.0,2026-08-04,67
ماجد السالم,قلوريز,مكة,يحتاجون اهتمام,1,75.0,2026-08-03,68
راكان العتيبي,قلوريز,الرياض,يحتاجون اهتمام,1,75.0,2026-08-02,69
رهف الزهراني,قلوريز,الرياض,يحتاجون اهتمام,1,75.0,2026-07-31,71
لمى السبيعي,قلوريز,جدة,يحتاجون اهتمام,1,75.0,2026-07-26,76
نورة المالكي,قلوريز,جدة,يحتاجون اهتمام,1,75.0,2026-07-24,78
لمى البقمي,قلوريز,جدة,يحتاجون اهتمام,1,75.0,2026-07-23,79
ماجد الشمري,قلوريز,أبها,يحتاجون اهتمام,1,75.0,2026-07-23,79
محمد العتيبي,قلوريز,تبوك,يحتاجون اهتمام,1,75.0,2026-07-22,80
سارة المطيري,قلوريز,جدة,يحتاجون اهتمام,1,75.0,2026-07-18,84
رهف الحربي,قلوريز,تبوك,يحتاجون اهتمام,1,75.0,2026-07-17,85
راكان الشمري,قلوريز,المدينة,يحتاجون اهتمام,1,75.0,2026-07-16,86
جود الشمري,قلوريز,الرياض,يحتاجون اهتمام,1,75.0,2026-07-15,87
أمل الغامدي,قلوريز,أبها,يحتاجون اهتمام,1,75.0,2026-07-13,89
خالد الزهراني,قلوريز,الرياض,يحتاجون اهتمام,1,75.0,2026-07-12,90
ماجد المطيري,قلوريز,جدة,يحتاجون اهتمام,1,75.0,2026-07-11,91
ياسر السبيعي,قلوريز,الرياض,يحتاجون اهتمام,1,75.0,2026-07-11,91
عبير السالم,قلوريز,الرياض,يحتاجون اهتمام,1,75.0,2026-07-03,99
نورة الدوسري,قلوريز,الرياض,يحتاجون اهتمام,1,75.0,2026-07-01,101
رهف الشمري,قلوريز,مكة,يحتاجون اهتمام,1,75.0,2026-06-28,104
ماجد الشهري,قلوريز,الدمام,يحتاجون اهتمام,1,75.0,2026-06-25,107
ياسر السالم,قلوريز,الرياض,مفقودون,1,75.0,2026-06-11,121
سارة المطيري,قلوريز,تبوك,مفقودون,1,75.0,2026-06-04,128
سلطان العنزي,قلوريز,القصيم,مفقودون,1,75.0,2026-05-30,133
منيرة الرشيدي,قلوريز,الرياض,مفقودون,1,75.0,2026-05-21,142
ماجد القحطاني,قلوريز,جدة,مفقودون,1,75.0,2026-05-19,144
غادة البقمي,قلوريز,الرياض,مفقودون,1,75.0,2026-05-10,153
بندر السالم,قلوريز,الرياض,مفقودون,1,75.0,2026-04-27,166
ياسر السالم,قلوريز,جدة,مفقودون,1,75.0,2026-04-21,172
دانة الشمري,قلوريز,تبوك,مفقودون,1,75.0,2026-04-19,174
عبير السالم,قلوريز,الرياض,جدد واعدون,1,73.0,2026-10-07,3
عبدالله الزهراني,قلوريز,المدينة,جدد واعدون,1,73.0,2026-10-06,4
شهد الجهني,قلوريز,الخبر,جدد واعدون,1,73.0,2026-09-24,16
منيرة السالم,قلوريز,مكة,جدد واعدون,1,73.0,2026-09-18,22
نورة الشمري,قلوريز,جدة,يحتاجون اهتمام,1,73.0,2026-08-03,68
سلطان البقمي,قلوريز,مكة,يحتاجون اهتمام,1,73.0,2026-07-16,86
عبير الشهري,قلوريز,مكة,يحتاجون اهتمام,1,73.0,2026-06-26,106
عبدالله الجهني,قلوريز,الرياض,جدد واعدون,1,70.0,2026-10-04,6
نورة الرشيدي,قلوريز,المدينة,يحتاجون اهتمام,1,70.0,2026-09-06,34
تركي العنزي,قلوريز,مكة,يحتاجون اهتمام,1,70.0,2026-08-14,57
رهف السالم,قلوريز,الرياض,يحتاجون اهتمام,1,70.0,2026-08-02,69
شهد السالم,قلوريز,القصيم,يحتاجون اهتمام,1,70.0,2026-07-12,90
ياسر الزهراني,قلوريز,مكة,يحتاجون اهتمام,1,70.0,2026-07-09,93
غادة الشهري,قلوريز,جدة,يحتاجون اهتمام,1,70.0,2026-06-29,103
سارة الحربي,قلوريز,المدينة,جدد واعدون,1,69.0,2026-10-08,2
لمى الحربي,قلوريز,الدمام,جدد واعدون,1,69.0,2026-10-05,5
تركي السبيعي,قلوريز,الرياض,جدد واعدون,1,69.0,2026-10-04,6
ريم القحطاني,قلوريز,جدة,جدد واعدون,1,69.0,2026-10-04,6
غادة السالم,قلوريز,جدة,جدد واعدون,1,69.0,2026-10-03,7
فهد السالم,قلوريز,الرياض,جدد واعدون,1,69.0,2026-10-01,9
خالد العنزي,قلوريز,الدمام,جدد واعدون,1,69.0,2026-09-26,14
ماجد الجهني,قلوريز,الخبر,جدد واعدون,1,69.0,2026-09-24,16
نايف الجهني,قلوريز,الرياض,جدد واعدون,1,69.0,2026-09-23,17
تركي الجهني,قلوريز,جدة,جدد واعدون,1,69.0,2026-09-20,20
راكان المالكي,قلوريز,الدمام,جدد واعدون,1,69.0,2026-09-20,20
محمد الدوسري,قلوريز,الرياض,جدد واعدون,1,69.0,2026-09-14,26
ياسر العنزي,قلوريز,مكة,جدد واعدون,1,69.0,2026-09-12,28
بندر المالكي,قلوريز,جدة,جدد واعدون,1,69.0,2026-09-11,29
تركي العتيبي,قلوريز,الرياض,جدد واعدون,1,69.0,2026-09-11,29
فهد السبيعي,قلوريز,الرياض,جدد واعدون,1,69.0,2026-09-10,30
عبير البقمي,قلوريز,جدة,جدد واعدون,1,69.0,2026-09-10,30
لمى المطيري,قلوريز,الخبر,يحتاجون اهتمام,1,69.0,2026-09-08,32
عبير الشمري,قلوريز,أبها,يحتاجون اهتمام,1,69.0,2026-09-03,37
خالد السبيعي,قلوريز,الخبر,يحتاجون اهتمام,1,69.0,2026-09-03,37
سارة الجهني,قلوريز,الرياض,يحتاجون اهتمام,1,69.0,2026-08-30,41
رهف الحربي,قلوريز,أبها,يحتاجون اهتمام,1,69.0,2026-08-27,44
منيرة المالكي,قلوريز,الرياض,يحتاجون اهتمام,1,69.0,2026-08-27,44
محمد الرشيدي,قلوريز,جدة,يحتاجون اهتمام,1,69.0,2026-08-22,49
عبدالله الرشيدي,قلوريز,تبوك,يحتاجون اهتمام,1,69.0,2026-08-20,51
عبدالله العتيبي,قلوريز,المدينة,يحتاجون اهتمام,1,69.0,2026-08-18,53
سارة القحطاني,قلوريز,الدمام,يحتاجون اهتمام,1,69.0,2026-08-18,53
لمى الجهني,قلوريز,مكة,يحتاجون اهتمام,1,69.0,2026-08-13,58
جود المالكي,قلوريز,الرياض,يحتاجون اهتمام,1,69.0,2026-08-07,64
خالد الشمري,قلوريز,المدينة,يحتاجون اهتمام,1,69.0,2026-08-07,64
جود المطيري,قلوريز,جدة,يحتاجون اهتمام,1,69.0,2026-08-06,65
نايف السالم,قلوريز,الدمام,يحتاجون اهتمام,1,69.0,2026-08-06,65
بندر الغامدي,قلوريز,الخبر,يحتاجون اهتمام,1,69.0,2026-08-02,69
هند الزهراني,قلوريز,الخبر,يحتاجون اهتمام,1,69.0,2026-07-31,71
ريم الدوسري,قلوريز,الرياض,يحتاجون اهتمام,1,69.0,2026-07-29,73
سلطان البقمي,قلوريز,تبوك,يحتاجون اهتمام,1,69.0,2026-07-21,81
هند العنزي,قلوريز,المدينة,يحتاجون اهتمام,1,69.0,2026-07-19,83
لمى العنزي,قلوريز,القصيم,يحتاجون اهتمام,1,69.0,2026-07-18,84
نورة العتيبي,قلوريز,الرياض,يحتاجون اهتمام,1,69.0,2026-07-17,85
راكان الجهني,قلوريز,تبوك,يحتاجون اهتمام,1,69.0,2026-07-07,95
هند الشهري,قلوريز,جدة,يحتاجون اهتمام,1,69.0,2026-07-07,95
سلطان الرشيدي,قلوريز,مكة,يحتاجون اهتمام,1,69.0,2026-07-06,96
عبدالله العنزي,قلوريز,الرياض,يحتاجون اهتمام,1,69.0,2026-07-03,99
ماجد الغامدي,قلوريز,جدة,يحتاجون اهتمام,1,69.0,2026-06-30,102
نايف الزهراني,قلوريز,الدمام,يحتاجون اهتمام,1,69.0,2026-06-16,116
منيرة المطيري,قلوريز,تبوك,يحتاجون اهتمام,1,69.0,2026-06-15,117
غادة الشهري,قلوريز,جدة,مفقودون,1,69.0,2026-06-06,126
نورة الشهري,قلوريز,الرياض,مفقودون,1,69.0,2026-06-04,128
دانة السبيعي,قلوريز,الخبر,مفقودون,1,69.0,2026-06-04,128
محمد الشهري,قلوريز,الرياض,مفقودون,1,69.0,2026-05-30,133
لمى الغامدي,قلوريز,الرياض,مفقودون,1,69.0,2026-05-22,141
أمل المطيري,قلوريز,مكة,مفقودون,1,69.0,2026-05-22,141
منيرة الرشيدي,قلوريز,الرياض,مفقودون,1,69.0,2026-05-02,161
سلطان الشهري,قلوريز,الدمام,مفقودون,1,69.0,2026-05-01,162
منيرة السالم,قلوريز,أبها,مفقودون,1,69.0,2026-04-29,164
أمل البقمي,قلوريز,الرياض,مفقودون,1,69.0,2026-04-26,167
راكان المالكي,قلوريز,أبها,مفقودون,1,69.0,2026-04-16,177
سارة المالكي,قلوريز,المدينة,مفقودون,1,69.0,2026-04-15,178
رهف الرشيدي,قلوريز,الرياض,جدد واعدون,1,67.0,2026-10-07,3
لمى الدوسري,قلوريز,المدينة,جدد واعدون,1,67.0,2026-10-01,9
جود البقمي,قلوريز,مكة,جدد واعدون,1,67.0,2026-09-18,22
ماجد الشهري,قلوريز,جدة,يحتاجون اهتمام,1,67.0,2026-09-09,31
نايف القحطاني,قلوريز,الرياض,يحتاجون اهتمام,1,67.0,2026-08-21,50
فهد المالكي,قلوريز,الرياض,يحتاجون اهتمام,1,67.0,2026-08-20,51
فهد العنزي,قلوريز,الخبر,يحتاجون اهتمام,1,67.0,2026-07-19,83
عبير الشمري,قلوريز,جدة,يحتاجون اهتمام,1,67.0,2026-07-13,89
شهد الدوسري,قلوريز,أبها,يحتاجون اهتمام,1,67.0,2026-07-01,101
ياسر الرشيدي,قلوريز,جدة,جدد واعدون,1,64.0,2026-10-07,3
شهد الجهني,قلوريز,الدمام,جدد واعدون,1,64.0,2026-09-16,24
فهد الشمري,قلوريز,مكة,يحتاجون اهتمام,1,64.0,2026-09-08,32
ياسر الجهني,قلوريز,جدة,يحتاجون اهتمام,1,64.0,2026-08-21,50
أمل البقمي,قلوريز,الرياض,يحتاجون اهتمام,1,64.0,2026-08-14,57
تركي الجهني,قلوريز,الرياض,يحتاجون اهتمام,1,64.0,2026-08-06,65
عبير الحربي,قلوريز,تبوك,يحتاجون اهتمام,1,64.0,2026-07-13,89
راكان البقمي,قلوريز,جدة,يحتاجون اهتمام,1,64.0,2026-07-02,100
نايف الحربي,قلوريز,الرياض,يحتاجون اهتمام,1,64.0,2026-06-21,111
بندر المالكي,قلوريز,الخبر,مفقودون,1,64.0,2026-05-03,160
خالد السبيعي,قلوريز,المدينة,جدد واعدون,1,62.0,2026-09-27,13
عبدالله الشمري,قلوريز,الخبر,يحتاجون اهتمام,1,62.0,2026-08-27,44
ماجد الشهري,قلوريز,القصيم,يحتاجون اهتمام,1,62.0,2026-08-01,70
تركي العنزي,قلوريز,جدة,يحتاجون اهتمام,1,62.0,2026-07-31,71
خالد الحربي,قلوريز,جدة,يحتاجون اهتمام,1,62.0,2026-07-30,72
ياسر القحطاني,قلوريز,جدة,يحتاجون اهتمام,1,62.0,2026-07-26,76
غادة السالم,قلوريز,الرياض,جدد واعدون,1,59.0,2026-10-09,1
خالد المطيري,قلوريز,مكة,جدد واعدون,1,59.0,2026-10-08,2
دانة السالم,قلوريز,مكة,جدد واعدون,1,59.0,2026-10-06,4
عبير الدوسري,قلوريز,جدة,جدد واعدون,1,59.0,2026-10-06,4
ياسر العنزي,قلوريز,الخبر,جدد واعدون,1,59.0,2026-10-04,6
جود الشهري,قلوريز,تبوك,جدد واعدون,1,59.0,2026-10-03,7
عبدالله العتيبي,قلوريز,جدة,جدد واعدون,1,59.0,2026-09-27,13
خالد الغامدي,قلوريز,الرياض,جدد واعدون,1,59.0,2026-09-27,13
دانة المالكي,قلوريز,الدمام,جدد واعدون,1,59.0,2026-09-26,14
رهف المطيري,قلوريز,جدة,جدد واعدون,1,59.0,2026-09-25,15
ريم الشمري,قلوريز,أبها,جدد واعدون,1,59.0,2026-09-23,17
هند الدوسري,قلوريز,جدة,جدد واعدون,1,59.0,2026-09-23,17
محمد الغامدي,قلوريز,الخبر,جدد واعدون,1,59.0,2026-09-23,17
عبير العنزي,قلوريز,القصيم,جدد واعدون,1,59.0,2026-09-18,22
سلطان الشهري,قلوريز,جدة,جدد واعدون,1,59.0,2026-09-17,23
نورة الشهري,قلوريز,جدة,جدد واعدون,1,59.0,2026-09-15,25
فهد الحربي,قلوريز,الخبر,جدد واعدون,1,59.0,2026-09-14,26
فهد الجهني,قلوريز,المدينة,جدد واعدون,1,59.0,2026-09-13,27
جود الزهراني,قلوريز,تبوك,جدد واعدون,1,59.0,2026-09-10,30
عبدالله السالم,قلوريز,جدة,جدد واعدون,1,59.0,2026-09-10,30
سلطان الجهني,قلوريز,الدمام,يحتاجون اهتمام,1,59.0,2026-09-08,32
عبدالله السبيعي,قلوريز,الرياض,يحتاجون اهتمام,1,59.0,2026-09-06,34
سارة المالكي,قلوريز,جدة,يحتاجون اهتمام,1,59.0,2026-09-05,35
فهد الحربي,قلوريز,الرياض,يحتاجون اهتمام,1,59.0,2026-09-04,36
لمى الجهني,قلوريز,الرياض,يحتاجون اهتمام,1,59.0,2026-08-24,47
سلطان الحربي,قلوريز,جدة,يحتاجون اهتمام,1,59.0,2026-08-22,49
راكان السالم,قلوريز,الدمام,يحتاجون اهتمام,1,59.0,2026-08-20,51
هند البقمي,قلوريز,الرياض,يحتاجون اهتمام,1,59.0,2026-08-18,53
تركي العنزي,قلوريز,الخبر,يحتاجون اهتمام,1,59.0,2026-08-11,60
عبدالله العتيبي,قلوريز,تبوك,يحتاجون اهتمام,1,59.0,2026-08-06,65
لمى الشمري,قلوريز,الدمام,يحتاجون اهتمام,1,59.0,2026-08-05,66
منيرة الشهري,قلوريز,الدمام,يحتاجون اهتمام,1,59.0,2026-08-02,69
راكان الزهراني,قلوريز,الرياض,يحتاجون اهتمام,1,59.0,2026-07-30,72
عبدالله الزهراني,قلوريز,جدة,يحتاجون اهتمام,1,59.0,2026-07-27,75
فهد الشمري,قلوريز,مكة,يحتاجون اهتمام,1,59.0,2026-07-24,78
شهد الرشيدي,قلوريز,مكة,يحتاجون اهتمام,1,59.0,2026-07-24,78
سارة الرشيدي,قلوريز,الرياض,يحتاجون اهتمام,1,59.0,2026-07-17,85
سلطان البقمي,قلوريز,مكة,يحتاجون اهتمام,1,59.0,2026-07-16,86
فهد الدوسري,قلوريز,الرياض,يحتاجون اهتمام,1,59.0,2026-07-16,86
ياسر العتيبي,قلوريز,الرياض,يحتاجون اهتمام,1,59.0,2026-07-12,90
أمل السبيعي,قلوريز,جدة,يحتاجون اهتمام,1,59.0,2026-07-12,90
رهف السبيعي,قلوريز,الرياض,يحتاجون اهتمام,1,59.0,2026-07-11,91
ياسر المطيري,قلوريز,الرياض,يحتاجون اهتمام,1,59.0,2026-07-04,98
منيرة السالم,قلوريز,القصيم,يحتاجون اهتمام,1,59.0,2026-07-03,99
سارة المطيري,قلوريز,الرياض,يحتاجون اهتمام,1,59.0,2026-07-01,101
غادة الرشيدي,قلوريز,أبها,يحتاجون اهتمام,1,59.0,2026-07-01,101
راكان الحربي,قلوريز,مكة,يحتاجون اهتمام,1,59.0,2026-06-28,104
لمى الجهني,قلوريز,الرياض,يحتاجون اهتمام,1,59.0,2026-06-23,109
عبير القحطاني,قلوريز,القصيم,يحتاجون اهتمام,1,59.0,2026-06-21,111
خالد الرشيدي,قلوريز,مكة,يحتاجون اهتمام,1,59.0,2026-06-14,118
جود الرشيدي,قلوريز,أبها,يحتاجون اهتمام,1,59.0,2026-06-14,118
هند السالم,قلوريز,الرياض,مفقودون,1,59.0,2026-06-05,127
ماجد البقمي,قلوريز,جدة,مفقودون,1,59.0,2026-06-05,127
خالد المطيري,قلوريز,الرياض,مفقودون,1,59.0,2026-05-28,135
نورة الدوسري,قلوريز,الرياض,مفقودون,1,59.0,2026-05-26,137
أمل الزهراني,قلوريز,الدمام,مفقودون,1,59.0,2026-05-21,142
منيرة الشمري,قلوريز,الرياض,مفقودون,1,59.0,2026-05-21,142
دانة القحطاني,قلوريز,الرياض,مفقودون,1,59.0,2026-05-14,149
جود الشمري,قلوريز,أبها,مفقودون,1,59.0,2026-05-10,153
لمى العنزي,قلوريز,الرياض,مفقودون,1,59.0,2026-05-09,154
عبير الشمري,قلوريز,جدة,مفقودون,1,59.0,2026-05-06,157
منيرة القحطاني,قلوريز,الرياض,مفقودون,1,59.0,2026-05-05,158
تركي السبيعي,قلوريز,تبوك,مفقودون,1,59.0,2026-04-24,169
فهد الزهراني,قلوريز,الدمام,جدد واعدون,1,55.0,2026-10-10,0
شهد العنزي,قلوريز,الرياض,جدد واعدون,1,55.0,2026-10-09,1
سارة الشهري,قلوريز,مكة,جدد واعدون,1,55.0,2026-10-08,2
دانة البقمي,قلوريز,الرياض,جدد واعدون,1,55.0,2026-10-07,3
رهف الدوسري,قلوريز,تبوك,جدد واعدون,1,55.0,2026-10-06,4
عبير الزهراني,قلوريز,الخبر,جدد واعدون,1,55.0,2026-10-05,5
محمد الزهراني,قلوريز,الخبر,جدد واعدون,1,55.0,2026-10-04,6
ريم المطيري,قلوريز,جدة,جدد واعدون,1,55.0,2026-10-02,8
هند الحربي,قلوريز,جدة,جدد واعدون,1,55.0,2026-10-02,8
سلطان العنزي,قلوريز,مكة,جدد واعدون,1,55.0,2026-09-30,10
غادة السالم,قلوريز,الرياض,جدد واعدون,1,55.0,2026-09-29,11
شهد العتيبي,قلوريز,جدة,جدد واعدون,1,55.0,2026-09-29,11
راكان العنزي,قلوريز,القصيم,جدد واعدون,1,55.0,2026-09-28,12
بندر الجهني,قلوريز,الرياض,جدد واعدون,1,55.0,2026-09-27,13
عبير السالم,قلوريز,الرياض,جدد واعدون,1,55.0,2026-09-25,15
غادة السبيعي,قلوريز,جدة,جدد واعدون,1,55.0,2026-09-25,15
سارة الدوسري,قلوريز,جدة,جدد واعدون,1,55.0,2026-09-25,15
سلطان الحربي,قلوريز,مكة,جدد واعدون,1,55.0,2026-09-21,19
ماجد الشمري,قلوريز,جدة,جدد واعدون,1,55.0,2026-09-18,22
عبير الشمري,قلوريز,الرياض,جدد واعدون,1,55.0,2026-09-17,23
تركي الشمري,قلوريز,الرياض,جدد واعدون,1,55.0,2026-09-14,26
راكان الشمري,قلوريز,أبها,يحتاجون اهتمام,1,55.0,2026-09-07,33
خالد الرشيدي,قلوريز,الرياض,يحتاجون اهتمام,1,55.0,2026-09-06,34
منيرة الدوسري,قلوريز,جدة,يحتاجون اهتمام,1,55.0,2026-08-29,42
منيرة الغامدي,قلوريز,جدة,يحتاجون اهتمام,1,55.0,2026-08-26,45
أمل الحربي,قلوريز,جدة,يحتاجون اهتمام,1,55.0,2026-08-26,45
نايف المالكي,قلوريز,الخبر,يحتاجون اهتمام,1,55.0,2026-08-24,47
منيرة القحطاني,قلوريز,جدة,يحتاجون اهتمام,1,55.0,2026-08-24,47
ريم الشهري,قلوريز,جدة,يحتاجون اهتمام,1,55.0,2026-08-23,48
محمد القحطاني,قلوريز,المدينة,يحتاجون اهتمام,1,55.0,2026-08-22,49
شهد الحربي,قلوريز,المدينة,يحتاجون اهتمام,1,55.0,2026-08-21,50
رهف الدوسري,قلوريز,القصيم,يحتاجون اهتمام,1,55.0,2026-08-18,53
عبدالله القحطاني,قلوريز,مكة,يحتاجون اهتمام,1,55.0,2026-08-17,54
عبير الزهراني,قلوريز,جدة,يحتاجون اهتمام,1,55.0,2026-08-17,54
هند السالم,قلوريز,جدة,يحتاجون اهتمام,1,55.0,2026-08-16,55
محمد السالم,قلوريز,الرياض,يحتاجون اهتمام,1,55.0,2026-08-16,55
لمى السالم,قلوريز,المدينة,يحتاجون اهتمام,1,55.0,2026-08-15,56
رهف الشمري,قلوريز,الرياض,يحتاجون اهتمام,1,55.0,2026-08-13,58
سلطان الزهراني,قلوريز,الرياض,يحتاجون اهتمام,1,55.0,2026-08-10,61
خالد الشمري,قلوريز,جدة,يحتاجون اهتمام,1,55.0,2026-08-10,61
نورة الشمري,قلوريز,المدينة,يحتاجون اهتمام,1,55.0,2026-08-10,61
رهف العتيبي,قلوريز,الخبر,يحتاجون اهتمام,1,55.0,2026-08-06,65
بندر السبيعي,قلوريز,الدمام,يحتاجون اهتمام,1,55.0,2026-08-05,66
عبدالله الرشيدي,قلوريز,جدة,يحتاجون اهتمام,1,55.0,2026-08-04,67
ريم المطيري,قلوريز,أبها,يحتاجون اهتمام,1,55.0,2026-08-04,67
منيرة الجهني,قلوريز,الدمام,يحتاجون اهتمام,1,55.0,2026-08-01,70
ياسر السبيعي,قلوريز,الرياض,يحتاجون اهتمام,1,55.0,2026-08-01,70
منيرة الجهني,قلوريز,مكة,يحتاجون اهتمام,1,55.0,2026-07-30,72
ياسر الغامدي,قلوريز,الدمام,يحتاجون اهتمام,1,55.0,2026-07-20,82
فهد القحطاني,قلوريز,القصيم,يحتاجون اهتمام,1,55.0,2026-07-17,85
لمى الجهني,قلوريز,مكة,يحتاجون اهتمام,1,55.0,2026-07-15,87
راكان الشهري,قلوريز,الرياض,يحتاجون اهتمام,1,55.0,2026-07-15,87
جود الغامدي,قلوريز,جدة,يحتاجون اهتمام,1,55.0,2026-07-13,89
هند الرشيدي,قلوريز,جدة,يحتاجون اهتمام,1,55.0,2026-07-10,92
ماجد الحربي,قلوريز,الرياض,يحتاجون اهتمام,1,55.0,2026-07-10,92
شهد القحطاني,قلوريز,جدة,يحتاجون اهتمام,1,55.0,2026-07-08,94
تركي العنزي,قلوريز,جدة,يحتاجون اهتمام,1,55.0,2026-07-02,100
نورة المطيري,قلوريز,جدة,يحتاجون اهتمام,1,55.0,2026-06-21,111
تركي المطيري,قلوريز,جدة,يحتاجون اهتمام,1,55.0,2026-06-20,112
لمى الرشيدي,قلوريز,تبوك,يحتاجون اهتمام,1,55.0,2026-06-19,113
نورة الزهراني,قلوريز,مكة,يحتاجون اهتمام,1,55.0,2026-06-17,115
هند العتيبي,قلوريز,جدة,مفقودون,1,55.0,2026-06-11,121
فهد الجهني,قلوريز,الرياض,مفقودون,1,55.0,2026-06-08,124
منيرة الدوسري,قلوريز,الرياض,مفقودون,1,55.0,2026-06-05,127
فهد الرشيدي,قلوريز,الرياض,مفقودون,1,55.0,2026-06-03,129
فهد المطيري,قلوريز,الرياض,مفقودون,1,55.0,2026-06-03,129
رهف الغامدي,قلوريز,الرياض,مفقودون,1,55.0,2026-06-02,130
عبير الحربي,قلوريز,جدة,مفقودون,1,55.0,2026-05-26,137
أمل الشهري,قلوريز,الرياض,مفقودون,1,55.0,2026-05-23,140
تركي الرشيدي,قلوريز,الرياض,مفقودون,1,55.0,2026-05-21,142
شهد المالكي,قلوريز,المدينة,مفقودون,1,55.0,2026-05-19,144
راكان المطيري,قلوريز,الدمام,مفقودون,1,55.0,2026-05-17,146
خالد السبيعي,قلوريز,الدمام,مفقودون,1,55.0,2026-05-09,154
تركي السالم,قلوريز,الرياض,جدد واعدون,1,53.0,2026-10-08,2
أمل الشهري,قلوريز,الخبر,جدد واعدون,1,53.0,2026-10-07,3
ماجد الرشيدي,قلوريز,مكة,جدد واعدون,1,53.0,2026-09-28,12
منيرة الرشيدي,قلوريز,الرياض,جدد واعدون,1,53.0,2026-09-26,14
شهد الزهراني,قلوريز,جدة,جدد واعدون,1,53.0,2026-09-17,23
خالد العنزي,قلوريز,مكة,يحتاجون اهتمام,1,53.0,2026-09-05,35
عبدالله المطيري,قلوريز,القصيم,يحتاجون اهتمام,1,53.0,2026-08-09,62
ريم السبيعي,قلوريز,الخبر,يحتاجون اهتمام,1,53.0,2026-08-07,64
فهد الحربي,قلوريز,الرياض,مفقودون,1,53.0,2026-06-10,122
ماجد المالكي,قلوريز,الرياض,جدد واعدون,1,51.0,2026-09-17,23
ياسر العتيبي,قلوريز,جدة,جدد واعدون,1,51.0,2026-09-13,27
عبير السالم,قلوريز,جدة,يحتاجون اهتمام,1,51.0,2026-09-07,33
غادة الرشيدي,قلوريز,مكة,يحتاجون اهتمام,1,51.0,2026-08-29,42
بندر السالم,قلوريز,مكة,يحتاجون اهتمام,1,51.0,2026-08-29,42
نايف الشهري,قلوريز,الخبر,يحتاجون اهتمام,1,51.0,2026-08-28,43
فهد الدوسري,قلوريز,جدة,يحتاجون اهتمام,1,51.0,2026-08-24,47
دانة السبيعي,قلوريز,الرياض,يحتاجون اهتمام,1,51.0,2026-08-17,54
غادة المالكي,قلوريز,المدينة,يحتاجون اهتمام,1,51.0,2026-07-30,72
نايف المطيري,قلوريز,تبوك,يحتاجون اهتمام,1,51.0,2026-06-15,117
دانة المالكي,قلوريز,أبها,مفقودون,1,51.0,2026-06-02,130
محمد الحربي,قلوريز,مكة,مفقودون,1,51.0,2026-05-23,140
سلطان الزهراني,قلوريز,الرياض,مفقودون,1,51.0,2026-05-21,142
منيرة الشهري,قلوريز,الرياض,مفقودون,1,51.0,2026-05-06,157
بندر الدوسري,قلوريز,أبها,جدد واعدون,1,50.0,2026-09-30,10
جود العتيبي,قلوريز,القصيم,جدد واعدون,1,50.0,2026-09-25,15
تركي الجهني,قلوريز,الدمام,جدد واعدون,1,50.0,2026-09-23,17
هند الشهري,قلوريز,الدمام,جدد واعدون,1,50.0,2026-09-10,30
سلطان الشمري,قلوريز,جدة,يحتاجون اهتمام,1,50.0,2026-09-08,32
منيرة العنزي,قلوريز,تبوك,يحتاجون اهتمام,1,50.0,2026-09-06,34
محمد الشهري,قلوريز,جدة,يحتاجون اهتمام,1,50.0,2026-09-05,35
عبير الرشيدي,قلوريز,الرياض,يحتاجون اهتمام,1,50.0,2026-08-22,49
أمل الجهني,قلوريز,جدة,يحتاجون اهتمام,1,50.0,2026-08-08,63
بندر البقمي,قلوريز,الدمام,يحتاجون اهتمام,1,50.0,2026-08-06,65
شهد الجهني,قلوريز,الدمام,مفقودون,1,50.0,2026-06-11,121
عبير الرشيدي,قلوريز,القصيم,مفقودون,1,50.0,2026-06-10,122
محمد البقمي,قلوريز,مكة,مفقودون,1,50.0,2026-06-08,124
عبدالله الحربي,قلوريز,جدة,مفقودون,1,50.0,2026-05-15,148
محمد الجهني,قلوريز,الرياض,جدد واعدون,1,48.0,2026-09-24,16
تركي البقمي,قلوريز,الدمام,جدد واعدون,1,48.0,2026-09-16,24
أمل الدوسري,قلوريز,جدة,جدد واعدون,1,48.0,2026-09-12,28
ياسر العنزي,قلوريز,الرياض,يحتاجون اهتمام,1,48.0,2026-07-25,77
سلطان الحربي,قلوريز,الخبر,يحتاجون اهتمام,1,48.0,2026-07-24,78
هند المطيري,قلوريز,الرياض,يحتاجون اهتمام,1,48.0,2026-06-27,105
جود السالم,قلوريز,جدة,مفقودون,1,48.0,2026-05-07,156
هند البقمي,قلوريز,جدة,مفقودون,1,48.0,2026-04-28,165
